timestamp,x,y,z,residual_rms,mean_cc_max,n_receivers,receiver_ids,receiver_files,receiver_locations,inside_hull,within_15m_of_hull,buffer_category,timestamp_match,clip_idx,clip_path,clip_exists,timestamp_pdt,tsne_2d_x,tsne_2d_y,tsne_3d_x,tsne_3d_y,tsne_3d_z,cluster_hdbscan_3,cluster_hdbscan_7,cluster_kmeans
2025-06-15 18:39:31.500000+00:00,306170.096927796,5466392.250377864,657.86833508998,0.0846769741102665,0.2468669336289167,5,"[""C6"", ""D6"", ""B5"", ""C7"", ""D7""]","[""/media/UofA/BU_Work/BayneLabWorkSpace/Katrine_workspace/AudioMothSync/OKLG-8-Sync2/OKLG-8-C6/OKLG-8-C6_20250615_183000.WAV"", ""/media/UofA/BU_Work/BayneLabWorkSpace/Katrine_workspace/AudioMothSync/OKLG-8-Sync2/OKLG-8-D6/OKLG-8-D6_20250615_183000.WAV"", ""/media/UofA/BU_Work/BayneLabWorkSpace/Katrine_workspace/AudioMothSync/OKLG-8-Sync2/OKLG-8-B5/OKLG-8-B5_20250615_183000.WAV"", ""/media/UofA/BU_Work/BayneLabWorkSpace/Katrine_workspace/AudioMothSync/OKLG-8-Sync2/OKLG-8-C7/OKLG-8-C7_20250615_183000.WAV"", ""/media/UofA/BU_Work/BayneLabWorkSpace/Katrine_workspace/AudioMothSync/OKLG-8-Sync2/OKLG-8-D7/OKLG-8-D7_20250615_183000.WAV""]","[[306148.1571, 5466410.403, 660.6896], [306182.7549, 5466414.233, 658.2178], [306111.1537, 5466446.859, 669.597], [306149.2931, 5466377.298, 652.462], [306182.4104, 5466378.292, 650.5595]]",True,True,inside_10m,2025-06-15 18:39:31.500,1248,/media/UofA/BU_Work/BayneLabWorkSpace/Katrine_workspace/Localization_per_day/OKLG-8-20250615/minspec_clips/1248.wav,True,2025-06-15 11:39:31.500,-3.2715738,4.703887,-2.5729985,-2.885979,1.2467427,-1,8,0
2025-06-15 12:05:52+00:00,306247.8741175409,5466521.033156542,676.8219119064079,0.648009161775467,0.2242213570409351,9,"[""E3"", ""E2"", ""F2"", ""D2"", ""F4"", ""D3"", ""E4"", ""F3"", ""D4""]","[""/media/UofA/BU_Work/BayneLabWorkSpace/Katrine_workspace/AudioMothSync/OKLG-8-Sync2/OKLG-8-E3/OKLG-8-E3_20250615_113000.WAV"", ""/media/UofA/BU_Work/BayneLabWorkSpace/Katrine_workspace/AudioMothSync/OKLG-8-Sync2/OKLG-8-E2/OKLG-8-E2_20250615_113000.WAV"", ""/media/UofA/BU_Work/BayneLabWorkSpace/Katrine_workspace/AudioMothSync/OKLG-8-Sync2/OKLG-8-F2/OKLG-8-F2_20250615_113000.WAV"", ""/media/UofA/BU_Work/BayneLabWorkSpace/Katrine_workspace/AudioMothSync/OKLG-8-Sync2/OKLG-8-D2/OKLG-8-D2_20250615_113000.WAV"", ""/media/UofA/BU_Work/BayneLabWorkSpace/Katrine_workspace/AudioMothSync/OKLG-8-Sync2/OKLG-8-F4/OKLG-8-F4_20250615_113000.WAV"", ""/media/UofA/BU_Work/BayneLabWorkSpace/Katrine_workspace/AudioMothSync/OKLG-8-Sync2/OKLG-8-D3/OKLG-8-D3_20250615_113000.WAV"", ""/media/UofA/BU_Work/BayneLabWorkSpace/Katrine_workspace/AudioMothSync/OKLG-8-Sync2/OKLG-8-E4/OKLG-8-E4_20250615_113000.WAV"", ""/media/UofA/BU_Work/BayneLabWorkSpace/Katrine_workspace/AudioMothSync/OKLG-8-Sync2/OKLG-8-F3/OKLG-8-F3_20250615_113000.WAV"", ""/media/UofA/BU_Work/BayneLabWorkSpace/Katrine_workspace/AudioMothSync/OKLG-8-Sync2/OKLG-8-D4/OKLG-8-D4_20250615_113000.WAV""]","[[306217.233, 5466515.538, 675.7704], [306217.0531, 5466551.09, 683.3621], [306252.7451, 5466552.269, 682.6024], [306182.8221, 5466554.969, 686.2647], [306250.9492, 5466481.06, 668.1608], [306182.3222, 5466520.693, 678.7913], [306216.821, 5466481.42, 669.0224], [306250.0248, 5466517.354, 676.9194], [306181.8788, 5466484.067, 671.3749]]",True,True,inside_10m,2025-06-15 12:05:52.000,150,/media/UofA/BU_Work/BayneLabWorkSpace/Katrine_workspace/Localization_per_day/OKLG-8-20250615/minspec_clips/150.wav,True,2025-06-15 05:05:52.000,9.3421335,-9.432996,5.8030434,3.0472777,4.2141714,13,4,4
2025-06-15 11:50:28+00:00,306178.7929831716,5466478.821950275,670.3979645187102,0.7029116540222456,0.1620236982125789,8,"[""C3"", ""B3"", ""D2"", ""B4"", ""D4"", ""C4"", ""C2"", ""D3""]","[""/media/UofA/BU_Work/BayneLabWorkSpace/Katrine_workspace/AudioMothSync/OKLG-8-Sync2/OKLG-8-C3/OKLG-8-C3_20250615_113000.WAV"", ""/media/UofA/BU_Work/BayneLabWorkSpace/Katrine_workspace/AudioMothSync/OKLG-8-Sync2/OKLG-8-B3/OKLG-8-B3_20250615_113000.WAV"", ""/media/UofA/BU_Work/BayneLabWorkSpace/Katrine_workspace/AudioMothSync/OKLG-8-Sync2/OKLG-8-D2/OKLG-8-D2_20250615_113000.WAV"", ""/media/UofA/BU_Work/BayneLabWorkSpace/Katrine_workspace/AudioMothSync/OKLG-8-Sync2/OKLG-8-B4/OKLG-8-B4_20250615_113000.WAV"", ""/media/UofA/BU_Work/BayneLabWorkSpace/Katrine_workspace/AudioMothSync/OKLG-8-Sync2/OKLG-8-D4/OKLG-8-D4_20250615_113000.WAV"", ""/media/UofA/BU_Work/BayneLabWorkSpace/Katrine_workspace/AudioMothSync/OKLG-8-Sync2/OKLG-8-C4/OKLG-8-C4_20250615_113000.WAV"", ""/media/UofA/BU_Work/BayneLabWorkSpace/Katrine_workspace/AudioMothSync/OKLG-8-Sync2/OKLG-8-C2/OKLG-8-C2_20250615_113000.WAV"", ""/media/UofA/BU_Work/BayneLabWorkSpace/Katrine_workspace/AudioMothSync/OKLG-8-Sync2/OKLG-8-D3/OKLG-8-D3_20250615_113000.WAV""]","[[306147.4214, 5466515.236, 678.7817], [306110.3586, 5466518.038, 679.7918], [306182.8221, 5466554.969, 686.2647], [306111.0449, 5466482.88, 674.4223], [306181.8788, 5466484.067, 671.3749], [306146.9112, 5466480.896, 672.6855], [306145.8727, 5466552.258, 686.3517], [306182.3222, 5466520.693, 678.7913]]",False,True,inside_10m,2025-06-15 11:50:28.000,96,/media/UofA/BU_Work/BayneLabWorkSpace/Katrine_workspace/Localization_per_day/OKLG-8-20250615/minspec_clips/96.wav,True,2025-06-15 04:50:28.000,8.152423,-8.033224,4.4461913,3.725576,2.5716598,-1,4,4
2025-06-15 15:26:19.500000+00:00,306248.28063091973,5466521.30548031,676.9811602223862,0.3656860845735069,0.2008777452366692,7,"[""F2"", ""F3"", ""E2"", ""G3"", ""E3"", ""E1"", ""F1""]","[""/media/UofA/BU_Work/BayneLabWorkSpace/Katrine_workspace/AudioMothSync/OKLG-8-Sync2/OKLG-8-F2/OKLG-8-F2_20250615_150000.WAV"", ""/media/UofA/BU_Work/BayneLabWorkSpace/Katrine_workspace/AudioMothSync/OKLG-8-Sync2/OKLG-8-F3/OKLG-8-F3_20250615_150000.WAV"", ""/media/UofA/BU_Work/BayneLabWorkSpace/Katrine_workspace/AudioMothSync/OKLG-8-Sync2/OKLG-8-E2/OKLG-8-E2_20250615_150000.WAV"", ""/media/UofA/BU_Work/BayneLabWorkSpace/Katrine_workspace/AudioMothSync/OKLG-8-Sync2/OKLG-8-G3/OKLG-8-G3_20250615_150000.WAV"", ""/media/UofA/BU_Work/BayneLabWorkSpace/Katrine_workspace/AudioMothSync/OKLG-8-Sync2/OKLG-8-E3/OKLG-8-E3_20250615_150000.WAV"", ""/media/UofA/BU_Work/BayneLabWorkSpace/Katrine_workspace/AudioMothSync/OKLG-8-Sync2/OKLG-8-E1/OKLG-8-E1_20250615_150000.WAV"", ""/media/UofA/BU_Work/BayneLabWorkSpace/Katrine_workspace/AudioMothSync/OKLG-8-Sync2/OKLG-8-F1/OKLG-8-F1_20250615_150000.WAV""]","[[306252.7451, 5466552.269, 682.6024], [306250.0248, 5466517.354, 676.9194], [306217.0531, 5466551.09, 683.3621], [306286.6237, 5466518.56, 675.3752], [306217.233, 5466515.538, 675.7704], [306217.3318, 5466587.32, 691.8683], [306254.0111, 5466588.298, 690.7812]]",True,True,inside_10m,2025-06-15 15:26:19.500,894,/media/UofA/BU_Work/BayneLabWorkSpace/Katrine_workspace/Localization_per_day/OKLG-8-20250615/minspec_clips/894.wav,True,2025-06-15 08:26:19.500,9.935439,5.737323,-4.257073,0.6679502,6.1677127,17,10,5
2025-06-15 12:04:40+00:00,306247.8860657594,5466520.938115664,676.9609587608398,0.5449694888773498,0.2156956316903233,8,"[""E3"", ""F3"", ""E4"", ""D3"", ""D2"", ""F2"", ""F4"", ""E2""]","[""/media/UofA/BU_Work/BayneLabWorkSpace/Katrine_workspace/AudioMothSync/OKLG-8-Sync2/OKLG-8-E3/OKLG-8-E3_20250615_113000.WAV"", ""/media/UofA/BU_Work/BayneLabWorkSpace/Katrine_workspace/AudioMothSync/OKLG-8-Sync2/OKLG-8-F3/OKLG-8-F3_20250615_113000.WAV"", ""/media/UofA/BU_Work/BayneLabWorkSpace/Katrine_workspace/AudioMothSync/OKLG-8-Sync2/OKLG-8-E4/OKLG-8-E4_20250615_113000.WAV"", ""/media/UofA/BU_Work/BayneLabWorkSpace/Katrine_workspace/AudioMothSync/OKLG-8-Sync2/OKLG-8-D3/OKLG-8-D3_20250615_113000.WAV"", ""/media/UofA/BU_Work/BayneLabWorkSpace/Katrine_workspace/AudioMothSync/OKLG-8-Sync2/OKLG-8-D2/OKLG-8-D2_20250615_113000.WAV"", ""/media/UofA/BU_Work/BayneLabWorkSpace/Katrine_workspace/AudioMothSync/OKLG-8-Sync2/OKLG-8-F2/OKLG-8-F2_20250615_113000.WAV"", ""/media/UofA/BU_Work/BayneLabWorkSpace/Katrine_workspace/AudioMothSync/OKLG-8-Sync2/OKLG-8-F4/OKLG-8-F4_20250615_113000.WAV"", ""/media/UofA/BU_Work/BayneLabWorkSpace/Katrine_workspace/AudioMothSync/OKLG-8-Sync2/OKLG-8-E2/OKLG-8-E2_20250615_113000.WAV""]","[[306217.233, 5466515.538, 675.7704], [306250.0248, 5466517.354, 676.9194], [306216.821, 5466481.42, 669.0224], [306182.3222, 5466520.693, 678.7913], [306182.8221, 5466554.969, 686.2647], [306252.7451, 5466552.269, 682.6024], [306250.9492, 5466481.06, 668.1608], [306217.0531, 5466551.09, 683.3621]]",True,True,inside_10m,2025-06-15 12:04:40.000,146,/media/UofA/BU_Work/BayneLabWorkSpace/Katrine_workspace/Localization_per_day/OKLG-8-20250615/minspec_clips/146.wav,True,2025-06-15 05:04:40.000,-8.026886,-11.991909,9.420216,-2.883461,-0.7672268,10,1,2
2025-06-15 18:49:22+00:00,306171.4709855815,5466418.848348718,659.4697840177892,0.1239609351897321,0.176938199205324,8,"[""D5"", ""C4"", ""C5"", ""D4"", ""C6"", ""D6"", ""E6"", ""E5""]","[""/media/UofA/BU_Work/BayneLabWorkSpace/Katrine_workspace/AudioMothSync/OKLG-8-Sync2/OKLG-8-D5/OKLG-8-D5_20250615_183000.WAV"", ""/media/UofA/BU_Work/BayneLabWorkSpace/Katrine_workspace/AudioMothSync/OKLG-8-Sync2/OKLG-8-C4/OKLG-8-C4_20250615_183000.WAV"", ""/media/UofA/BU_Work/BayneLabWorkSpace/Katrine_workspace/AudioMothSync/OKLG-8-Sync2/OKLG-8-C5/OKLG-8-C5_20250615_183000.WAV"", ""/media/UofA/BU_Work/BayneLabWorkSpace/Katrine_workspace/AudioMothSync/OKLG-8-Sync2/OKLG-8-D4/OKLG-8-D4_20250615_183000.WAV"", ""/media/UofA/BU_Work/BayneLabWorkSpace/Katrine_workspace/AudioMothSync/OKLG-8-Sync2/OKLG-8-C6/OKLG-8-C6_20250615_183000.WAV"", ""/media/UofA/BU_Work/BayneLabWorkSpace/Katrine_workspace/AudioMothSync/OKLG-8-Sync2/OKLG-8-D6/OKLG-8-D6_20250615_183000.WAV"", ""/media/UofA/BU_Work/BayneLabWorkSpace/Katrine_workspace/AudioMothSync/OKLG-8-Sync2/OKLG-8-E6/OKLG-8-E6_20250615_183000.WAV"", ""/media/UofA/BU_Work/BayneLabWorkSpace/Katrine_workspace/AudioMothSync/OKLG-8-Sync2/OKLG-8-E5/OKLG-8-E5_20250615_183000.WAV""]","[[306182.6993, 5466449.16, 664.3166], [306146.9112, 5466480.896, 672.6855], [306147.3596, 5466445.666, 666.7585], [306181.8788, 5466484.067, 671.3749], [306148.1571, 5466410.403, 660.6896], [306182.7549, 5466414.233, 658.2178], [306218.2784, 5466411.837, 654.7701], [306217.4541, 5466446.981, 661.48]]",True,True,inside_10m,2025-06-15 18:49:22.000,1294,/media/UofA/BU_Work/BayneLabWorkSpace/Katrine_workspace/Localization_per_day/OKLG-8-20250615/minspec_clips/1294.wav,True,2025-06-15 11:49:22.000,-6.173713,7.932188,-2.149964,-6.603105,1.5432154,23,8,11
2025-06-15 11:38:04+00:00,306182.3129540017,5466382.878345726,652.6411353812996,4.784191536241501,0.2164676051586866,5,"[""C6"", ""C5"", ""D7"", ""B5"", ""B7""]","[""/media/UofA/BU_Work/BayneLabWorkSpace/Katrine_workspace/AudioMothSync/OKLG-8-Sync2/OKLG-8-C6/OKLG-8-C6_20250615_113000.WAV"", ""/media/UofA/BU_Work/BayneLabWorkSpace/Katrine_workspace/AudioMothSync/OKLG-8-Sync2/OKLG-8-C5/OKLG-8-C5_20250615_113000.WAV"", ""/media/UofA/BU_Work/BayneLabWorkSpace/Katrine_workspace/AudioMothSync/OKLG-8-Sync2/OKLG-8-D7/OKLG-8-D7_20250615_113000.WAV"", ""/media/UofA/BU_Work/BayneLabWorkSpace/Katrine_workspace/AudioMothSync/OKLG-8-Sync2/OKLG-8-B5/OKLG-8-B5_20250615_113000.WAV"", ""/media/UofA/BU_Work/BayneLabWorkSpace/Katrine_workspace/AudioMothSync/OKLG-8-Sync2/OKLG-8-B7/OKLG-8-B7_20250615_113000.WAV""]","[[306148.1571, 5466410.403, 660.6896], [306147.3596, 5466445.666, 666.7585], [306182.4104, 5466378.292, 650.5595], [306111.1537, 5466446.859, 669.597], [306110.1539, 5466376.762, 653.4109]]",False,True,between_10_15m,2025-06-15 11:38:04.000,39,/media/UofA/BU_Work/BayneLabWorkSpace/Katrine_workspace/Localization_per_day/OKLG-8-20250615/minspec_clips/39.wav,True,2025-06-15 04:38:04.000,0.5756066,6.250576,-1.6853397,1.0598674,-2.2090619,15,9,6
2025-06-15 18:46:25.500000+00:00,306170.8687819564,5466390.682760411,663.1847243575684,0.0153410210129186,0.3209928926080465,4,"[""C6"", ""C7"", ""D6"", ""D7""]","[""/media/UofA/BU_Work/BayneLabWorkSpace/Katrine_workspace/AudioMothSync/OKLG-8-Sync2/OKLG-8-C6/OKLG-8-C6_20250615_183000.WAV"", ""/media/UofA/BU_Work/BayneLabWorkSpace/Katrine_workspace/AudioMothSync/OKLG-8-Sync2/OKLG-8-C7/OKLG-8-C7_20250615_183000.WAV"", ""/media/UofA/BU_Work/BayneLabWorkSpace/Katrine_workspace/AudioMothSync/OKLG-8-Sync2/OKLG-8-D6/OKLG-8-D6_20250615_183000.WAV"", ""/media/UofA/BU_Work/BayneLabWorkSpace/Katrine_workspace/AudioMothSync/OKLG-8-Sync2/OKLG-8-D7/OKLG-8-D7_20250615_183000.WAV""]","[[306148.1571, 5466410.403, 660.6896], [306149.2931, 5466377.298, 652.462], [306182.7549, 5466414.233, 658.2178], [306182.4104, 5466378.292, 650.5595]]",True,True,inside_10m,2025-06-15 18:46:25.500,1282,/media/UofA/BU_Work/BayneLabWorkSpace/Katrine_workspace/Localization_per_day/OKLG-8-20250615/minspec_clips/1282.wav,True,2025-06-15 11:46:25.500,-6.453919,0.3740444,-3.169372,-2.6977012,-4.0988774,11,7,7
2025-06-15 18:04:40+00:00,306235.8078756974,5466577.295482802,691.9811873603273,0.0192074551959292,0.3467459082603454,4,"[""E1"", ""E2"", ""F2"", ""F1""]","[""/media/UofA/BU_Work/BayneLabWorkSpace/Katrine_workspace/AudioMothSync/OKLG-8-Sync2/OKLG-8-E1/OKLG-8-E1_20250615_180000.WAV"", ""/media/UofA/BU_Work/BayneLabWorkSpace/Katrine_workspace/AudioMothSync/OKLG-8-Sync2/OKLG-8-E2/OKLG-8-E2_20250615_180000.WAV"", ""/media/UofA/BU_Work/BayneLabWorkSpace/Katrine_workspace/AudioMothSync/OKLG-8-Sync2/OKLG-8-F2/OKLG-8-F2_20250615_180000.WAV"", ""/media/UofA/BU_Work/BayneLabWorkSpace/Katrine_workspace/AudioMothSync/OKLG-8-Sync2/OKLG-8-F1/OKLG-8-F1_20250615_180000.WAV""]","[[306217.3318, 5466587.32, 691.8683], [306217.0531, 5466551.09, 683.3621], [306252.7451, 5466552.269, 682.6024], [306254.0111, 5466588.298, 690.7812]]",True,True,inside_10m,2025-06-15 18:04:40.000,1201,/media/UofA/BU_Work/BayneLabWorkSpace/Katrine_workspace/Localization_per_day/OKLG-8-20250615/minspec_clips/1201.wav,True,2025-06-15 11:04:40.000,-6.1657257,-14.298761,7.978911,-1.8779035,-3.164737,10,1,2
2025-06-15 19:01:19.500000+00:00,306231.6419439267,5466451.968995509,663.0632669802451,0.1217419435276529,0.2042472241446375,6,"[""D4"", ""D5"", ""C3"", ""E3"", ""E4"", ""E5""]","[""/media/UofA/BU_Work/BayneLabWorkSpace/Katrine_workspace/AudioMothSync/OKLG-8-Sync2/OKLG-8-D4/OKLG-8-D4_20250615_183000.WAV"", ""/media/UofA/BU_Work/BayneLabWorkSpace/Katrine_workspace/AudioMothSync/OKLG-8-Sync2/OKLG-8-D5/OKLG-8-D5_20250615_183000.WAV"", ""/media/UofA/BU_Work/BayneLabWorkSpace/Katrine_workspace/AudioMothSync/OKLG-8-Sync2/OKLG-8-C3/OKLG-8-C3_20250615_183000.WAV"", ""/media/UofA/BU_Work/BayneLabWorkSpace/Katrine_workspace/AudioMothSync/OKLG-8-Sync2/OKLG-8-E3/OKLG-8-E3_20250615_183000.WAV"", ""/media/UofA/BU_Work/BayneLabWorkSpace/Katrine_workspace/AudioMothSync/OKLG-8-Sync2/OKLG-8-E4/OKLG-8-E4_20250615_183000.WAV"", ""/media/UofA/BU_Work/BayneLabWorkSpace/Katrine_workspace/AudioMothSync/OKLG-8-Sync2/OKLG-8-E5/OKLG-8-E5_20250615_183000.WAV""]","[[306181.8788, 5466484.067, 671.3749], [306182.6993, 5466449.16, 664.3166], [306147.4214, 5466515.236, 678.7817], [306217.233, 5466515.538, 675.7704], [306216.821, 5466481.42, 669.0224], [306217.4541, 5466446.981, 661.48]]",False,True,between_10_15m,2025-06-15 19:01:19.500,1301,/media/UofA/BU_Work/BayneLabWorkSpace/Katrine_workspace/Localization_per_day/OKLG-8-20250615/minspec_clips/1301.wav,True,2025-06-15 12:01:19.500,5.6954722,13.610252,-7.7100163,5.1380396,-0.53506535,5,5,10
2025-06-15 17:37:04+00:00,306247.9509054499,5466521.294044239,677.6432456122803,0.1015686503724615,0.2858808562159538,5,"[""F3"", ""E4"", ""E2"", ""E3"", ""F2""]","[""/media/UofA/BU_Work/BayneLabWorkSpace/Katrine_workspace/AudioMothSync/OKLG-8-Sync2/OKLG-8-F3/OKLG-8-F3_20250615_170000.WAV"", ""/media/UofA/BU_Work/BayneLabWorkSpace/Katrine_workspace/AudioMothSync/OKLG-8-Sync2/OKLG-8-E4/OKLG-8-E4_20250615_170000.WAV"", ""/media/UofA/BU_Work/BayneLabWorkSpace/Katrine_workspace/AudioMothSync/OKLG-8-Sync2/OKLG-8-E2/OKLG-8-E2_20250615_170000.WAV"", ""/media/UofA/BU_Work/BayneLabWorkSpace/Katrine_workspace/AudioMothSync/OKLG-8-Sync2/OKLG-8-E3/OKLG-8-E3_20250615_170000.WAV"", ""/media/UofA/BU_Work/BayneLabWorkSpace/Katrine_workspace/AudioMothSync/OKLG-8-Sync2/OKLG-8-F2/OKLG-8-F2_20250615_170000.WAV""]","[[306250.0248, 5466517.354, 676.9194], [306216.821, 5466481.42, 669.0224], [306217.0531, 5466551.09, 683.3621], [306217.233, 5466515.538, 675.7704], [306252.7451, 5466552.269, 682.6024]]",True,True,inside_10m,2025-06-15 17:37:04.000,1126,/media/UofA/BU_Work/BayneLabWorkSpace/Katrine_workspace/Localization_per_day/OKLG-8-20250615/minspec_clips/1126.wav,True,2025-06-15 10:37:04.000,-8.945434,-11.877218,9.443262,-4.2659736,-1.8389919,10,1,2
2025-06-15 12:48:31.500000+00:00,306247.2985243585,5466521.787129405,678.0303278152846,0.5484242178940337,0.2615336634218693,5,"[""G4"", ""F3"", ""F5"", ""G3"", ""F4""]","[""/media/UofA/BU_Work/BayneLabWorkSpace/Katrine_workspace/AudioMothSync/OKLG-8-Sync2/OKLG-8-G4/OKLG-8-G4_20250615_123000.WAV"", ""/media/UofA/BU_Work/BayneLabWorkSpace/Katrine_workspace/AudioMothSync/OKLG-8-Sync2/OKLG-8-F3/OKLG-8-F3_20250615_123000.WAV"", ""/media/UofA/BU_Work/BayneLabWorkSpace/Katrine_workspace/AudioMothSync/OKLG-8-Sync2/OKLG-8-F5/OKLG-8-F5_20250615_123000.WAV"", ""/media/UofA/BU_Work/BayneLabWorkSpace/Katrine_workspace/AudioMothSync/OKLG-8-Sync2/OKLG-8-G3/OKLG-8-G3_20250615_123000.WAV"", ""/media/UofA/BU_Work/BayneLabWorkSpace/Katrine_workspace/AudioMothSync/OKLG-8-Sync2/OKLG-8-F4/OKLG-8-F4_20250615_123000.WAV""]","[[306285.9765, 5466480.944, 666.9948], [306250.0248, 5466517.354, 676.9194], [306252.7138, 5466447.403, 661.4525], [306286.6237, 5466518.56, 675.3752], [306250.9492, 5466481.06, 668.1608]]",False,True,inside_10m,2025-06-15 12:48:31.500,287,/media/UofA/BU_Work/BayneLabWorkSpace/Katrine_workspace/Localization_per_day/OKLG-8-20250615/minspec_clips/287.wav,True,2025-06-15 05:48:31.500,-3.2645295,-17.847162,5.395983,0.40362597,-4.1637363,0,0,8
2025-06-15 15:27:40+00:00,306248.0653605539,5466521.170217392,677.742945807193,0.2190751396076078,0.2816093146800995,5,"[""F2"", ""E2"", ""F3"", ""G3"", ""E3""]","[""/media/UofA/BU_Work/BayneLabWorkSpace/Katrine_workspace/AudioMothSync/OKLG-8-Sync2/OKLG-8-F2/OKLG-8-F2_20250615_150000.WAV"", ""/media/UofA/BU_Work/BayneLabWorkSpace/Katrine_workspace/AudioMothSync/OKLG-8-Sync2/OKLG-8-E2/OKLG-8-E2_20250615_150000.WAV"", ""/media/UofA/BU_Work/BayneLabWorkSpace/Katrine_workspace/AudioMothSync/OKLG-8-Sync2/OKLG-8-F3/OKLG-8-F3_20250615_150000.WAV"", ""/media/UofA/BU_Work/BayneLabWorkSpace/Katrine_workspace/AudioMothSync/OKLG-8-Sync2/OKLG-8-G3/OKLG-8-G3_20250615_150000.WAV"", ""/media/UofA/BU_Work/BayneLabWorkSpace/Katrine_workspace/AudioMothSync/OKLG-8-Sync2/OKLG-8-E3/OKLG-8-E3_20250615_150000.WAV""]","[[306252.7451, 5466552.269, 682.6024], [306217.0531, 5466551.09, 683.3621], [306250.0248, 5466517.354, 676.9194], [306286.6237, 5466518.56, 675.3752], [306217.233, 5466515.538, 675.7704]]",True,True,inside_10m,2025-06-15 15:27:40.000,901,/media/UofA/BU_Work/BayneLabWorkSpace/Katrine_workspace/Localization_per_day/OKLG-8-20250615/minspec_clips/901.wav,True,2025-06-15 08:27:40.000,-4.1030116,-20.004541,6.491243,0.4704605,-6.653449,0,0,8
2025-06-15 12:49:25.500000+00:00,306248.1022968904,5466521.182327652,677.1177735338621,1.061380932933908,0.1996039838995784,8,"[""F2"", ""F1"", ""E1"", ""E2"", ""G3"", ""G1"", ""F3"", ""E3""]","[""/media/UofA/BU_Work/BayneLabWorkSpace/Katrine_workspace/AudioMothSync/OKLG-8-Sync2/OKLG-8-F2/OKLG-8-F2_20250615_123000.WAV"", ""/media/UofA/BU_Work/BayneLabWorkSpace/Katrine_workspace/AudioMothSync/OKLG-8-Sync2/OKLG-8-F1/OKLG-8-F1_20250615_123000.WAV"", ""/media/UofA/BU_Work/BayneLabWorkSpace/Katrine_workspace/AudioMothSync/OKLG-8-Sync2/OKLG-8-E1/OKLG-8-E1_20250615_123000.WAV"", ""/media/UofA/BU_Work/BayneLabWorkSpace/Katrine_workspace/AudioMothSync/OKLG-8-Sync2/OKLG-8-E2/OKLG-8-E2_20250615_123000.WAV"", ""/media/UofA/BU_Work/BayneLabWorkSpace/Katrine_workspace/AudioMothSync/OKLG-8-Sync2/OKLG-8-G3/OKLG-8-G3_20250615_123000.WAV"", ""/media/UofA/BU_Work/BayneLabWorkSpace/Katrine_workspace/AudioMothSync/OKLG-8-Sync2/OKLG-8-G1/OKLG-8-G1_20250615_123000.WAV"", ""/media/UofA/BU_Work/BayneLabWorkSpace/Katrine_workspace/AudioMothSync/OKLG-8-Sync2/OKLG-8-F3/OKLG-8-F3_20250615_123000.WAV"", ""/media/UofA/BU_Work/BayneLabWorkSpace/Katrine_workspace/AudioMothSync/OKLG-8-Sync2/OKLG-8-E3/OKLG-8-E3_20250615_123000.WAV""]","[[306252.7451, 5466552.269, 682.6024], [306254.0111, 5466588.298, 690.7812], [306217.3318, 5466587.32, 691.8683], [306217.0531, 5466551.09, 683.3621], [306286.6237, 5466518.56, 675.3752], [306287.4446, 5466588.531, 687.2285], [306250.0248, 5466517.354, 676.9194], [306217.233, 5466515.538, 675.7704]]",True,True,between_10_15m,2025-06-15 12:49:25.500,291,/media/UofA/BU_Work/BayneLabWorkSpace/Katrine_workspace/Localization_per_day/OKLG-8-20250615/minspec_clips/291.wav,True,2025-06-15 05:49:25.500,-3.8960485,-19.976305,5.952094,0.09414202,-6.563145,0,0,8
2025-06-15 15:48:16+00:00,306248.03094895266,5466521.347082609,676.9674141190808,0.2902859001221939,0.2893607566754023,6,"[""E3"", ""E2"", ""D2"", ""F3"", ""E4"", ""F2""]","[""/media/UofA/BU_Work/BayneLabWorkSpace/Katrine_workspace/AudioMothSync/OKLG-8-Sync2/OKLG-8-E3/OKLG-8-E3_20250615_153000.WAV"", ""/media/UofA/BU_Work/BayneLabWorkSpace/Katrine_workspace/AudioMothSync/OKLG-8-Sync2/OKLG-8-E2/OKLG-8-E2_20250615_153000.WAV"", ""/media/UofA/BU_Work/BayneLabWorkSpace/Katrine_workspace/AudioMothSync/OKLG-8-Sync2/OKLG-8-D2/OKLG-8-D2_20250615_153000.WAV"", ""/media/UofA/BU_Work/BayneLabWorkSpace/Katrine_workspace/AudioMothSync/OKLG-8-Sync2/OKLG-8-F3/OKLG-8-F3_20250615_153000.WAV"", ""/media/UofA/BU_Work/BayneLabWorkSpace/Katrine_workspace/AudioMothSync/OKLG-8-Sync2/OKLG-8-E4/OKLG-8-E4_20250615_153000.WAV"", ""/media/UofA/BU_Work/BayneLabWorkSpace/Katrine_workspace/AudioMothSync/OKLG-8-Sync2/OKLG-8-F2/OKLG-8-F2_20250615_153000.WAV""]","[[306217.233, 5466515.538, 675.7704], [306217.0531, 5466551.09, 683.3621], [306182.8221, 5466554.969, 686.2647], [306250.0248, 5466517.354, 676.9194], [306216.821, 5466481.42, 669.0224], [306252.7451, 5466552.269, 682.6024]]",True,True,inside_10m,2025-06-15 15:48:16.000,964,/media/UofA/BU_Work/BayneLabWorkSpace/Katrine_workspace/Localization_per_day/OKLG-8-20250615/minspec_clips/964.wav,True,2025-06-15 08:48:16.000,-2.9604914,-19.633696,4.8776855,0.7613461,-6.266098,0,0,8
2025-06-15 15:55:07.500000+00:00,306247.84307893977,5466521.253717438,677.5414566950807,0.3719691318728338,0.1783015458948082,9,"[""E4"", ""D5"", ""D4"", ""D3"", ""E5"", ""F5"", ""F3"", ""E3"", ""F4""]","[""/media/UofA/BU_Work/BayneLabWorkSpace/Katrine_workspace/AudioMothSync/OKLG-8-Sync2/OKLG-8-E4/OKLG-8-E4_20250615_153000.WAV"", ""/media/UofA/BU_Work/BayneLabWorkSpace/Katrine_workspace/AudioMothSync/OKLG-8-Sync2/OKLG-8-D5/OKLG-8-D5_20250615_153000.WAV"", ""/media/UofA/BU_Work/BayneLabWorkSpace/Katrine_workspace/AudioMothSync/OKLG-8-Sync2/OKLG-8-D4/OKLG-8-D4_20250615_153000.WAV"", ""/media/UofA/BU_Work/BayneLabWorkSpace/Katrine_workspace/AudioMothSync/OKLG-8-Sync2/OKLG-8-D3/OKLG-8-D3_20250615_153000.WAV"", ""/media/UofA/BU_Work/BayneLabWorkSpace/Katrine_workspace/AudioMothSync/OKLG-8-Sync2/OKLG-8-E5/OKLG-8-E5_20250615_153000.WAV"", ""/media/UofA/BU_Work/BayneLabWorkSpace/Katrine_workspace/AudioMothSync/OKLG-8-Sync2/OKLG-8-F5/OKLG-8-F5_20250615_153000.WAV"", ""/media/UofA/BU_Work/BayneLabWorkSpace/Katrine_workspace/AudioMothSync/OKLG-8-Sync2/OKLG-8-F3/OKLG-8-F3_20250615_153000.WAV"", ""/media/UofA/BU_Work/BayneLabWorkSpace/Katrine_workspace/AudioMothSync/OKLG-8-Sync2/OKLG-8-E3/OKLG-8-E3_20250615_153000.WAV"", ""/media/UofA/BU_Work/BayneLabWorkSpace/Katrine_workspace/AudioMothSync/OKLG-8-Sync2/OKLG-8-F4/OKLG-8-F4_20250615_153000.WAV""]","[[306216.821, 5466481.42, 669.0224], [306182.6993, 5466449.16, 664.3166], [306181.8788, 5466484.067, 671.3749], [306182.3222, 5466520.693, 678.7913], [306217.4541, 5466446.981, 661.48], [306252.7138, 5466447.403, 661.4525], [306250.0248, 5466517.354, 676.9194], [306217.233, 5466515.538, 675.7704], [306250.9492, 5466481.06, 668.1608]]",False,True,inside_10m,2025-06-15 15:55:07.500,994,/media/UofA/BU_Work/BayneLabWorkSpace/Katrine_workspace/Localization_per_day/OKLG-8-20250615/minspec_clips/994.wav,True,2025-06-15 08:55:07.500,-5.2808914,8.762689,-1.4475181,-6.4701805,2.3325765,-1,8,11
2025-06-15 17:48:58+00:00,306231.5504796908,5466452.048974294,662.3170906620092,0.2472374754773449,0.1975733949802816,8,"[""F4"", ""F3"", ""E5"", ""G4"", ""E4"", ""G3"", ""E3"", ""F5""]","[""/media/UofA/BU_Work/BayneLabWorkSpace/Katrine_workspace/AudioMothSync/OKLG-8-Sync2/OKLG-8-F4/OKLG-8-F4_20250615_173000.WAV"", ""/media/UofA/BU_Work/BayneLabWorkSpace/Katrine_workspace/AudioMothSync/OKLG-8-Sync2/OKLG-8-F3/OKLG-8-F3_20250615_173000.WAV"", ""/media/UofA/BU_Work/BayneLabWorkSpace/Katrine_workspace/AudioMothSync/OKLG-8-Sync2/OKLG-8-E5/OKLG-8-E5_20250615_173000.WAV"", ""/media/UofA/BU_Work/BayneLabWorkSpace/Katrine_workspace/AudioMothSync/OKLG-8-Sync2/OKLG-8-G4/OKLG-8-G4_20250615_173000.WAV"", ""/media/UofA/BU_Work/BayneLabWorkSpace/Katrine_workspace/AudioMothSync/OKLG-8-Sync2/OKLG-8-E4/OKLG-8-E4_20250615_173000.WAV"", ""/media/UofA/BU_Work/BayneLabWorkSpace/Katrine_workspace/AudioMothSync/OKLG-8-Sync2/OKLG-8-G3/OKLG-8-G3_20250615_173000.WAV"", ""/media/UofA/BU_Work/BayneLabWorkSpace/Katrine_workspace/AudioMothSync/OKLG-8-Sync2/OKLG-8-E3/OKLG-8-E3_20250615_173000.WAV"", ""/media/UofA/BU_Work/BayneLabWorkSpace/Katrine_workspace/AudioMothSync/OKLG-8-Sync2/OKLG-8-F5/OKLG-8-F5_20250615_173000.WAV""]","[[306250.9492, 5466481.06, 668.1608], [306250.0248, 5466517.354, 676.9194], [306217.4541, 5466446.981, 661.48], [306285.9765, 5466480.944, 666.9948], [306216.821, 5466481.42, 669.0224], [306286.6237, 5466518.56, 675.3752], [306217.233, 5466515.538, 675.7704], [306252.7138, 5466447.403, 661.4525]]",True,True,inside_10m,2025-06-15 17:48:58.000,1172,/media/UofA/BU_Work/BayneLabWorkSpace/Katrine_workspace/Localization_per_day/OKLG-8-20250615/minspec_clips/1172.wav,True,2025-06-15 10:48:58.000,-0.44088238,20.523771,-10.966631,-1.005025,-3.3927152,2,2,3
2025-06-15 17:50:40+00:00,306231.59574778413,5466452.19335329,661.8453639736513,0.0883033431301064,0.216437242925167,7,"[""E4"", ""E3"", ""F4"", ""F3"", ""F5"", ""D5"", ""E5""]","[""/media/UofA/BU_Work/BayneLabWorkSpace/Katrine_workspace/AudioMothSync/OKLG-8-Sync2/OKLG-8-E4/OKLG-8-E4_20250615_173000.WAV"", ""/media/UofA/BU_Work/BayneLabWorkSpace/Katrine_workspace/AudioMothSync/OKLG-8-Sync2/OKLG-8-E3/OKLG-8-E3_20250615_173000.WAV"", ""/media/UofA/BU_Work/BayneLabWorkSpace/Katrine_workspace/AudioMothSync/OKLG-8-Sync2/OKLG-8-F4/OKLG-8-F4_20250615_173000.WAV"", ""/media/UofA/BU_Work/BayneLabWorkSpace/Katrine_workspace/AudioMothSync/OKLG-8-Sync2/OKLG-8-F3/OKLG-8-F3_20250615_173000.WAV"", ""/media/UofA/BU_Work/BayneLabWorkSpace/Katrine_workspace/AudioMothSync/OKLG-8-Sync2/OKLG-8-F5/OKLG-8-F5_20250615_173000.WAV"", ""/media/UofA/BU_Work/BayneLabWorkSpace/Katrine_workspace/AudioMothSync/OKLG-8-Sync2/OKLG-8-D5/OKLG-8-D5_20250615_173000.WAV"", ""/media/UofA/BU_Work/BayneLabWorkSpace/Katrine_workspace/AudioMothSync/OKLG-8-Sync2/OKLG-8-E5/OKLG-8-E5_20250615_173000.WAV""]","[[306216.821, 5466481.42, 669.0224], [306217.233, 5466515.538, 675.7704], [306250.9492, 5466481.06, 668.1608], [306250.0248, 5466517.354, 676.9194], [306252.7138, 5466447.403, 661.4525], [306182.6993, 5466449.16, 664.3166], [306217.4541, 5466446.981, 661.48]]",True,True,inside_10m,2025-06-15 17:50:40.000,1182,/media/UofA/BU_Work/BayneLabWorkSpace/Katrine_workspace/Localization_per_day/OKLG-8-20250615/minspec_clips/1182.wav,True,2025-06-15 10:50:40.000,-1.0647687,21.084423,-10.189071,-1.2677603,-4.6775417,2,2,3
2025-06-15 15:51:16+00:00,306294.6380810688,5466373.440762405,645.2292426417279,0.24245307381307,0.2630008207634091,4,"[""F7"", ""G7"", ""G6"", ""E6""]","[""/media/UofA/BU_Work/BayneLabWorkSpace/Katrine_workspace/AudioMothSync/OKLG-8-Sync2/OKLG-8-F7/OKLG-8-F7_20250615_153000.WAV"", ""/media/UofA/BU_Work/BayneLabWorkSpace/Katrine_workspace/AudioMothSync/OKLG-8-Sync2/OKLG-8-G7/OKLG-8-G7_20250615_153000.WAV"", ""/media/UofA/BU_Work/BayneLabWorkSpace/Katrine_workspace/AudioMothSync/OKLG-8-Sync2/OKLG-8-G6/OKLG-8-G6_20250615_153000.WAV"", ""/media/UofA/BU_Work/BayneLabWorkSpace/Katrine_workspace/AudioMothSync/OKLG-8-Sync2/OKLG-8-E6/OKLG-8-E6_20250615_153000.WAV""]","[[306252.6819, 5466376.297, 646.3673], [306287.9498, 5466377.071, 646.1088], [306287.3906, 5466413.123, 652.3554], [306218.2784, 5466411.837, 654.7701]]",False,True,inside_10m,2025-06-15 15:51:16.000,979,/media/UofA/BU_Work/BayneLabWorkSpace/Katrine_workspace/Localization_per_day/OKLG-8-20250615/minspec_clips/979.wav,True,2025-06-15 08:51:16.000,3.873836,7.614104,-2.5650265,2.6586113,0.2923233,14,-1,6
2025-06-15 18:03:07.500000+00:00,306231.4026736376,5466452.142829373,661.4285729771084,0.1353118335754294,0.2375204946313585,7,"[""E5"", ""D4"", ""D6"", ""F4"", ""D5"", ""E4"", ""F5""]","[""/media/UofA/BU_Work/BayneLabWorkSpace/Katrine_workspace/AudioMothSync/OKLG-8-Sync2/OKLG-8-E5/OKLG-8-E5_20250615_173000.WAV"", ""/media/UofA/BU_Work/BayneLabWorkSpace/Katrine_workspace/AudioMothSync/OKLG-8-Sync2/OKLG-8-D4/OKLG-8-D4_20250615_173000.WAV"", ""/media/UofA/BU_Work/BayneLabWorkSpace/Katrine_workspace/AudioMothSync/OKLG-8-Sync2/OKLG-8-D6/OKLG-8-D6_20250615_173000.WAV"", ""/media/UofA/BU_Work/BayneLabWorkSpace/Katrine_workspace/AudioMothSync/OKLG-8-Sync2/OKLG-8-F4/OKLG-8-F4_20250615_173000.WAV"", ""/media/UofA/BU_Work/BayneLabWorkSpace/Katrine_workspace/AudioMothSync/OKLG-8-Sync2/OKLG-8-D5/OKLG-8-D5_20250615_173000.WAV"", ""/media/UofA/BU_Work/BayneLabWorkSpace/Katrine_workspace/AudioMothSync/OKLG-8-Sync2/OKLG-8-E4/OKLG-8-E4_20250615_173000.WAV"", ""/media/UofA/BU_Work/BayneLabWorkSpace/Katrine_workspace/AudioMothSync/OKLG-8-Sync2/OKLG-8-F5/OKLG-8-F5_20250615_173000.WAV""]","[[306217.4541, 5466446.981, 661.48], [306181.8788, 5466484.067, 671.3749], [306182.7549, 5466414.233, 658.2178], [306250.9492, 5466481.06, 668.1608], [306182.6993, 5466449.16, 664.3166], [306216.821, 5466481.42, 669.0224], [306252.7138, 5466447.403, 661.4525]]",True,True,inside_10m,2025-06-15 18:03:07.500,1194,/media/UofA/BU_Work/BayneLabWorkSpace/Katrine_workspace/Localization_per_day/OKLG-8-20250615/minspec_clips/1194.wav,True,2025-06-15 11:03:07.500,-7.0870442,-11.55121,10.502236,-2.6792889,-1.5328373,10,1,2
2025-06-15 17:35:19.500000+00:00,306247.91920452146,5466521.2524581365,677.2399089334339,0.244892549309782,0.2035417199755708,6,"[""F2"", ""G3"", ""E3"", ""F3"", ""E2"", ""F1""]","[""/media/UofA/BU_Work/BayneLabWorkSpace/Katrine_workspace/AudioMothSync/OKLG-8-Sync2/OKLG-8-F2/OKLG-8-F2_20250615_173000.WAV"", ""/media/UofA/BU_Work/BayneLabWorkSpace/Katrine_workspace/AudioMothSync/OKLG-8-Sync2/OKLG-8-G3/OKLG-8-G3_20250615_173000.WAV"", ""/media/UofA/BU_Work/BayneLabWorkSpace/Katrine_workspace/AudioMothSync/OKLG-8-Sync2/OKLG-8-E3/OKLG-8-E3_20250615_173000.WAV"", ""/media/UofA/BU_Work/BayneLabWorkSpace/Katrine_workspace/AudioMothSync/OKLG-8-Sync2/OKLG-8-F3/OKLG-8-F3_20250615_173000.WAV"", ""/media/UofA/BU_Work/BayneLabWorkSpace/Katrine_workspace/AudioMothSync/OKLG-8-Sync2/OKLG-8-E2/OKLG-8-E2_20250615_173000.WAV"", ""/media/UofA/BU_Work/BayneLabWorkSpace/Katrine_workspace/AudioMothSync/OKLG-8-Sync2/OKLG-8-F1/OKLG-8-F1_20250615_173000.WAV""]","[[306252.7451, 5466552.269, 682.6024], [306286.6237, 5466518.56, 675.3752], [306217.233, 5466515.538, 675.7704], [306250.0248, 5466517.354, 676.9194], [306217.0531, 5466551.09, 683.3621], [306254.0111, 5466588.298, 690.7812]]",True,True,inside_10m,2025-06-15 17:35:19.500,1117,/media/UofA/BU_Work/BayneLabWorkSpace/Katrine_workspace/Localization_per_day/OKLG-8-20250615/minspec_clips/1117.wav,True,2025-06-15 10:35:19.500,-7.56998,6.395078,-2.7310057,-6.7065697,-0.70833504,20,8,11
2025-06-15 17:41:40+00:00,306231.42492685886,5466452.20352378,662.3306354965532,0.2285591523754041,0.1800200787838548,8,"[""E6"", ""D5"", ""F5"", ""E5"", ""F7"", ""E7"", ""D6"", ""D7""]","[""/media/UofA/BU_Work/BayneLabWorkSpace/Katrine_workspace/AudioMothSync/OKLG-8-Sync2/OKLG-8-E6/OKLG-8-E6_20250615_173000.WAV"", ""/media/UofA/BU_Work/BayneLabWorkSpace/Katrine_workspace/AudioMothSync/OKLG-8-Sync2/OKLG-8-D5/OKLG-8-D5_20250615_173000.WAV"", ""/media/UofA/BU_Work/BayneLabWorkSpace/Katrine_workspace/AudioMothSync/OKLG-8-Sync2/OKLG-8-F5/OKLG-8-F5_20250615_173000.WAV"", ""/media/UofA/BU_Work/BayneLabWorkSpace/Katrine_workspace/AudioMothSync/OKLG-8-Sync2/OKLG-8-E5/OKLG-8-E5_20250615_173000.WAV"", ""/media/UofA/BU_Work/BayneLabWorkSpace/Katrine_workspace/AudioMothSync/OKLG-8-Sync2/OKLG-8-F7/OKLG-8-F7_20250615_173000.WAV"", ""/media/UofA/BU_Work/BayneLabWorkSpace/Katrine_workspace/AudioMothSync/OKLG-8-Sync2/OKLG-8-E7/OKLG-8-E7_20250615_173000.WAV"", ""/media/UofA/BU_Work/BayneLabWorkSpace/Katrine_workspace/AudioMothSync/OKLG-8-Sync2/OKLG-8-D6/OKLG-8-D6_20250615_173000.WAV"", ""/media/UofA/BU_Work/BayneLabWorkSpace/Katrine_workspace/AudioMothSync/OKLG-8-Sync2/OKLG-8-D7/OKLG-8-D7_20250615_173000.WAV""]","[[306218.2784, 5466411.837, 654.7701], [306182.6993, 5466449.16, 664.3166], [306252.7138, 5466447.403, 661.4525], [306217.4541, 5466446.981, 661.48], [306252.6819, 5466376.297, 646.3673], [306218.0862, 5466376.386, 647.919], [306182.7549, 5466414.233, 658.2178], [306182.4104, 5466378.292, 650.5595]]",False,True,inside_10m,2025-06-15 17:41:40.000,1148,/media/UofA/BU_Work/BayneLabWorkSpace/Katrine_workspace/Localization_per_day/OKLG-8-20250615/minspec_clips/1148.wav,True,2025-06-15 10:41:40.000,8.944214,5.902215,-3.878654,0.78074235,4.8023114,17,10,5
2025-06-15 11:55:52+00:00,306178.1637762747,5466479.479921547,669.9049642866408,0.5114956618029535,0.1873219260014593,8,"[""E5"", ""D5"", ""F5"", ""E6"", ""F4"", ""D6"", ""D4"", ""E4""]","[""/media/UofA/BU_Work/BayneLabWorkSpace/Katrine_workspace/AudioMothSync/OKLG-8-Sync2/OKLG-8-E5/OKLG-8-E5_20250615_113000.WAV"", ""/media/UofA/BU_Work/BayneLabWorkSpace/Katrine_workspace/AudioMothSync/OKLG-8-Sync2/OKLG-8-D5/OKLG-8-D5_20250615_113000.WAV"", ""/media/UofA/BU_Work/BayneLabWorkSpace/Katrine_workspace/AudioMothSync/OKLG-8-Sync2/OKLG-8-F5/OKLG-8-F5_20250615_113000.WAV"", ""/media/UofA/BU_Work/BayneLabWorkSpace/Katrine_workspace/AudioMothSync/OKLG-8-Sync2/OKLG-8-E6/OKLG-8-E6_20250615_113000.WAV"", ""/media/UofA/BU_Work/BayneLabWorkSpace/Katrine_workspace/AudioMothSync/OKLG-8-Sync2/OKLG-8-F4/OKLG-8-F4_20250615_113000.WAV"", ""/media/UofA/BU_Work/BayneLabWorkSpace/Katrine_workspace/AudioMothSync/OKLG-8-Sync2/OKLG-8-D6/OKLG-8-D6_20250615_113000.WAV"", ""/media/UofA/BU_Work/BayneLabWorkSpace/Katrine_workspace/AudioMothSync/OKLG-8-Sync2/OKLG-8-D4/OKLG-8-D4_20250615_113000.WAV"", ""/media/UofA/BU_Work/BayneLabWorkSpace/Katrine_workspace/AudioMothSync/OKLG-8-Sync2/OKLG-8-E4/OKLG-8-E4_20250615_113000.WAV""]","[[306217.4541, 5466446.981, 661.48], [306182.6993, 5466449.16, 664.3166], [306252.7138, 5466447.403, 661.4525], [306218.2784, 5466411.837, 654.7701], [306250.9492, 5466481.06, 668.1608], [306182.7549, 5466414.233, 658.2178], [306181.8788, 5466484.067, 671.3749], [306216.821, 5466481.42, 669.0224]]",False,True,inside_10m,2025-06-15 11:55:52.000,112,/media/UofA/BU_Work/BayneLabWorkSpace/Katrine_workspace/Localization_per_day/OKLG-8-20250615/minspec_clips/112.wav,True,2025-06-15 04:55:52.000,-5.7107983,9.626363,-0.46067512,-7.3275905,1.7146616,23,8,11
2025-06-15 15:08:49.500000+00:00,306185.8233254865,5466400.205581304,656.9101107479714,1.899136918012648,0.2657261241693049,4,"[""C7"", ""B7"", ""D7"", ""D6""]","[""/media/UofA/BU_Work/BayneLabWorkSpace/Katrine_workspace/AudioMothSync/OKLG-8-Sync2/OKLG-8-C7/OKLG-8-C7_20250615_143000.WAV"", ""/media/UofA/BU_Work/BayneLabWorkSpace/Katrine_workspace/AudioMothSync/OKLG-8-Sync2/OKLG-8-B7/OKLG-8-B7_20250615_143000.WAV"", ""/media/UofA/BU_Work/BayneLabWorkSpace/Katrine_workspace/AudioMothSync/OKLG-8-Sync2/OKLG-8-D7/OKLG-8-D7_20250615_143000.WAV"", ""/media/UofA/BU_Work/BayneLabWorkSpace/Katrine_workspace/AudioMothSync/OKLG-8-Sync2/OKLG-8-D6/OKLG-8-D6_20250615_143000.WAV""]","[[306149.2931, 5466377.298, 652.462], [306110.1539, 5466376.762, 653.4109], [306182.4104, 5466378.292, 650.5595], [306182.7549, 5466414.233, 658.2178]]",False,True,inside_10m,2025-06-15 15:08:49.500,830,/media/UofA/BU_Work/BayneLabWorkSpace/Katrine_workspace/Localization_per_day/OKLG-8-20250615/minspec_clips/830.wav,True,2025-06-15 08:08:49.500,4.519404,5.513931,-3.6656976,0.37840092,1.3131497,16,10,6
2025-06-15 18:45:43.500000+00:00,306170.89905132307,5466390.686051733,663.4959620710069,0.0324871457742847,0.3294488489627838,4,"[""C6"", ""D6"", ""D7"", ""C7""]","[""/media/UofA/BU_Work/BayneLabWorkSpace/Katrine_workspace/AudioMothSync/OKLG-8-Sync2/OKLG-8-C6/OKLG-8-C6_20250615_183000.WAV"", ""/media/UofA/BU_Work/BayneLabWorkSpace/Katrine_workspace/AudioMothSync/OKLG-8-Sync2/OKLG-8-D6/OKLG-8-D6_20250615_183000.WAV"", ""/media/UofA/BU_Work/BayneLabWorkSpace/Katrine_workspace/AudioMothSync/OKLG-8-Sync2/OKLG-8-D7/OKLG-8-D7_20250615_183000.WAV"", ""/media/UofA/BU_Work/BayneLabWorkSpace/Katrine_workspace/AudioMothSync/OKLG-8-Sync2/OKLG-8-C7/OKLG-8-C7_20250615_183000.WAV""]","[[306148.1571, 5466410.403, 660.6896], [306182.7549, 5466414.233, 658.2178], [306182.4104, 5466378.292, 650.5595], [306149.2931, 5466377.298, 652.462]]",True,True,inside_10m,2025-06-15 18:45:43.500,1279,/media/UofA/BU_Work/BayneLabWorkSpace/Katrine_workspace/Localization_per_day/OKLG-8-20250615/minspec_clips/1279.wav,True,2025-06-15 11:45:43.500,-7.2228804,-0.30427837,-3.4696872,-3.214536,-5.39809,11,7,7
2025-06-15 12:56:22+00:00,306247.92210683395,5466520.923683581,676.2096801411714,0.7088060924995115,0.2107819343606631,9,"[""E2"", ""E1"", ""F1"", ""F2"", ""D2"", ""D1"", ""D3"", ""F3"", ""E3""]","[""/media/UofA/BU_Work/BayneLabWorkSpace/Katrine_workspace/AudioMothSync/OKLG-8-Sync2/OKLG-8-E2/OKLG-8-E2_20250615_123000.WAV"", ""/media/UofA/BU_Work/BayneLabWorkSpace/Katrine_workspace/AudioMothSync/OKLG-8-Sync2/OKLG-8-E1/OKLG-8-E1_20250615_123000.WAV"", ""/media/UofA/BU_Work/BayneLabWorkSpace/Katrine_workspace/AudioMothSync/OKLG-8-Sync2/OKLG-8-F1/OKLG-8-F1_20250615_123000.WAV"", ""/media/UofA/BU_Work/BayneLabWorkSpace/Katrine_workspace/AudioMothSync/OKLG-8-Sync2/OKLG-8-F2/OKLG-8-F2_20250615_123000.WAV"", ""/media/UofA/BU_Work/BayneLabWorkSpace/Katrine_workspace/AudioMothSync/OKLG-8-Sync2/OKLG-8-D2/OKLG-8-D2_20250615_123000.WAV"", ""/media/UofA/BU_Work/BayneLabWorkSpace/Katrine_workspace/AudioMothSync/OKLG-8-Sync2/OKLG-8-D1/OKLG-8-D1_20250615_123000.WAV"", ""/media/UofA/BU_Work/BayneLabWorkSpace/Katrine_workspace/AudioMothSync/OKLG-8-Sync2/OKLG-8-D3/OKLG-8-D3_20250615_123000.WAV"", ""/media/UofA/BU_Work/BayneLabWorkSpace/Katrine_workspace/AudioMothSync/OKLG-8-Sync2/OKLG-8-F3/OKLG-8-F3_20250615_123000.WAV"", ""/media/UofA/BU_Work/BayneLabWorkSpace/Katrine_workspace/AudioMothSync/OKLG-8-Sync2/OKLG-8-E3/OKLG-8-E3_20250615_123000.WAV""]","[[306217.0531, 5466551.09, 683.3621], [306217.3318, 5466587.32, 691.8683], [306254.0111, 5466588.298, 690.7812], [306252.7451, 5466552.269, 682.6024], [306182.8221, 5466554.969, 686.2647], [306180.9972, 5466588.911, 693.9689], [306182.3222, 5466520.693, 678.7913], [306250.0248, 5466517.354, 676.9194], [306217.233, 5466515.538, 675.7704]]",True,True,inside_10m,2025-06-15 12:56:22.000,346,/media/UofA/BU_Work/BayneLabWorkSpace/Katrine_workspace/Localization_per_day/OKLG-8-20250615/minspec_clips/346.wav,True,2025-06-15 05:56:22.000,-6.9226985,-13.966866,8.148297,-2.5382476,-2.57549,10,1,2
2025-06-15 18:48:37.500000+00:00,306171.41151472507,5466418.838940425,659.2843634631979,0.165542068904012,0.1858480954542756,8,"[""D5"", ""C4"", ""D6"", ""E6"", ""E4"", ""C6"", ""E5"", ""C5""]","[""/media/UofA/BU_Work/BayneLabWorkSpace/Katrine_workspace/AudioMothSync/OKLG-8-Sync2/OKLG-8-D5/OKLG-8-D5_20250615_183000.WAV"", ""/media/UofA/BU_Work/BayneLabWorkSpace/Katrine_workspace/AudioMothSync/OKLG-8-Sync2/OKLG-8-C4/OKLG-8-C4_20250615_183000.WAV"", ""/media/UofA/BU_Work/BayneLabWorkSpace/Katrine_workspace/AudioMothSync/OKLG-8-Sync2/OKLG-8-D6/OKLG-8-D6_20250615_183000.WAV"", ""/media/UofA/BU_Work/BayneLabWorkSpace/Katrine_workspace/AudioMothSync/OKLG-8-Sync2/OKLG-8-E6/OKLG-8-E6_20250615_183000.WAV"", ""/media/UofA/BU_Work/BayneLabWorkSpace/Katrine_workspace/AudioMothSync/OKLG-8-Sync2/OKLG-8-E4/OKLG-8-E4_20250615_183000.WAV"", ""/media/UofA/BU_Work/BayneLabWorkSpace/Katrine_workspace/AudioMothSync/OKLG-8-Sync2/OKLG-8-C6/OKLG-8-C6_20250615_183000.WAV"", ""/media/UofA/BU_Work/BayneLabWorkSpace/Katrine_workspace/AudioMothSync/OKLG-8-Sync2/OKLG-8-E5/OKLG-8-E5_20250615_183000.WAV"", ""/media/UofA/BU_Work/BayneLabWorkSpace/Katrine_workspace/AudioMothSync/OKLG-8-Sync2/OKLG-8-C5/OKLG-8-C5_20250615_183000.WAV""]","[[306182.6993, 5466449.16, 664.3166], [306146.9112, 5466480.896, 672.6855], [306182.7549, 5466414.233, 658.2178], [306218.2784, 5466411.837, 654.7701], [306216.821, 5466481.42, 669.0224], [306148.1571, 5466410.403, 660.6896], [306217.4541, 5466446.981, 661.48], [306147.3596, 5466445.666, 666.7585]]",True,True,inside_10m,2025-06-15 18:48:37.500,1289,/media/UofA/BU_Work/BayneLabWorkSpace/Katrine_workspace/Localization_per_day/OKLG-8-20250615/minspec_clips/1289.wav,True,2025-06-15 11:48:37.500,-7.748392,7.855767,-2.4772656,-8.14688,1.0463743,24,8,11
2025-06-15 11:38:10+00:00,306202.7767608909,5466524.213080519,678.9356250933549,0.5967677989056365,0.1396041425565878,9,"[""D2"", ""E3"", ""C2"", ""C1"", ""D1"", ""E2"", ""C3"", ""E1"", ""D3""]","[""/media/UofA/BU_Work/BayneLabWorkSpace/Katrine_workspace/AudioMothSync/OKLG-8-Sync2/OKLG-8-D2/OKLG-8-D2_20250615_110000.WAV"", ""/media/UofA/BU_Work/BayneLabWorkSpace/Katrine_workspace/AudioMothSync/OKLG-8-Sync2/OKLG-8-E3/OKLG-8-E3_20250615_110000.WAV"", ""/media/UofA/BU_Work/BayneLabWorkSpace/Katrine_workspace/AudioMothSync/OKLG-8-Sync2/OKLG-8-C2/OKLG-8-C2_20250615_110000.WAV"", ""/media/UofA/BU_Work/BayneLabWorkSpace/Katrine_workspace/AudioMothSync/OKLG-8-Sync2/OKLG-8-C1/OKLG-8-C1_20250615_110000.WAV"", ""/media/UofA/BU_Work/BayneLabWorkSpace/Katrine_workspace/AudioMothSync/OKLG-8-Sync2/OKLG-8-D1/OKLG-8-D1_20250615_110000.WAV"", ""/media/UofA/BU_Work/BayneLabWorkSpace/Katrine_workspace/AudioMothSync/OKLG-8-Sync2/OKLG-8-E2/OKLG-8-E2_20250615_110000.WAV"", ""/media/UofA/BU_Work/BayneLabWorkSpace/Katrine_workspace/AudioMothSync/OKLG-8-Sync2/OKLG-8-C3/OKLG-8-C3_20250615_110000.WAV"", ""/media/UofA/BU_Work/BayneLabWorkSpace/Katrine_workspace/AudioMothSync/OKLG-8-Sync2/OKLG-8-E1/OKLG-8-E1_20250615_110000.WAV"", ""/media/UofA/BU_Work/BayneLabWorkSpace/Katrine_workspace/AudioMothSync/OKLG-8-Sync2/OKLG-8-D3/OKLG-8-D3_20250615_110000.WAV""]","[[306182.8221, 5466554.969, 686.2647], [306217.233, 5466515.538, 675.7704], [306145.8727, 5466552.258, 686.3517], [306147.1555, 5466586.577, 693.7995], [306180.9972, 5466588.911, 693.9689], [306217.0531, 5466551.09, 683.3621], [306147.4214, 5466515.236, 678.7817], [306217.3318, 5466587.32, 691.8683], [306182.3222, 5466520.693, 678.7913]]",True,True,inside_10m,2025-06-15 11:38:10.000,41,/media/UofA/BU_Work/BayneLabWorkSpace/Katrine_workspace/Localization_per_day/OKLG-8-20250615/minspec_clips/41.wav,True,2025-06-15 04:38:10.000,5.6588535,12.856811,-7.307238,3.761809,-1.2858751,5,5,10
2025-06-15 11:36:43.500000+00:00,306202.4048079738,5466524.352606493,678.5554892181302,0.6059111314699893,0.181190544532405,9,"[""D3"", ""C3"", ""E2"", ""D4"", ""C2"", ""C4"", ""E4"", ""E3"", ""D2""]","[""/media/UofA/BU_Work/BayneLabWorkSpace/Katrine_workspace/AudioMothSync/OKLG-8-Sync2/OKLG-8-D3/OKLG-8-D3_20250615_110000.WAV"", ""/media/UofA/BU_Work/BayneLabWorkSpace/Katrine_workspace/AudioMothSync/OKLG-8-Sync2/OKLG-8-C3/OKLG-8-C3_20250615_110000.WAV"", ""/media/UofA/BU_Work/BayneLabWorkSpace/Katrine_workspace/AudioMothSync/OKLG-8-Sync2/OKLG-8-E2/OKLG-8-E2_20250615_110000.WAV"", ""/media/UofA/BU_Work/BayneLabWorkSpace/Katrine_workspace/AudioMothSync/OKLG-8-Sync2/OKLG-8-D4/OKLG-8-D4_20250615_110000.WAV"", ""/media/UofA/BU_Work/BayneLabWorkSpace/Katrine_workspace/AudioMothSync/OKLG-8-Sync2/OKLG-8-C2/OKLG-8-C2_20250615_110000.WAV"", ""/media/UofA/BU_Work/BayneLabWorkSpace/Katrine_workspace/AudioMothSync/OKLG-8-Sync2/OKLG-8-C4/OKLG-8-C4_20250615_110000.WAV"", ""/media/UofA/BU_Work/BayneLabWorkSpace/Katrine_workspace/AudioMothSync/OKLG-8-Sync2/OKLG-8-E4/OKLG-8-E4_20250615_110000.WAV"", ""/media/UofA/BU_Work/BayneLabWorkSpace/Katrine_workspace/AudioMothSync/OKLG-8-Sync2/OKLG-8-E3/OKLG-8-E3_20250615_110000.WAV"", ""/media/UofA/BU_Work/BayneLabWorkSpace/Katrine_workspace/AudioMothSync/OKLG-8-Sync2/OKLG-8-D2/OKLG-8-D2_20250615_110000.WAV""]","[[306182.3222, 5466520.693, 678.7913], [306147.4214, 5466515.236, 678.7817], [306217.0531, 5466551.09, 683.3621], [306181.8788, 5466484.067, 671.3749], [306145.8727, 5466552.258, 686.3517], [306146.9112, 5466480.896, 672.6855], [306216.821, 5466481.42, 669.0224], [306217.233, 5466515.538, 675.7704], [306182.8221, 5466554.969, 686.2647]]",True,True,inside_10m,2025-06-15 11:36:43.500,32,/media/UofA/BU_Work/BayneLabWorkSpace/Katrine_workspace/Localization_per_day/OKLG-8-20250615/minspec_clips/32.wav,True,2025-06-15 04:36:43.500,8.833598,1.5002569,-0.9304842,3.0733595,4.378998,6,6,1
2025-06-15 12:53:46+00:00,306247.48634632304,5466521.129968763,677.9053136503098,0.4091883615866138,0.2818933568894863,5,"[""G3"", ""G4"", ""F3"", ""F2"", ""F4""]","[""/media/UofA/BU_Work/BayneLabWorkSpace/Katrine_workspace/AudioMothSync/OKLG-8-Sync2/OKLG-8-G3/OKLG-8-G3_20250615_123000.WAV"", ""/media/UofA/BU_Work/BayneLabWorkSpace/Katrine_workspace/AudioMothSync/OKLG-8-Sync2/OKLG-8-G4/OKLG-8-G4_20250615_123000.WAV"", ""/media/UofA/BU_Work/BayneLabWorkSpace/Katrine_workspace/AudioMothSync/OKLG-8-Sync2/OKLG-8-F3/OKLG-8-F3_20250615_123000.WAV"", ""/media/UofA/BU_Work/BayneLabWorkSpace/Katrine_workspace/AudioMothSync/OKLG-8-Sync2/OKLG-8-F2/OKLG-8-F2_20250615_123000.WAV"", ""/media/UofA/BU_Work/BayneLabWorkSpace/Katrine_workspace/AudioMothSync/OKLG-8-Sync2/OKLG-8-F4/OKLG-8-F4_20250615_123000.WAV""]","[[306286.6237, 5466518.56, 675.3752], [306285.9765, 5466480.944, 666.9948], [306250.0248, 5466517.354, 676.9194], [306252.7451, 5466552.269, 682.6024], [306250.9492, 5466481.06, 668.1608]]",False,True,inside_10m,2025-06-15 12:53:46.000,323,/media/UofA/BU_Work/BayneLabWorkSpace/Katrine_workspace/Localization_per_day/OKLG-8-20250615/minspec_clips/323.wav,True,2025-06-15 05:53:46.000,8.801005,-10.027323,4.712921,2.4585142,4.14384,13,4,4
2025-06-15 18:40:22+00:00,306243.8517435781,5466519.285698767,682.1047619170082,5.069121076472371,0.2085302614917357,6,"[""F2"", ""F1"", ""E2"", ""F3"", ""G3"", ""E3""]","[""/media/UofA/BU_Work/BayneLabWorkSpace/Katrine_workspace/AudioMothSync/OKLG-8-Sync2/OKLG-8-F2/OKLG-8-F2_20250615_183000.WAV"", ""/media/UofA/BU_Work/BayneLabWorkSpace/Katrine_workspace/AudioMothSync/OKLG-8-Sync2/OKLG-8-F1/OKLG-8-F1_20250615_183000.WAV"", ""/media/UofA/BU_Work/BayneLabWorkSpace/Katrine_workspace/AudioMothSync/OKLG-8-Sync2/OKLG-8-E2/OKLG-8-E2_20250615_183000.WAV"", ""/media/UofA/BU_Work/BayneLabWorkSpace/Katrine_workspace/AudioMothSync/OKLG-8-Sync2/OKLG-8-F3/OKLG-8-F3_20250615_183000.WAV"", ""/media/UofA/BU_Work/BayneLabWorkSpace/Katrine_workspace/AudioMothSync/OKLG-8-Sync2/OKLG-8-G3/OKLG-8-G3_20250615_183000.WAV"", ""/media/UofA/BU_Work/BayneLabWorkSpace/Katrine_workspace/AudioMothSync/OKLG-8-Sync2/OKLG-8-E3/OKLG-8-E3_20250615_183000.WAV""]","[[306252.7451, 5466552.269, 682.6024], [306254.0111, 5466588.298, 690.7812], [306217.0531, 5466551.09, 683.3621], [306250.0248, 5466517.354, 676.9194], [306286.6237, 5466518.56, 675.3752], [306217.233, 5466515.538, 675.7704]]",True,True,inside_10m,2025-06-15 18:40:22.000,1255,/media/UofA/BU_Work/BayneLabWorkSpace/Katrine_workspace/Localization_per_day/OKLG-8-20250615/minspec_clips/1255.wav,True,2025-06-15 11:40:22.000,2.7245502,6.6548657,-4.0446973,1.5549055,-0.52500165,16,10,6
2025-06-15 16:04:25.500000+00:00,306247.99885616533,5466521.178149438,676.781024481227,0.4221518373939312,0.2104543439511741,7,"[""F2"", ""G3"", ""E2"", ""F1"", ""F3"", ""E3"", ""E1""]","[""/media/UofA/BU_Work/BayneLabWorkSpace/Katrine_workspace/AudioMothSync/OKLG-8-Sync2/OKLG-8-F2/OKLG-8-F2_20250615_153000.WAV"", ""/media/UofA/BU_Work/BayneLabWorkSpace/Katrine_workspace/AudioMothSync/OKLG-8-Sync2/OKLG-8-G3/OKLG-8-G3_20250615_153000.WAV"", ""/media/UofA/BU_Work/BayneLabWorkSpace/Katrine_workspace/AudioMothSync/OKLG-8-Sync2/OKLG-8-E2/OKLG-8-E2_20250615_153000.WAV"", ""/media/UofA/BU_Work/BayneLabWorkSpace/Katrine_workspace/AudioMothSync/OKLG-8-Sync2/OKLG-8-F1/OKLG-8-F1_20250615_153000.WAV"", ""/media/UofA/BU_Work/BayneLabWorkSpace/Katrine_workspace/AudioMothSync/OKLG-8-Sync2/OKLG-8-F3/OKLG-8-F3_20250615_153000.WAV"", ""/media/UofA/BU_Work/BayneLabWorkSpace/Katrine_workspace/AudioMothSync/OKLG-8-Sync2/OKLG-8-E3/OKLG-8-E3_20250615_153000.WAV"", ""/media/UofA/BU_Work/BayneLabWorkSpace/Katrine_workspace/AudioMothSync/OKLG-8-Sync2/OKLG-8-E1/OKLG-8-E1_20250615_153000.WAV""]","[[306252.7451, 5466552.269, 682.6024], [306286.6237, 5466518.56, 675.3752], [306217.0531, 5466551.09, 683.3621], [306254.0111, 5466588.298, 690.7812], [306250.0248, 5466517.354, 676.9194], [306217.233, 5466515.538, 675.7704], [306217.3318, 5466587.32, 691.8683]]",True,True,inside_10m,2025-06-15 16:04:25.500,1017,/media/UofA/BU_Work/BayneLabWorkSpace/Katrine_workspace/Localization_per_day/OKLG-8-20250615/minspec_clips/1017.wav,True,2025-06-15 09:04:25.500,7.32188,1.083638,-1.210711,4.5692506,3.0790193,6,6,1
2025-06-15 13:32:13.500000+00:00,306232.71500657673,5466451.221589383,661.7987006094583,0.144920889900848,0.2750626695342362,4,"[""E4"", ""E5"", ""D3"", ""F5""]","[""/media/UofA/BU_Work/BayneLabWorkSpace/Katrine_workspace/AudioMothSync/OKLG-8-Sync2/OKLG-8-E4/OKLG-8-E4_20250615_130000.WAV"", ""/media/UofA/BU_Work/BayneLabWorkSpace/Katrine_workspace/AudioMothSync/OKLG-8-Sync2/OKLG-8-E5/OKLG-8-E5_20250615_130000.WAV"", ""/media/UofA/BU_Work/BayneLabWorkSpace/Katrine_workspace/AudioMothSync/OKLG-8-Sync2/OKLG-8-D3/OKLG-8-D3_20250615_130000.WAV"", ""/media/UofA/BU_Work/BayneLabWorkSpace/Katrine_workspace/AudioMothSync/OKLG-8-Sync2/OKLG-8-F5/OKLG-8-F5_20250615_130000.WAV""]","[[306216.821, 5466481.42, 669.0224], [306217.4541, 5466446.981, 661.48], [306182.3222, 5466520.693, 678.7913], [306252.7138, 5466447.403, 661.4525]]",True,True,between_10_15m,2025-06-15 13:32:13.500,503,/media/UofA/BU_Work/BayneLabWorkSpace/Katrine_workspace/Localization_per_day/OKLG-8-20250615/minspec_clips/503.wav,True,2025-06-15 06:32:13.500,3.2160347,5.722027,-3.6824672,0.6449764,0.06642607,16,10,6
2025-06-15 13:32:13.500000+00:00,306232.71500657673,5466451.221589383,661.7987006094583,0.144920889900848,0.2750626695342362,4,"[""E4"", ""E5"", ""D3"", ""F5""]","[""/media/UofA/BU_Work/BayneLabWorkSpace/Katrine_workspace/AudioMothSync/OKLG-8-Sync2/OKLG-8-E4/OKLG-8-E4_20250615_130000.WAV"", ""/media/UofA/BU_Work/BayneLabWorkSpace/Katrine_workspace/AudioMothSync/OKLG-8-Sync2/OKLG-8-E5/OKLG-8-E5_20250615_130000.WAV"", ""/media/UofA/BU_Work/BayneLabWorkSpace/Katrine_workspace/AudioMothSync/OKLG-8-Sync2/OKLG-8-D3/OKLG-8-D3_20250615_130000.WAV"", ""/media/UofA/BU_Work/BayneLabWorkSpace/Katrine_workspace/AudioMothSync/OKLG-8-Sync2/OKLG-8-F5/OKLG-8-F5_20250615_130000.WAV""]","[[306216.821, 5466481.42, 669.0224], [306217.4541, 5466446.981, 661.48], [306182.3222, 5466520.693, 678.7913], [306252.7138, 5466447.403, 661.4525]]",True,True,between_10_15m,2025-06-15 13:32:13.500,503,/media/UofA/BU_Work/BayneLabWorkSpace/Katrine_workspace/Localization_per_day/OKLG-8-20250615/minspec_clips/503.wav,True,2025-06-15 06:32:13.500,3.215975,5.721975,-3.68246,0.6451122,0.06642149,16,10,6
2025-06-15 15:24:31.500000+00:00,306248.17714596225,5466520.886504253,677.7616323297203,0.3171811862871935,0.2543554263455527,7,"[""F3"", ""E2"", ""F4"", ""E4"", ""G3"", ""E3"", ""F2""]","[""/media/UofA/BU_Work/BayneLabWorkSpace/Katrine_workspace/AudioMothSync/OKLG-8-Sync2/OKLG-8-F3/OKLG-8-F3_20250615_150000.WAV"", ""/media/UofA/BU_Work/BayneLabWorkSpace/Katrine_workspace/AudioMothSync/OKLG-8-Sync2/OKLG-8-E2/OKLG-8-E2_20250615_150000.WAV"", ""/media/UofA/BU_Work/BayneLabWorkSpace/Katrine_workspace/AudioMothSync/OKLG-8-Sync2/OKLG-8-F4/OKLG-8-F4_20250615_150000.WAV"", ""/media/UofA/BU_Work/BayneLabWorkSpace/Katrine_workspace/AudioMothSync/OKLG-8-Sync2/OKLG-8-E4/OKLG-8-E4_20250615_150000.WAV"", ""/media/UofA/BU_Work/BayneLabWorkSpace/Katrine_workspace/AudioMothSync/OKLG-8-Sync2/OKLG-8-G3/OKLG-8-G3_20250615_150000.WAV"", ""/media/UofA/BU_Work/BayneLabWorkSpace/Katrine_workspace/AudioMothSync/OKLG-8-Sync2/OKLG-8-E3/OKLG-8-E3_20250615_150000.WAV"", ""/media/UofA/BU_Work/BayneLabWorkSpace/Katrine_workspace/AudioMothSync/OKLG-8-Sync2/OKLG-8-F2/OKLG-8-F2_20250615_150000.WAV""]","[[306250.0248, 5466517.354, 676.9194], [306217.0531, 5466551.09, 683.3621], [306250.9492, 5466481.06, 668.1608], [306216.821, 5466481.42, 669.0224], [306286.6237, 5466518.56, 675.3752], [306217.233, 5466515.538, 675.7704], [306252.7451, 5466552.269, 682.6024]]",True,True,inside_10m,2025-06-15 15:24:31.500,889,/media/UofA/BU_Work/BayneLabWorkSpace/Katrine_workspace/Localization_per_day/OKLG-8-20250615/minspec_clips/889.wav,True,2025-06-15 08:24:31.500,-7.749446,-11.000638,10.488981,-2.9512024,-0.49321085,10,1,2
2025-06-15 16:41:43.500000+00:00,306132.9119584274,5466437.273896966,666.5704032347207,0.0857988368049416,0.2646150968503207,4,"[""B5"", ""C6"", ""C5"", ""C4""]","[""/media/UofA/BU_Work/BayneLabWorkSpace/Katrine_workspace/AudioMothSync/OKLG-8-Sync2/OKLG-8-B5/OKLG-8-B5_20250615_163000.WAV"", ""/media/UofA/BU_Work/BayneLabWorkSpace/Katrine_workspace/AudioMothSync/OKLG-8-Sync2/OKLG-8-C6/OKLG-8-C6_20250615_163000.WAV"", ""/media/UofA/BU_Work/BayneLabWorkSpace/Katrine_workspace/AudioMothSync/OKLG-8-Sync2/OKLG-8-C5/OKLG-8-C5_20250615_163000.WAV"", ""/media/UofA/BU_Work/BayneLabWorkSpace/Katrine_workspace/AudioMothSync/OKLG-8-Sync2/OKLG-8-C4/OKLG-8-C4_20250615_163000.WAV""]","[[306111.1537, 5466446.859, 669.597], [306148.1571, 5466410.403, 660.6896], [306147.3596, 5466445.666, 666.7585], [306146.9112, 5466480.896, 672.6855]]",True,True,inside_10m,2025-06-15 16:41:43.500,1064,/media/UofA/BU_Work/BayneLabWorkSpace/Katrine_workspace/Localization_per_day/OKLG-8-20250615/minspec_clips/1064.wav,True,2025-06-15 09:41:43.500,0.8029245,5.8305264,-2.359908,0.62974006,-2.180203,15,9,6
2025-06-15 18:30:46+00:00,306247.9652463508,5466521.462801798,677.0999352803544,0.1617179638452106,0.1918513987745557,7,"[""F2"", ""E3"", ""E2"", ""F1"", ""G3"", ""F3"", ""E1""]","[""/media/UofA/BU_Work/BayneLabWorkSpace/Katrine_workspace/AudioMothSync/OKLG-8-Sync2/OKLG-8-F2/OKLG-8-F2_20250615_183000.WAV"", ""/media/UofA/BU_Work/BayneLabWorkSpace/Katrine_workspace/AudioMothSync/OKLG-8-Sync2/OKLG-8-E3/OKLG-8-E3_20250615_183000.WAV"", ""/media/UofA/BU_Work/BayneLabWorkSpace/Katrine_workspace/AudioMothSync/OKLG-8-Sync2/OKLG-8-E2/OKLG-8-E2_20250615_183000.WAV"", ""/media/UofA/BU_Work/BayneLabWorkSpace/Katrine_workspace/AudioMothSync/OKLG-8-Sync2/OKLG-8-F1/OKLG-8-F1_20250615_183000.WAV"", ""/media/UofA/BU_Work/BayneLabWorkSpace/Katrine_workspace/AudioMothSync/OKLG-8-Sync2/OKLG-8-G3/OKLG-8-G3_20250615_183000.WAV"", ""/media/UofA/BU_Work/BayneLabWorkSpace/Katrine_workspace/AudioMothSync/OKLG-8-Sync2/OKLG-8-F3/OKLG-8-F3_20250615_183000.WAV"", ""/media/UofA/BU_Work/BayneLabWorkSpace/Katrine_workspace/AudioMothSync/OKLG-8-Sync2/OKLG-8-E1/OKLG-8-E1_20250615_183000.WAV""]","[[306252.7451, 5466552.269, 682.6024], [306217.233, 5466515.538, 675.7704], [306217.0531, 5466551.09, 683.3621], [306254.0111, 5466588.298, 690.7812], [306286.6237, 5466518.56, 675.3752], [306250.0248, 5466517.354, 676.9194], [306217.3318, 5466587.32, 691.8683]]",True,True,inside_10m,2025-06-15 18:30:46.000,1230,/media/UofA/BU_Work/BayneLabWorkSpace/Katrine_workspace/Localization_per_day/OKLG-8-20250615/minspec_clips/1230.wav,True,2025-06-15 11:30:46.000,9.693425,6.91273,-4.656641,2.340456,5.658938,17,10,5
2025-06-15 17:47:04+00:00,306231.4252606345,5466452.177322272,661.838292499674,0.0885373673845817,0.1968160299584269,8,"[""E5"", ""F5"", ""D5"", ""F4"", ""D4"", ""D6"", ""E4"", ""E6""]","[""/media/UofA/BU_Work/BayneLabWorkSpace/Katrine_workspace/AudioMothSync/OKLG-8-Sync2/OKLG-8-E5/OKLG-8-E5_20250615_173000.WAV"", ""/media/UofA/BU_Work/BayneLabWorkSpace/Katrine_workspace/AudioMothSync/OKLG-8-Sync2/OKLG-8-F5/OKLG-8-F5_20250615_173000.WAV"", ""/media/UofA/BU_Work/BayneLabWorkSpace/Katrine_workspace/AudioMothSync/OKLG-8-Sync2/OKLG-8-D5/OKLG-8-D5_20250615_173000.WAV"", ""/media/UofA/BU_Work/BayneLabWorkSpace/Katrine_workspace/AudioMothSync/OKLG-8-Sync2/OKLG-8-F4/OKLG-8-F4_20250615_173000.WAV"", ""/media/UofA/BU_Work/BayneLabWorkSpace/Katrine_workspace/AudioMothSync/OKLG-8-Sync2/OKLG-8-D4/OKLG-8-D4_20250615_173000.WAV"", ""/media/UofA/BU_Work/BayneLabWorkSpace/Katrine_workspace/AudioMothSync/OKLG-8-Sync2/OKLG-8-D6/OKLG-8-D6_20250615_173000.WAV"", ""/media/UofA/BU_Work/BayneLabWorkSpace/Katrine_workspace/AudioMothSync/OKLG-8-Sync2/OKLG-8-E4/OKLG-8-E4_20250615_173000.WAV"", ""/media/UofA/BU_Work/BayneLabWorkSpace/Katrine_workspace/AudioMothSync/OKLG-8-Sync2/OKLG-8-E6/OKLG-8-E6_20250615_173000.WAV""]","[[306217.4541, 5466446.981, 661.48], [306252.7138, 5466447.403, 661.4525], [306182.6993, 5466449.16, 664.3166], [306250.9492, 5466481.06, 668.1608], [306181.8788, 5466484.067, 671.3749], [306182.7549, 5466414.233, 658.2178], [306216.821, 5466481.42, 669.0224], [306218.2784, 5466411.837, 654.7701]]",True,True,inside_10m,2025-06-15 17:47:04.000,1163,/media/UofA/BU_Work/BayneLabWorkSpace/Katrine_workspace/Localization_per_day/OKLG-8-20250615/minspec_clips/1163.wav,True,2025-06-15 10:47:04.000,8.650015,5.590536,-4.4132247,0.41876474,4.4810567,17,10,5
2025-06-15 12:25:04+00:00,306248.1068857359,5466521.07273672,677.169284726525,0.8215230728480359,0.1647382874507457,8,"[""F2"", ""F1"", ""E2"", ""G1"", ""E3"", ""G3"", ""F3"", ""E1""]","[""/media/UofA/BU_Work/BayneLabWorkSpace/Katrine_workspace/AudioMothSync/OKLG-8-Sync2/OKLG-8-F2/OKLG-8-F2_20250615_120000.WAV"", ""/media/UofA/BU_Work/BayneLabWorkSpace/Katrine_workspace/AudioMothSync/OKLG-8-Sync2/OKLG-8-F1/OKLG-8-F1_20250615_120000.WAV"", ""/media/UofA/BU_Work/BayneLabWorkSpace/Katrine_workspace/AudioMothSync/OKLG-8-Sync2/OKLG-8-E2/OKLG-8-E2_20250615_120000.WAV"", ""/media/UofA/BU_Work/BayneLabWorkSpace/Katrine_workspace/AudioMothSync/OKLG-8-Sync2/OKLG-8-G1/OKLG-8-G1_20250615_120000.WAV"", ""/media/UofA/BU_Work/BayneLabWorkSpace/Katrine_workspace/AudioMothSync/OKLG-8-Sync2/OKLG-8-E3/OKLG-8-E3_20250615_120000.WAV"", ""/media/UofA/BU_Work/BayneLabWorkSpace/Katrine_workspace/AudioMothSync/OKLG-8-Sync2/OKLG-8-G3/OKLG-8-G3_20250615_120000.WAV"", ""/media/UofA/BU_Work/BayneLabWorkSpace/Katrine_workspace/AudioMothSync/OKLG-8-Sync2/OKLG-8-F3/OKLG-8-F3_20250615_120000.WAV"", ""/media/UofA/BU_Work/BayneLabWorkSpace/Katrine_workspace/AudioMothSync/OKLG-8-Sync2/OKLG-8-E1/OKLG-8-E1_20250615_120000.WAV""]","[[306252.7451, 5466552.269, 682.6024], [306254.0111, 5466588.298, 690.7812], [306217.0531, 5466551.09, 683.3621], [306287.4446, 5466588.531, 687.2285], [306217.233, 5466515.538, 675.7704], [306286.6237, 5466518.56, 675.3752], [306250.0248, 5466517.354, 676.9194], [306217.3318, 5466587.32, 691.8683]]",True,True,inside_10m,2025-06-15 12:25:04.000,208,/media/UofA/BU_Work/BayneLabWorkSpace/Katrine_workspace/Localization_per_day/OKLG-8-20250615/minspec_clips/208.wav,True,2025-06-15 05:25:04.000,-0.14346243,0.42954716,1.2434555,-1.524798,1.54658,18,8,0
2025-06-15 17:15:04+00:00,306233.3778815743,5466563.96726169,703.1458937309784,1.7756814128224354e-06,0.3134429845958948,4,"[""F1"", ""E1"", ""F2"", ""E2""]","[""/media/UofA/BU_Work/BayneLabWorkSpace/Katrine_workspace/AudioMothSync/OKLG-8-Sync2/OKLG-8-F1/OKLG-8-F1_20250615_170000.WAV"", ""/media/UofA/BU_Work/BayneLabWorkSpace/Katrine_workspace/AudioMothSync/OKLG-8-Sync2/OKLG-8-E1/OKLG-8-E1_20250615_170000.WAV"", ""/media/UofA/BU_Work/BayneLabWorkSpace/Katrine_workspace/AudioMothSync/OKLG-8-Sync2/OKLG-8-F2/OKLG-8-F2_20250615_170000.WAV"", ""/media/UofA/BU_Work/BayneLabWorkSpace/Katrine_workspace/AudioMothSync/OKLG-8-Sync2/OKLG-8-E2/OKLG-8-E2_20250615_170000.WAV""]","[[306254.0111, 5466588.298, 690.7812], [306217.3318, 5466587.32, 691.8683], [306252.7451, 5466552.269, 682.6024], [306217.0531, 5466551.09, 683.3621]]",True,True,inside_10m,2025-06-15 17:15:04.000,1106,/media/UofA/BU_Work/BayneLabWorkSpace/Katrine_workspace/Localization_per_day/OKLG-8-20250615/minspec_clips/1106.wav,True,2025-06-15 10:15:04.000,7.0313525,-4.5737443,1.8312719,6.1810007,2.350183,7,3,9
2025-06-15 17:49:37.500000+00:00,306231.54102883115,5466452.213333939,661.5485375191481,0.0795149925352927,0.2258739396929741,7,"[""E4"", ""F3"", ""D4"", ""F5"", ""D5"", ""F4"", ""E5""]","[""/media/UofA/BU_Work/BayneLabWorkSpace/Katrine_workspace/AudioMothSync/OKLG-8-Sync2/OKLG-8-E4/OKLG-8-E4_20250615_173000.WAV"", ""/media/UofA/BU_Work/BayneLabWorkSpace/Katrine_workspace/AudioMothSync/OKLG-8-Sync2/OKLG-8-F3/OKLG-8-F3_20250615_173000.WAV"", ""/media/UofA/BU_Work/BayneLabWorkSpace/Katrine_workspace/AudioMothSync/OKLG-8-Sync2/OKLG-8-D4/OKLG-8-D4_20250615_173000.WAV"", ""/media/UofA/BU_Work/BayneLabWorkSpace/Katrine_workspace/AudioMothSync/OKLG-8-Sync2/OKLG-8-F5/OKLG-8-F5_20250615_173000.WAV"", ""/media/UofA/BU_Work/BayneLabWorkSpace/Katrine_workspace/AudioMothSync/OKLG-8-Sync2/OKLG-8-D5/OKLG-8-D5_20250615_173000.WAV"", ""/media/UofA/BU_Work/BayneLabWorkSpace/Katrine_workspace/AudioMothSync/OKLG-8-Sync2/OKLG-8-F4/OKLG-8-F4_20250615_173000.WAV"", ""/media/UofA/BU_Work/BayneLabWorkSpace/Katrine_workspace/AudioMothSync/OKLG-8-Sync2/OKLG-8-E5/OKLG-8-E5_20250615_173000.WAV""]","[[306216.821, 5466481.42, 669.0224], [306250.0248, 5466517.354, 676.9194], [306181.8788, 5466484.067, 671.3749], [306252.7138, 5466447.403, 661.4525], [306182.6993, 5466449.16, 664.3166], [306250.9492, 5466481.06, 668.1608], [306217.4541, 5466446.981, 661.48]]",True,True,between_10_15m,2025-06-15 17:49:37.500,1175,/media/UofA/BU_Work/BayneLabWorkSpace/Katrine_workspace/Localization_per_day/OKLG-8-20250615/minspec_clips/1175.wav,True,2025-06-15 10:49:37.500,-1.490951,21.008913,-9.617053,-0.5268664,-4.678808,2,2,3
2025-06-15 12:32:01.500000+00:00,306098.88597211224,5466454.8442496965,669.9057424453374,0.3517745268479672,0.2550745118409395,5,"[""A4"", ""A5"", ""B4"", ""B5"", ""A3""]","[""/media/UofA/BU_Work/BayneLabWorkSpace/Katrine_workspace/AudioMothSync/OKLG-8-Sync2/OKLG-8-A4/OKLG-8-A4_20250615_120000.WAV"", ""/media/UofA/BU_Work/BayneLabWorkSpace/Katrine_workspace/AudioMothSync/OKLG-8-Sync2/OKLG-8-A5/OKLG-8-A5_20250615_120000.WAV"", ""/media/UofA/BU_Work/BayneLabWorkSpace/Katrine_workspace/AudioMothSync/OKLG-8-Sync2/OKLG-8-B4/OKLG-8-B4_20250615_120000.WAV"", ""/media/UofA/BU_Work/BayneLabWorkSpace/Katrine_workspace/AudioMothSync/OKLG-8-Sync2/OKLG-8-B5/OKLG-8-B5_20250615_120000.WAV"", ""/media/UofA/BU_Work/BayneLabWorkSpace/Katrine_workspace/AudioMothSync/OKLG-8-Sync2/OKLG-8-A3/OKLG-8-A3_20250615_120000.WAV""]","[[306078.1234, 5466479.932, 674.0501], [306078.0093, 5466445.764, 669.6194], [306111.0449, 5466482.88, 674.4223], [306111.1537, 5466446.859, 669.597], [306077.2517, 5466514.84, 679.3638]]",True,True,inside_10m,2025-06-15 12:32:01.500,224,/media/UofA/BU_Work/BayneLabWorkSpace/Katrine_workspace/Localization_per_day/OKLG-8-20250615/minspec_clips/224.wav,True,2025-06-15 05:32:01.500,-6.8597136,-16.243017,8.848276,-0.2370416,-3.7652473,1,1,2
2025-06-15 12:32:01.500000+00:00,306098.88597211224,5466454.8442496965,669.9057424453374,0.3517745268479672,0.2550745118409395,5,"[""A4"", ""A5"", ""B4"", ""B5"", ""A3""]","[""/media/UofA/BU_Work/BayneLabWorkSpace/Katrine_workspace/AudioMothSync/OKLG-8-Sync2/OKLG-8-A4/OKLG-8-A4_20250615_120000.WAV"", ""/media/UofA/BU_Work/BayneLabWorkSpace/Katrine_workspace/AudioMothSync/OKLG-8-Sync2/OKLG-8-A5/OKLG-8-A5_20250615_120000.WAV"", ""/media/UofA/BU_Work/BayneLabWorkSpace/Katrine_workspace/AudioMothSync/OKLG-8-Sync2/OKLG-8-B4/OKLG-8-B4_20250615_120000.WAV"", ""/media/UofA/BU_Work/BayneLabWorkSpace/Katrine_workspace/AudioMothSync/OKLG-8-Sync2/OKLG-8-B5/OKLG-8-B5_20250615_120000.WAV"", ""/media/UofA/BU_Work/BayneLabWorkSpace/Katrine_workspace/AudioMothSync/OKLG-8-Sync2/OKLG-8-A3/OKLG-8-A3_20250615_120000.WAV""]","[[306078.1234, 5466479.932, 674.0501], [306078.0093, 5466445.764, 669.6194], [306111.0449, 5466482.88, 674.4223], [306111.1537, 5466446.859, 669.597], [306077.2517, 5466514.84, 679.3638]]",True,True,inside_10m,2025-06-15 12:32:01.500,224,/media/UofA/BU_Work/BayneLabWorkSpace/Katrine_workspace/Localization_per_day/OKLG-8-20250615/minspec_clips/224.wav,True,2025-06-15 05:32:01.500,-6.8597536,-16.24303,8.84829,-0.23705235,-3.765279,1,1,2
2025-06-15 15:44:46+00:00,306247.75019712886,5466521.361146016,677.3525240543893,0.4281733702826504,0.1884069482330232,8,"[""F2"", ""E1"", ""G1"", ""G3"", ""F3"", ""E2"", ""F1"", ""E3""]","[""/media/UofA/BU_Work/BayneLabWorkSpace/Katrine_workspace/AudioMothSync/OKLG-8-Sync2/OKLG-8-F2/OKLG-8-F2_20250615_153000.WAV"", ""/media/UofA/BU_Work/BayneLabWorkSpace/Katrine_workspace/AudioMothSync/OKLG-8-Sync2/OKLG-8-E1/OKLG-8-E1_20250615_153000.WAV"", ""/media/UofA/BU_Work/BayneLabWorkSpace/Katrine_workspace/AudioMothSync/OKLG-8-Sync2/OKLG-8-G1/OKLG-8-G1_20250615_153000.WAV"", ""/media/UofA/BU_Work/BayneLabWorkSpace/Katrine_workspace/AudioMothSync/OKLG-8-Sync2/OKLG-8-G3/OKLG-8-G3_20250615_153000.WAV"", ""/media/UofA/BU_Work/BayneLabWorkSpace/Katrine_workspace/AudioMothSync/OKLG-8-Sync2/OKLG-8-F3/OKLG-8-F3_20250615_153000.WAV"", ""/media/UofA/BU_Work/BayneLabWorkSpace/Katrine_workspace/AudioMothSync/OKLG-8-Sync2/OKLG-8-E2/OKLG-8-E2_20250615_153000.WAV"", ""/media/UofA/BU_Work/BayneLabWorkSpace/Katrine_workspace/AudioMothSync/OKLG-8-Sync2/OKLG-8-F1/OKLG-8-F1_20250615_153000.WAV"", ""/media/UofA/BU_Work/BayneLabWorkSpace/Katrine_workspace/AudioMothSync/OKLG-8-Sync2/OKLG-8-E3/OKLG-8-E3_20250615_153000.WAV""]","[[306252.7451, 5466552.269, 682.6024], [306217.3318, 5466587.32, 691.8683], [306287.4446, 5466588.531, 687.2285], [306286.6237, 5466518.56, 675.3752], [306250.0248, 5466517.354, 676.9194], [306217.0531, 5466551.09, 683.3621], [306254.0111, 5466588.298, 690.7812], [306217.233, 5466515.538, 675.7704]]",True,True,inside_10m,2025-06-15 15:44:46.000,952,/media/UofA/BU_Work/BayneLabWorkSpace/Katrine_workspace/Localization_per_day/OKLG-8-20250615/minspec_clips/952.wav,True,2025-06-15 08:44:46.000,8.208813,1.0933944,-0.7287229,4.025479,3.989819,6,6,1
2025-06-15 17:46:22+00:00,306231.4859884059,5466451.939746628,662.0007258182956,0.1014724419627312,0.2092024876425663,6,"[""F4"", ""E5"", ""E4"", ""E3"", ""F5"", ""F3""]","[""/media/UofA/BU_Work/BayneLabWorkSpace/Katrine_workspace/AudioMothSync/OKLG-8-Sync2/OKLG-8-F4/OKLG-8-F4_20250615_173000.WAV"", ""/media/UofA/BU_Work/BayneLabWorkSpace/Katrine_workspace/AudioMothSync/OKLG-8-Sync2/OKLG-8-E5/OKLG-8-E5_20250615_173000.WAV"", ""/media/UofA/BU_Work/BayneLabWorkSpace/Katrine_workspace/AudioMothSync/OKLG-8-Sync2/OKLG-8-E4/OKLG-8-E4_20250615_173000.WAV"", ""/media/UofA/BU_Work/BayneLabWorkSpace/Katrine_workspace/AudioMothSync/OKLG-8-Sync2/OKLG-8-E3/OKLG-8-E3_20250615_173000.WAV"", ""/media/UofA/BU_Work/BayneLabWorkSpace/Katrine_workspace/AudioMothSync/OKLG-8-Sync2/OKLG-8-F5/OKLG-8-F5_20250615_173000.WAV"", ""/media/UofA/BU_Work/BayneLabWorkSpace/Katrine_workspace/AudioMothSync/OKLG-8-Sync2/OKLG-8-F3/OKLG-8-F3_20250615_173000.WAV""]","[[306250.9492, 5466481.06, 668.1608], [306217.4541, 5466446.981, 661.48], [306216.821, 5466481.42, 669.0224], [306217.233, 5466515.538, 675.7704], [306252.7138, 5466447.403, 661.4525], [306250.0248, 5466517.354, 676.9194]]",True,True,inside_10m,2025-06-15 17:46:22.000,1159,/media/UofA/BU_Work/BayneLabWorkSpace/Katrine_workspace/Localization_per_day/OKLG-8-20250615/minspec_clips/1159.wav,True,2025-06-15 10:46:22.000,11.426095,5.2105384,-6.2568884,0.33848396,5.832751,17,10,5
2025-06-15 11:36:55.500000+00:00,306178.17515129107,5466479.503113494,669.9052129568524,0.4434667429382427,0.1800818578340113,8,"[""E5"", ""D4"", ""E4"", ""F5"", ""D6"", ""D5"", ""F4"", ""E6""]","[""/media/UofA/BU_Work/BayneLabWorkSpace/Katrine_workspace/AudioMothSync/OKLG-8-Sync2/OKLG-8-E5/OKLG-8-E5_20250615_113000.WAV"", ""/media/UofA/BU_Work/BayneLabWorkSpace/Katrine_workspace/AudioMothSync/OKLG-8-Sync2/OKLG-8-D4/OKLG-8-D4_20250615_113000.WAV"", ""/media/UofA/BU_Work/BayneLabWorkSpace/Katrine_workspace/AudioMothSync/OKLG-8-Sync2/OKLG-8-E4/OKLG-8-E4_20250615_113000.WAV"", ""/media/UofA/BU_Work/BayneLabWorkSpace/Katrine_workspace/AudioMothSync/OKLG-8-Sync2/OKLG-8-F5/OKLG-8-F5_20250615_113000.WAV"", ""/media/UofA/BU_Work/BayneLabWorkSpace/Katrine_workspace/AudioMothSync/OKLG-8-Sync2/OKLG-8-D6/OKLG-8-D6_20250615_113000.WAV"", ""/media/UofA/BU_Work/BayneLabWorkSpace/Katrine_workspace/AudioMothSync/OKLG-8-Sync2/OKLG-8-D5/OKLG-8-D5_20250615_113000.WAV"", ""/media/UofA/BU_Work/BayneLabWorkSpace/Katrine_workspace/AudioMothSync/OKLG-8-Sync2/OKLG-8-F4/OKLG-8-F4_20250615_113000.WAV"", ""/media/UofA/BU_Work/BayneLabWorkSpace/Katrine_workspace/AudioMothSync/OKLG-8-Sync2/OKLG-8-E6/OKLG-8-E6_20250615_113000.WAV""]","[[306217.4541, 5466446.981, 661.48], [306181.8788, 5466484.067, 671.3749], [306216.821, 5466481.42, 669.0224], [306252.7138, 5466447.403, 661.4525], [306182.7549, 5466414.233, 658.2178], [306182.6993, 5466449.16, 664.3166], [306250.9492, 5466481.06, 668.1608], [306218.2784, 5466411.837, 654.7701]]",False,True,inside_10m,2025-06-15 11:36:55.500,35,/media/UofA/BU_Work/BayneLabWorkSpace/Katrine_workspace/Localization_per_day/OKLG-8-20250615/minspec_clips/35.wav,True,2025-06-15 04:36:55.500,-5.4296913,9.721643,-0.5367094,-7.424738,2.1172743,-1,8,11
2025-06-15 18:44:13.500000+00:00,306170.05379712366,5466392.712389747,655.8252328289393,0.0445287750588158,0.3060878459364176,4,"[""C6"", ""B7"", ""C7"", ""D7""]","[""/media/UofA/BU_Work/BayneLabWorkSpace/Katrine_workspace/AudioMothSync/OKLG-8-Sync2/OKLG-8-C6/OKLG-8-C6_20250615_183000.WAV"", ""/media/UofA/BU_Work/BayneLabWorkSpace/Katrine_workspace/AudioMothSync/OKLG-8-Sync2/OKLG-8-B7/OKLG-8-B7_20250615_183000.WAV"", ""/media/UofA/BU_Work/BayneLabWorkSpace/Katrine_workspace/AudioMothSync/OKLG-8-Sync2/OKLG-8-C7/OKLG-8-C7_20250615_183000.WAV"", ""/media/UofA/BU_Work/BayneLabWorkSpace/Katrine_workspace/AudioMothSync/OKLG-8-Sync2/OKLG-8-D7/OKLG-8-D7_20250615_183000.WAV""]","[[306148.1571, 5466410.403, 660.6896], [306110.1539, 5466376.762, 653.4109], [306149.2931, 5466377.298, 652.462], [306182.4104, 5466378.292, 650.5595]]",False,True,inside_10m,2025-06-15 18:44:13.500,1268,/media/UofA/BU_Work/BayneLabWorkSpace/Katrine_workspace/Localization_per_day/OKLG-8-20250615/minspec_clips/1268.wav,True,2025-06-15 11:44:13.500,-6.7265697,-0.41714296,-2.7807908,-3.3405929,-5.118941,11,7,7
2025-06-15 11:39:25.500000+00:00,306202.7204835841,5466524.231522298,677.7935254540006,0.5562491863154239,0.1832191211481889,9,"[""E3"", ""F2"", ""F3"", ""D4"", ""D3"", ""D2"", ""F4"", ""E4"", ""E2""]","[""/media/UofA/BU_Work/BayneLabWorkSpace/Katrine_workspace/AudioMothSync/OKLG-8-Sync2/OKLG-8-E3/OKLG-8-E3_20250615_110000.WAV"", ""/media/UofA/BU_Work/BayneLabWorkSpace/Katrine_workspace/AudioMothSync/OKLG-8-Sync2/OKLG-8-F2/OKLG-8-F2_20250615_110000.WAV"", ""/media/UofA/BU_Work/BayneLabWorkSpace/Katrine_workspace/AudioMothSync/OKLG-8-Sync2/OKLG-8-F3/OKLG-8-F3_20250615_110000.WAV"", ""/media/UofA/BU_Work/BayneLabWorkSpace/Katrine_workspace/AudioMothSync/OKLG-8-Sync2/OKLG-8-D4/OKLG-8-D4_20250615_110000.WAV"", ""/media/UofA/BU_Work/BayneLabWorkSpace/Katrine_workspace/AudioMothSync/OKLG-8-Sync2/OKLG-8-D3/OKLG-8-D3_20250615_110000.WAV"", ""/media/UofA/BU_Work/BayneLabWorkSpace/Katrine_workspace/AudioMothSync/OKLG-8-Sync2/OKLG-8-D2/OKLG-8-D2_20250615_110000.WAV"", ""/media/UofA/BU_Work/BayneLabWorkSpace/Katrine_workspace/AudioMothSync/OKLG-8-Sync2/OKLG-8-F4/OKLG-8-F4_20250615_110000.WAV"", ""/media/UofA/BU_Work/BayneLabWorkSpace/Katrine_workspace/AudioMothSync/OKLG-8-Sync2/OKLG-8-E4/OKLG-8-E4_20250615_110000.WAV"", ""/media/UofA/BU_Work/BayneLabWorkSpace/Katrine_workspace/AudioMothSync/OKLG-8-Sync2/OKLG-8-E2/OKLG-8-E2_20250615_110000.WAV""]","[[306217.233, 5466515.538, 675.7704], [306252.7451, 5466552.269, 682.6024], [306250.0248, 5466517.354, 676.9194], [306181.8788, 5466484.067, 671.3749], [306182.3222, 5466520.693, 678.7913], [306182.8221, 5466554.969, 686.2647], [306250.9492, 5466481.06, 668.1608], [306216.821, 5466481.42, 669.0224], [306217.0531, 5466551.09, 683.3621]]",True,True,inside_10m,2025-06-15 11:39:25.500,50,/media/UofA/BU_Work/BayneLabWorkSpace/Katrine_workspace/Localization_per_day/OKLG-8-20250615/minspec_clips/50.wav,True,2025-06-15 04:39:25.500,-4.2045927,-18.684643,5.988099,1.7981958,-5.3065147,0,0,8
2025-06-15 12:55:37.500000+00:00,306248.04251117446,5466521.23801413,677.4480078564559,0.6087356035569592,0.1978740356862545,9,"[""E4"", ""E5"", ""F3"", ""E3"", ""D5"", ""F5"", ""F4"", ""D4"", ""D3""]","[""/media/UofA/BU_Work/BayneLabWorkSpace/Katrine_workspace/AudioMothSync/OKLG-8-Sync2/OKLG-8-E4/OKLG-8-E4_20250615_123000.WAV"", ""/media/UofA/BU_Work/BayneLabWorkSpace/Katrine_workspace/AudioMothSync/OKLG-8-Sync2/OKLG-8-E5/OKLG-8-E5_20250615_123000.WAV"", ""/media/UofA/BU_Work/BayneLabWorkSpace/Katrine_workspace/AudioMothSync/OKLG-8-Sync2/OKLG-8-F3/OKLG-8-F3_20250615_123000.WAV"", ""/media/UofA/BU_Work/BayneLabWorkSpace/Katrine_workspace/AudioMothSync/OKLG-8-Sync2/OKLG-8-E3/OKLG-8-E3_20250615_123000.WAV"", ""/media/UofA/BU_Work/BayneLabWorkSpace/Katrine_workspace/AudioMothSync/OKLG-8-Sync2/OKLG-8-D5/OKLG-8-D5_20250615_123000.WAV"", ""/media/UofA/BU_Work/BayneLabWorkSpace/Katrine_workspace/AudioMothSync/OKLG-8-Sync2/OKLG-8-F5/OKLG-8-F5_20250615_123000.WAV"", ""/media/UofA/BU_Work/BayneLabWorkSpace/Katrine_workspace/AudioMothSync/OKLG-8-Sync2/OKLG-8-F4/OKLG-8-F4_20250615_123000.WAV"", ""/media/UofA/BU_Work/BayneLabWorkSpace/Katrine_workspace/AudioMothSync/OKLG-8-Sync2/OKLG-8-D4/OKLG-8-D4_20250615_123000.WAV"", ""/media/UofA/BU_Work/BayneLabWorkSpace/Katrine_workspace/AudioMothSync/OKLG-8-Sync2/OKLG-8-D3/OKLG-8-D3_20250615_123000.WAV""]","[[306216.821, 5466481.42, 669.0224], [306217.4541, 5466446.981, 661.48], [306250.0248, 5466517.354, 676.9194], [306217.233, 5466515.538, 675.7704], [306182.6993, 5466449.16, 664.3166], [306252.7138, 5466447.403, 661.4525], [306250.9492, 5466481.06, 668.1608], [306181.8788, 5466484.067, 671.3749], [306182.3222, 5466520.693, 678.7913]]",False,True,inside_10m,2025-06-15 12:55:37.500,341,/media/UofA/BU_Work/BayneLabWorkSpace/Katrine_workspace/Localization_per_day/OKLG-8-20250615/minspec_clips/341.wav,True,2025-06-15 05:55:37.500,-9.041939,-13.337443,7.6573677,-3.6095765,-0.8305069,-1,1,2
2025-06-15 12:18:04+00:00,306247.9399237455,5466520.830519457,677.6048309055509,0.7201509630629722,0.1646954352036118,8,"[""F2"", ""G1"", ""F3"", ""G3"", ""E2"", ""G2"", ""E1"", ""E3""]","[""/media/UofA/BU_Work/BayneLabWorkSpace/Katrine_workspace/AudioMothSync/OKLG-8-Sync2/OKLG-8-F2/OKLG-8-F2_20250615_120000.WAV"", ""/media/UofA/BU_Work/BayneLabWorkSpace/Katrine_workspace/AudioMothSync/OKLG-8-Sync2/OKLG-8-G1/OKLG-8-G1_20250615_120000.WAV"", ""/media/UofA/BU_Work/BayneLabWorkSpace/Katrine_workspace/AudioMothSync/OKLG-8-Sync2/OKLG-8-F3/OKLG-8-F3_20250615_120000.WAV"", ""/media/UofA/BU_Work/BayneLabWorkSpace/Katrine_workspace/AudioMothSync/OKLG-8-Sync2/OKLG-8-G3/OKLG-8-G3_20250615_120000.WAV"", ""/media/UofA/BU_Work/BayneLabWorkSpace/Katrine_workspace/AudioMothSync/OKLG-8-Sync2/OKLG-8-E2/OKLG-8-E2_20250615_120000.WAV"", ""/media/UofA/BU_Work/BayneLabWorkSpace/Katrine_workspace/AudioMothSync/OKLG-8-Sync2/OKLG-8-G2/OKLG-8-G2_20250615_120000.WAV"", ""/media/UofA/BU_Work/BayneLabWorkSpace/Katrine_workspace/AudioMothSync/OKLG-8-Sync2/OKLG-8-E1/OKLG-8-E1_20250615_120000.WAV"", ""/media/UofA/BU_Work/BayneLabWorkSpace/Katrine_workspace/AudioMothSync/OKLG-8-Sync2/OKLG-8-E3/OKLG-8-E3_20250615_120000.WAV""]","[[306252.7451, 5466552.269, 682.6024], [306287.4446, 5466588.531, 687.2285], [306250.0248, 5466517.354, 676.9194], [306286.6237, 5466518.56, 675.3752], [306217.0531, 5466551.09, 683.3621], [306286.9994, 5466553.45, 679.9404], [306217.3318, 5466587.32, 691.8683], [306217.233, 5466515.538, 675.7704]]",True,True,inside_10m,2025-06-15 12:18:04.000,196,/media/UofA/BU_Work/BayneLabWorkSpace/Katrine_workspace/Localization_per_day/OKLG-8-20250615/minspec_clips/196.wav,True,2025-06-15 05:18:04.000,-3.7781866,9.900446,-2.2655802,-8.339679,2.8094118,24,8,11
2025-06-15 14:36:49.500000+00:00,306120.5188932333,5466407.286551073,662.4798138570164,1.7841872383036976,0.2676781031768769,4,"[""A5"", ""B6"", ""B4"", ""B5""]","[""/media/UofA/BU_Work/BayneLabWorkSpace/Katrine_workspace/AudioMothSync/OKLG-8-Sync2/OKLG-8-A5/OKLG-8-A5_20250615_143000.WAV"", ""/media/UofA/BU_Work/BayneLabWorkSpace/Katrine_workspace/AudioMothSync/OKLG-8-Sync2/OKLG-8-B6/OKLG-8-B6_20250615_143000.WAV"", ""/media/UofA/BU_Work/BayneLabWorkSpace/Katrine_workspace/AudioMothSync/OKLG-8-Sync2/OKLG-8-B4/OKLG-8-B4_20250615_143000.WAV"", ""/media/UofA/BU_Work/BayneLabWorkSpace/Katrine_workspace/AudioMothSync/OKLG-8-Sync2/OKLG-8-B5/OKLG-8-B5_20250615_143000.WAV""]","[[306078.0093, 5466445.764, 669.6194], [306110.7534, 5466413.013, 663.04], [306111.0449, 5466482.88, 674.4223], [306111.1537, 5466446.859, 669.597]]",False,True,between_10_15m,2025-06-15 14:36:49.500,723,/media/UofA/BU_Work/BayneLabWorkSpace/Katrine_workspace/Localization_per_day/OKLG-8-20250615/minspec_clips/723.wav,True,2025-06-15 07:36:49.500,-1.7324725,15.101269,-5.048132,-1.074749,-2.8450072,-1,-1,7
2025-06-15 18:38:22+00:00,306212.2351283432,5466451.85892039,662.6900041650514,0.3931878614872709,0.1671569711927856,7,"[""E5"", ""D6"", ""D5"", ""E4"", ""E6"", ""F4"", ""D4""]","[""/media/UofA/BU_Work/BayneLabWorkSpace/Katrine_workspace/AudioMothSync/OKLG-8-Sync2/OKLG-8-E5/OKLG-8-E5_20250615_183000.WAV"", ""/media/UofA/BU_Work/BayneLabWorkSpace/Katrine_workspace/AudioMothSync/OKLG-8-Sync2/OKLG-8-D6/OKLG-8-D6_20250615_183000.WAV"", ""/media/UofA/BU_Work/BayneLabWorkSpace/Katrine_workspace/AudioMothSync/OKLG-8-Sync2/OKLG-8-D5/OKLG-8-D5_20250615_183000.WAV"", ""/media/UofA/BU_Work/BayneLabWorkSpace/Katrine_workspace/AudioMothSync/OKLG-8-Sync2/OKLG-8-E4/OKLG-8-E4_20250615_183000.WAV"", ""/media/UofA/BU_Work/BayneLabWorkSpace/Katrine_workspace/AudioMothSync/OKLG-8-Sync2/OKLG-8-E6/OKLG-8-E6_20250615_183000.WAV"", ""/media/UofA/BU_Work/BayneLabWorkSpace/Katrine_workspace/AudioMothSync/OKLG-8-Sync2/OKLG-8-F4/OKLG-8-F4_20250615_183000.WAV"", ""/media/UofA/BU_Work/BayneLabWorkSpace/Katrine_workspace/AudioMothSync/OKLG-8-Sync2/OKLG-8-D4/OKLG-8-D4_20250615_183000.WAV""]","[[306217.4541, 5466446.981, 661.48], [306182.7549, 5466414.233, 658.2178], [306182.6993, 5466449.16, 664.3166], [306216.821, 5466481.42, 669.0224], [306218.2784, 5466411.837, 654.7701], [306250.9492, 5466481.06, 668.1608], [306181.8788, 5466484.067, 671.3749]]",True,True,inside_10m,2025-06-15 18:38:22.000,1244,/media/UofA/BU_Work/BayneLabWorkSpace/Katrine_workspace/Localization_per_day/OKLG-8-20250615/minspec_clips/1244.wav,True,2025-06-15 11:38:22.000,5.4818716,-3.9359531,1.6137989,6.1498,0.4218485,3,3,9
2025-06-15 14:43:52+00:00,306247.6220225904,5466521.512309822,677.9708232093637,0.3337806844661879,0.2730703473091125,5,"[""F4"", ""E4"", ""G3"", ""E3"", ""F3""]","[""/media/UofA/BU_Work/BayneLabWorkSpace/Katrine_workspace/AudioMothSync/OKLG-8-Sync2/OKLG-8-F4/OKLG-8-F4_20250615_143000.WAV"", ""/media/UofA/BU_Work/BayneLabWorkSpace/Katrine_workspace/AudioMothSync/OKLG-8-Sync2/OKLG-8-E4/OKLG-8-E4_20250615_143000.WAV"", ""/media/UofA/BU_Work/BayneLabWorkSpace/Katrine_workspace/AudioMothSync/OKLG-8-Sync2/OKLG-8-G3/OKLG-8-G3_20250615_143000.WAV"", ""/media/UofA/BU_Work/BayneLabWorkSpace/Katrine_workspace/AudioMothSync/OKLG-8-Sync2/OKLG-8-E3/OKLG-8-E3_20250615_143000.WAV"", ""/media/UofA/BU_Work/BayneLabWorkSpace/Katrine_workspace/AudioMothSync/OKLG-8-Sync2/OKLG-8-F3/OKLG-8-F3_20250615_143000.WAV""]","[[306250.9492, 5466481.06, 668.1608], [306216.821, 5466481.42, 669.0224], [306286.6237, 5466518.56, 675.3752], [306217.233, 5466515.538, 675.7704], [306250.0248, 5466517.354, 676.9194]]",False,True,inside_10m,2025-06-15 14:43:52.000,750,/media/UofA/BU_Work/BayneLabWorkSpace/Katrine_workspace/Localization_per_day/OKLG-8-20250615/minspec_clips/750.wav,True,2025-06-15 07:43:52.000,5.560459,14.358694,-8.609347,5.0302553,0.16694598,5,5,10
2025-06-15 14:42:40+00:00,306247.53877753933,5466521.299701442,676.9678261441251,0.5212876786174442,0.2507863831188943,9,"[""E3"", ""D3"", ""E4"", ""F4"", ""E2"", ""D4"", ""D2"", ""F3"", ""F2""]","[""/media/UofA/BU_Work/BayneLabWorkSpace/Katrine_workspace/AudioMothSync/OKLG-8-Sync2/OKLG-8-E3/OKLG-8-E3_20250615_143000.WAV"", ""/media/UofA/BU_Work/BayneLabWorkSpace/Katrine_workspace/AudioMothSync/OKLG-8-Sync2/OKLG-8-D3/OKLG-8-D3_20250615_143000.WAV"", ""/media/UofA/BU_Work/BayneLabWorkSpace/Katrine_workspace/AudioMothSync/OKLG-8-Sync2/OKLG-8-E4/OKLG-8-E4_20250615_143000.WAV"", ""/media/UofA/BU_Work/BayneLabWorkSpace/Katrine_workspace/AudioMothSync/OKLG-8-Sync2/OKLG-8-F4/OKLG-8-F4_20250615_143000.WAV"", ""/media/UofA/BU_Work/BayneLabWorkSpace/Katrine_workspace/AudioMothSync/OKLG-8-Sync2/OKLG-8-E2/OKLG-8-E2_20250615_143000.WAV"", ""/media/UofA/BU_Work/BayneLabWorkSpace/Katrine_workspace/AudioMothSync/OKLG-8-Sync2/OKLG-8-D4/OKLG-8-D4_20250615_143000.WAV"", ""/media/UofA/BU_Work/BayneLabWorkSpace/Katrine_workspace/AudioMothSync/OKLG-8-Sync2/OKLG-8-D2/OKLG-8-D2_20250615_143000.WAV"", ""/media/UofA/BU_Work/BayneLabWorkSpace/Katrine_workspace/AudioMothSync/OKLG-8-Sync2/OKLG-8-F3/OKLG-8-F3_20250615_143000.WAV"", ""/media/UofA/BU_Work/BayneLabWorkSpace/Katrine_workspace/AudioMothSync/OKLG-8-Sync2/OKLG-8-F2/OKLG-8-F2_20250615_143000.WAV""]","[[306217.233, 5466515.538, 675.7704], [306182.3222, 5466520.693, 678.7913], [306216.821, 5466481.42, 669.0224], [306250.9492, 5466481.06, 668.1608], [306217.0531, 5466551.09, 683.3621], [306181.8788, 5466484.067, 671.3749], [306182.8221, 5466554.969, 686.2647], [306250.0248, 5466517.354, 676.9194], [306252.7451, 5466552.269, 682.6024]]",True,True,inside_10m,2025-06-15 14:42:40.000,746,/media/UofA/BU_Work/BayneLabWorkSpace/Katrine_workspace/Localization_per_day/OKLG-8-20250615/minspec_clips/746.wav,True,2025-06-15 07:42:40.000,10.626787,-9.259064,6.5612435,4.007827,4.822519,13,4,4
2025-06-15 16:00:13.500000+00:00,306247.9230361305,5466520.986136838,677.6135188351868,0.1788629281031628,0.2700828909873962,5,"[""F2"", ""E3"", ""G3"", ""E2"", ""F3""]","[""/media/UofA/BU_Work/BayneLabWorkSpace/Katrine_workspace/AudioMothSync/OKLG-8-Sync2/OKLG-8-F2/OKLG-8-F2_20250615_153000.WAV"", ""/media/UofA/BU_Work/BayneLabWorkSpace/Katrine_workspace/AudioMothSync/OKLG-8-Sync2/OKLG-8-E3/OKLG-8-E3_20250615_153000.WAV"", ""/media/UofA/BU_Work/BayneLabWorkSpace/Katrine_workspace/AudioMothSync/OKLG-8-Sync2/OKLG-8-G3/OKLG-8-G3_20250615_153000.WAV"", ""/media/UofA/BU_Work/BayneLabWorkSpace/Katrine_workspace/AudioMothSync/OKLG-8-Sync2/OKLG-8-E2/OKLG-8-E2_20250615_153000.WAV"", ""/media/UofA/BU_Work/BayneLabWorkSpace/Katrine_workspace/AudioMothSync/OKLG-8-Sync2/OKLG-8-F3/OKLG-8-F3_20250615_153000.WAV""]","[[306252.7451, 5466552.269, 682.6024], [306217.233, 5466515.538, 675.7704], [306286.6237, 5466518.56, 675.3752], [306217.0531, 5466551.09, 683.3621], [306250.0248, 5466517.354, 676.9194]]",True,True,inside_10m,2025-06-15 16:00:13.500,1006,/media/UofA/BU_Work/BayneLabWorkSpace/Katrine_workspace/Localization_per_day/OKLG-8-20250615/minspec_clips/1006.wav,True,2025-06-15 09:00:13.500,-7.829065,-9.897187,11.000614,-3.743418,0.29838467,10,1,2
2025-06-15 18:39:55.500000+00:00,306247.8904641928,5466521.204737949,676.0294413761338,0.1586949410139545,0.151651218947437,9,"[""E2"", ""D2"", ""E3"", ""F1"", ""E1"", ""F3"", ""D3"", ""D1"", ""F2""]","[""/media/UofA/BU_Work/BayneLabWorkSpace/Katrine_workspace/AudioMothSync/OKLG-8-Sync2/OKLG-8-E2/OKLG-8-E2_20250615_183000.WAV"", ""/media/UofA/BU_Work/BayneLabWorkSpace/Katrine_workspace/AudioMothSync/OKLG-8-Sync2/OKLG-8-D2/OKLG-8-D2_20250615_183000.WAV"", ""/media/UofA/BU_Work/BayneLabWorkSpace/Katrine_workspace/AudioMothSync/OKLG-8-Sync2/OKLG-8-E3/OKLG-8-E3_20250615_183000.WAV"", ""/media/UofA/BU_Work/BayneLabWorkSpace/Katrine_workspace/AudioMothSync/OKLG-8-Sync2/OKLG-8-F1/OKLG-8-F1_20250615_183000.WAV"", ""/media/UofA/BU_Work/BayneLabWorkSpace/Katrine_workspace/AudioMothSync/OKLG-8-Sync2/OKLG-8-E1/OKLG-8-E1_20250615_183000.WAV"", ""/media/UofA/BU_Work/BayneLabWorkSpace/Katrine_workspace/AudioMothSync/OKLG-8-Sync2/OKLG-8-F3/OKLG-8-F3_20250615_183000.WAV"", ""/media/UofA/BU_Work/BayneLabWorkSpace/Katrine_workspace/AudioMothSync/OKLG-8-Sync2/OKLG-8-D3/OKLG-8-D3_20250615_183000.WAV"", ""/media/UofA/BU_Work/BayneLabWorkSpace/Katrine_workspace/AudioMothSync/OKLG-8-Sync2/OKLG-8-D1/OKLG-8-D1_20250615_183000.WAV"", ""/media/UofA/BU_Work/BayneLabWorkSpace/Katrine_workspace/AudioMothSync/OKLG-8-Sync2/OKLG-8-F2/OKLG-8-F2_20250615_183000.WAV""]","[[306217.0531, 5466551.09, 683.3621], [306182.8221, 5466554.969, 686.2647], [306217.233, 5466515.538, 675.7704], [306254.0111, 5466588.298, 690.7812], [306217.3318, 5466587.32, 691.8683], [306250.0248, 5466517.354, 676.9194], [306182.3222, 5466520.693, 678.7913], [306180.9972, 5466588.911, 693.9689], [306252.7451, 5466552.269, 682.6024]]",True,True,inside_10m,2025-06-15 18:39:55.500,1252,/media/UofA/BU_Work/BayneLabWorkSpace/Katrine_workspace/Localization_per_day/OKLG-8-20250615/minspec_clips/1252.wav,True,2025-06-15 11:39:55.500,4.5507073,13.838895,-7.4548044,4.213204,0.86272967,5,5,10
2025-06-15 12:04:16+00:00,306248.1182480073,5466521.151417113,677.0708841650722,1.0463049904876598,0.1926817996427416,8,"[""F2"", ""E1"", ""E2"", ""G1"", ""G3"", ""E3"", ""F3"", ""F1""]","[""/media/UofA/BU_Work/BayneLabWorkSpace/Katrine_workspace/AudioMothSync/OKLG-8-Sync2/OKLG-8-F2/OKLG-8-F2_20250615_113000.WAV"", ""/media/UofA/BU_Work/BayneLabWorkSpace/Katrine_workspace/AudioMothSync/OKLG-8-Sync2/OKLG-8-E1/OKLG-8-E1_20250615_113000.WAV"", ""/media/UofA/BU_Work/BayneLabWorkSpace/Katrine_workspace/AudioMothSync/OKLG-8-Sync2/OKLG-8-E2/OKLG-8-E2_20250615_113000.WAV"", ""/media/UofA/BU_Work/BayneLabWorkSpace/Katrine_workspace/AudioMothSync/OKLG-8-Sync2/OKLG-8-G1/OKLG-8-G1_20250615_113000.WAV"", ""/media/UofA/BU_Work/BayneLabWorkSpace/Katrine_workspace/AudioMothSync/OKLG-8-Sync2/OKLG-8-G3/OKLG-8-G3_20250615_113000.WAV"", ""/media/UofA/BU_Work/BayneLabWorkSpace/Katrine_workspace/AudioMothSync/OKLG-8-Sync2/OKLG-8-E3/OKLG-8-E3_20250615_113000.WAV"", ""/media/UofA/BU_Work/BayneLabWorkSpace/Katrine_workspace/AudioMothSync/OKLG-8-Sync2/OKLG-8-F3/OKLG-8-F3_20250615_113000.WAV"", ""/media/UofA/BU_Work/BayneLabWorkSpace/Katrine_workspace/AudioMothSync/OKLG-8-Sync2/OKLG-8-F1/OKLG-8-F1_20250615_113000.WAV""]","[[306252.7451, 5466552.269, 682.6024], [306217.3318, 5466587.32, 691.8683], [306217.0531, 5466551.09, 683.3621], [306287.4446, 5466588.531, 687.2285], [306286.6237, 5466518.56, 675.3752], [306217.233, 5466515.538, 675.7704], [306250.0248, 5466517.354, 676.9194], [306254.0111, 5466588.298, 690.7812]]",True,True,inside_10m,2025-06-15 12:04:16.000,141,/media/UofA/BU_Work/BayneLabWorkSpace/Katrine_workspace/Localization_per_day/OKLG-8-20250615/minspec_clips/141.wav,True,2025-06-15 05:04:16.000,-7.8683577,-12.154097,9.419158,-2.6284297,-1.0262069,10,1,2
2025-06-15 12:02:13.500000+00:00,306247.8360775127,5466520.909668644,676.4309370356141,0.6583812230952107,0.1914863404300477,9,"[""E2"", ""F3"", ""D2"", ""D1"", ""F1"", ""D3"", ""F2"", ""E3"", ""E1""]","[""/media/UofA/BU_Work/BayneLabWorkSpace/Katrine_workspace/AudioMothSync/OKLG-8-Sync2/OKLG-8-E2/OKLG-8-E2_20250615_120000.WAV"", ""/media/UofA/BU_Work/BayneLabWorkSpace/Katrine_workspace/AudioMothSync/OKLG-8-Sync2/OKLG-8-F3/OKLG-8-F3_20250615_120000.WAV"", ""/media/UofA/BU_Work/BayneLabWorkSpace/Katrine_workspace/AudioMothSync/OKLG-8-Sync2/OKLG-8-D2/OKLG-8-D2_20250615_120000.WAV"", ""/media/UofA/BU_Work/BayneLabWorkSpace/Katrine_workspace/AudioMothSync/OKLG-8-Sync2/OKLG-8-D1/OKLG-8-D1_20250615_120000.WAV"", ""/media/UofA/BU_Work/BayneLabWorkSpace/Katrine_workspace/AudioMothSync/OKLG-8-Sync2/OKLG-8-F1/OKLG-8-F1_20250615_120000.WAV"", ""/media/UofA/BU_Work/BayneLabWorkSpace/Katrine_workspace/AudioMothSync/OKLG-8-Sync2/OKLG-8-D3/OKLG-8-D3_20250615_120000.WAV"", ""/media/UofA/BU_Work/BayneLabWorkSpace/Katrine_workspace/AudioMothSync/OKLG-8-Sync2/OKLG-8-F2/OKLG-8-F2_20250615_120000.WAV"", ""/media/UofA/BU_Work/BayneLabWorkSpace/Katrine_workspace/AudioMothSync/OKLG-8-Sync2/OKLG-8-E3/OKLG-8-E3_20250615_120000.WAV"", ""/media/UofA/BU_Work/BayneLabWorkSpace/Katrine_workspace/AudioMothSync/OKLG-8-Sync2/OKLG-8-E1/OKLG-8-E1_20250615_120000.WAV""]","[[306217.0531, 5466551.09, 683.3621], [306250.0248, 5466517.354, 676.9194], [306182.8221, 5466554.969, 686.2647], [306180.9972, 5466588.911, 693.9689], [306254.0111, 5466588.298, 690.7812], [306182.3222, 5466520.693, 678.7913], [306252.7451, 5466552.269, 682.6024], [306217.233, 5466515.538, 675.7704], [306217.3318, 5466587.32, 691.8683]]",True,True,inside_10m,2025-06-15 12:02:13.500,132,/media/UofA/BU_Work/BayneLabWorkSpace/Katrine_workspace/Localization_per_day/OKLG-8-20250615/minspec_clips/132.wav,True,2025-06-15 05:02:13.500,8.303436,1.2523568,-0.94925284,3.882188,4.2197404,6,6,1
2025-06-15 18:41:37.500000+00:00,306247.53908370953,5466520.836341793,677.9902759436728,0.1104761391250366,0.2075734718569687,7,"[""E4"", ""D3"", ""D4"", ""F4"", ""F5"", ""F3"", ""E3""]","[""/media/UofA/BU_Work/BayneLabWorkSpace/Katrine_workspace/AudioMothSync/OKLG-8-Sync2/OKLG-8-E4/OKLG-8-E4_20250615_183000.WAV"", ""/media/UofA/BU_Work/BayneLabWorkSpace/Katrine_workspace/AudioMothSync/OKLG-8-Sync2/OKLG-8-D3/OKLG-8-D3_20250615_183000.WAV"", ""/media/UofA/BU_Work/BayneLabWorkSpace/Katrine_workspace/AudioMothSync/OKLG-8-Sync2/OKLG-8-D4/OKLG-8-D4_20250615_183000.WAV"", ""/media/UofA/BU_Work/BayneLabWorkSpace/Katrine_workspace/AudioMothSync/OKLG-8-Sync2/OKLG-8-F4/OKLG-8-F4_20250615_183000.WAV"", ""/media/UofA/BU_Work/BayneLabWorkSpace/Katrine_workspace/AudioMothSync/OKLG-8-Sync2/OKLG-8-F5/OKLG-8-F5_20250615_183000.WAV"", ""/media/UofA/BU_Work/BayneLabWorkSpace/Katrine_workspace/AudioMothSync/OKLG-8-Sync2/OKLG-8-F3/OKLG-8-F3_20250615_183000.WAV"", ""/media/UofA/BU_Work/BayneLabWorkSpace/Katrine_workspace/AudioMothSync/OKLG-8-Sync2/OKLG-8-E3/OKLG-8-E3_20250615_183000.WAV""]","[[306216.821, 5466481.42, 669.0224], [306182.3222, 5466520.693, 678.7913], [306181.8788, 5466484.067, 671.3749], [306250.9492, 5466481.06, 668.1608], [306252.7138, 5466447.403, 661.4525], [306250.0248, 5466517.354, 676.9194], [306217.233, 5466515.538, 675.7704]]",False,True,inside_10m,2025-06-15 18:41:37.500,1259,/media/UofA/BU_Work/BayneLabWorkSpace/Katrine_workspace/Localization_per_day/OKLG-8-20250615/minspec_clips/1259.wav,True,2025-06-15 11:41:37.500,-9.3814745,-11.847171,9.61938,-4.640047,-2.0653322,10,1,2
2025-06-15 15:26:16+00:00,306248.30953163124,5466521.336417485,676.8600733336956,0.5162217375445093,0.179759138263762,7,"[""F2"", ""E1"", ""F1"", ""F3"", ""G3"", ""E3"", ""E2""]","[""/media/UofA/BU_Work/BayneLabWorkSpace/Katrine_workspace/AudioMothSync/OKLG-8-Sync2/OKLG-8-F2/OKLG-8-F2_20250615_150000.WAV"", ""/media/UofA/BU_Work/BayneLabWorkSpace/Katrine_workspace/AudioMothSync/OKLG-8-Sync2/OKLG-8-E1/OKLG-8-E1_20250615_150000.WAV"", ""/media/UofA/BU_Work/BayneLabWorkSpace/Katrine_workspace/AudioMothSync/OKLG-8-Sync2/OKLG-8-F1/OKLG-8-F1_20250615_150000.WAV"", ""/media/UofA/BU_Work/BayneLabWorkSpace/Katrine_workspace/AudioMothSync/OKLG-8-Sync2/OKLG-8-F3/OKLG-8-F3_20250615_150000.WAV"", ""/media/UofA/BU_Work/BayneLabWorkSpace/Katrine_workspace/AudioMothSync/OKLG-8-Sync2/OKLG-8-G3/OKLG-8-G3_20250615_150000.WAV"", ""/media/UofA/BU_Work/BayneLabWorkSpace/Katrine_workspace/AudioMothSync/OKLG-8-Sync2/OKLG-8-E3/OKLG-8-E3_20250615_150000.WAV"", ""/media/UofA/BU_Work/BayneLabWorkSpace/Katrine_workspace/AudioMothSync/OKLG-8-Sync2/OKLG-8-E2/OKLG-8-E2_20250615_150000.WAV""]","[[306252.7451, 5466552.269, 682.6024], [306217.3318, 5466587.32, 691.8683], [306254.0111, 5466588.298, 690.7812], [306250.0248, 5466517.354, 676.9194], [306286.6237, 5466518.56, 675.3752], [306217.233, 5466515.538, 675.7704], [306217.0531, 5466551.09, 683.3621]]",True,True,inside_10m,2025-06-15 15:26:16.000,893,/media/UofA/BU_Work/BayneLabWorkSpace/Katrine_workspace/Localization_per_day/OKLG-8-20250615/minspec_clips/893.wav,True,2025-06-15 08:26:16.000,8.480928,7.8300714,-3.633315,3.0147433,4.606874,17,10,5
2025-06-15 11:32:04+00:00,306262.15338437806,5466598.561570698,692.0436779426477,0.3866972691882407,0.212211012840271,7,"[""F2"", ""F1"", ""G1"", ""F3"", ""G3"", ""E1"", ""G2""]","[""/media/UofA/BU_Work/BayneLabWorkSpace/Katrine_workspace/AudioMothSync/OKLG-8-Sync2/OKLG-8-F2/OKLG-8-F2_20250615_110000.WAV"", ""/media/UofA/BU_Work/BayneLabWorkSpace/Katrine_workspace/AudioMothSync/OKLG-8-Sync2/OKLG-8-F1/OKLG-8-F1_20250615_110000.WAV"", ""/media/UofA/BU_Work/BayneLabWorkSpace/Katrine_workspace/AudioMothSync/OKLG-8-Sync2/OKLG-8-G1/OKLG-8-G1_20250615_110000.WAV"", ""/media/UofA/BU_Work/BayneLabWorkSpace/Katrine_workspace/AudioMothSync/OKLG-8-Sync2/OKLG-8-F3/OKLG-8-F3_20250615_110000.WAV"", ""/media/UofA/BU_Work/BayneLabWorkSpace/Katrine_workspace/AudioMothSync/OKLG-8-Sync2/OKLG-8-G3/OKLG-8-G3_20250615_110000.WAV"", ""/media/UofA/BU_Work/BayneLabWorkSpace/Katrine_workspace/AudioMothSync/OKLG-8-Sync2/OKLG-8-E1/OKLG-8-E1_20250615_110000.WAV"", ""/media/UofA/BU_Work/BayneLabWorkSpace/Katrine_workspace/AudioMothSync/OKLG-8-Sync2/OKLG-8-G2/OKLG-8-G2_20250615_110000.WAV""]","[[306252.7451, 5466552.269, 682.6024], [306254.0111, 5466588.298, 690.7812], [306287.4446, 5466588.531, 687.2285], [306250.0248, 5466517.354, 676.9194], [306286.6237, 5466518.56, 675.3752], [306217.3318, 5466587.32, 691.8683], [306286.9994, 5466553.45, 679.9404]]",False,True,between_10_15m,2025-06-15 11:32:04.000,12,/media/UofA/BU_Work/BayneLabWorkSpace/Katrine_workspace/Localization_per_day/OKLG-8-20250615/minspec_clips/12.wav,True,2025-06-15 04:32:04.000,7.3216276,-9.058206,6.0525174,3.8202288,2.2304575,12,4,4
2025-06-15 12:08:34+00:00,306247.8963527546,5466520.8479336,676.1961219391768,0.6431975465199588,0.1924823588795132,9,"[""E2"", ""E3"", ""F1"", ""F3"", ""D3"", ""E1"", ""D1"", ""F2"", ""D2""]","[""/media/UofA/BU_Work/BayneLabWorkSpace/Katrine_workspace/AudioMothSync/OKLG-8-Sync2/OKLG-8-E2/OKLG-8-E2_20250615_113000.WAV"", ""/media/UofA/BU_Work/BayneLabWorkSpace/Katrine_workspace/AudioMothSync/OKLG-8-Sync2/OKLG-8-E3/OKLG-8-E3_20250615_113000.WAV"", ""/media/UofA/BU_Work/BayneLabWorkSpace/Katrine_workspace/AudioMothSync/OKLG-8-Sync2/OKLG-8-F1/OKLG-8-F1_20250615_113000.WAV"", ""/media/UofA/BU_Work/BayneLabWorkSpace/Katrine_workspace/AudioMothSync/OKLG-8-Sync2/OKLG-8-F3/OKLG-8-F3_20250615_113000.WAV"", ""/media/UofA/BU_Work/BayneLabWorkSpace/Katrine_workspace/AudioMothSync/OKLG-8-Sync2/OKLG-8-D3/OKLG-8-D3_20250615_113000.WAV"", ""/media/UofA/BU_Work/BayneLabWorkSpace/Katrine_workspace/AudioMothSync/OKLG-8-Sync2/OKLG-8-E1/OKLG-8-E1_20250615_113000.WAV"", ""/media/UofA/BU_Work/BayneLabWorkSpace/Katrine_workspace/AudioMothSync/OKLG-8-Sync2/OKLG-8-D1/OKLG-8-D1_20250615_113000.WAV"", ""/media/UofA/BU_Work/BayneLabWorkSpace/Katrine_workspace/AudioMothSync/OKLG-8-Sync2/OKLG-8-F2/OKLG-8-F2_20250615_113000.WAV"", ""/media/UofA/BU_Work/BayneLabWorkSpace/Katrine_workspace/AudioMothSync/OKLG-8-Sync2/OKLG-8-D2/OKLG-8-D2_20250615_113000.WAV""]","[[306217.0531, 5466551.09, 683.3621], [306217.233, 5466515.538, 675.7704], [306254.0111, 5466588.298, 690.7812], [306250.0248, 5466517.354, 676.9194], [306182.3222, 5466520.693, 678.7913], [306217.3318, 5466587.32, 691.8683], [306180.9972, 5466588.911, 693.9689], [306252.7451, 5466552.269, 682.6024], [306182.8221, 5466554.969, 686.2647]]",True,True,inside_10m,2025-06-15 12:08:34.000,157,/media/UofA/BU_Work/BayneLabWorkSpace/Katrine_workspace/Localization_per_day/OKLG-8-20250615/minspec_clips/157.wav,True,2025-06-15 05:08:34.000,10.171576,5.1667604,-4.8746934,1.5097228,6.858165,17,10,5
2025-06-15 13:00:37.500000+00:00,306248.08748212794,5466521.0025832215,676.3893898566192,0.6732581544258065,0.178767520106501,9,"[""E2"", ""D3"", ""D1"", ""E1"", ""F3"", ""E3"", ""D2"", ""F2"", ""F1""]","[""/media/UofA/BU_Work/BayneLabWorkSpace/Katrine_workspace/AudioMothSync/OKLG-8-Sync2/OKLG-8-E2/OKLG-8-E2_20250615_130000.WAV"", ""/media/UofA/BU_Work/BayneLabWorkSpace/Katrine_workspace/AudioMothSync/OKLG-8-Sync2/OKLG-8-D3/OKLG-8-D3_20250615_130000.WAV"", ""/media/UofA/BU_Work/BayneLabWorkSpace/Katrine_workspace/AudioMothSync/OKLG-8-Sync2/OKLG-8-D1/OKLG-8-D1_20250615_130000.WAV"", ""/media/UofA/BU_Work/BayneLabWorkSpace/Katrine_workspace/AudioMothSync/OKLG-8-Sync2/OKLG-8-E1/OKLG-8-E1_20250615_130000.WAV"", ""/media/UofA/BU_Work/BayneLabWorkSpace/Katrine_workspace/AudioMothSync/OKLG-8-Sync2/OKLG-8-F3/OKLG-8-F3_20250615_130000.WAV"", ""/media/UofA/BU_Work/BayneLabWorkSpace/Katrine_workspace/AudioMothSync/OKLG-8-Sync2/OKLG-8-E3/OKLG-8-E3_20250615_130000.WAV"", ""/media/UofA/BU_Work/BayneLabWorkSpace/Katrine_workspace/AudioMothSync/OKLG-8-Sync2/OKLG-8-D2/OKLG-8-D2_20250615_130000.WAV"", ""/media/UofA/BU_Work/BayneLabWorkSpace/Katrine_workspace/AudioMothSync/OKLG-8-Sync2/OKLG-8-F2/OKLG-8-F2_20250615_130000.WAV"", ""/media/UofA/BU_Work/BayneLabWorkSpace/Katrine_workspace/AudioMothSync/OKLG-8-Sync2/OKLG-8-F1/OKLG-8-F1_20250615_130000.WAV""]","[[306217.0531, 5466551.09, 683.3621], [306182.3222, 5466520.693, 678.7913], [306180.9972, 5466588.911, 693.9689], [306217.3318, 5466587.32, 691.8683], [306250.0248, 5466517.354, 676.9194], [306217.233, 5466515.538, 675.7704], [306182.8221, 5466554.969, 686.2647], [306252.7451, 5466552.269, 682.6024], [306254.0111, 5466588.298, 690.7812]]",True,True,inside_10m,2025-06-15 13:00:37.500,370,/media/UofA/BU_Work/BayneLabWorkSpace/Katrine_workspace/Localization_per_day/OKLG-8-20250615/minspec_clips/370.wav,True,2025-06-15 06:00:37.500,-0.4479181,19.287394,-9.732952,0.041518964,-2.4886458,2,2,3
2025-06-15 18:46:43.500000+00:00,306170.88631445525,5466390.731367832,663.073825570635,0.020530717730122,0.331906009465456,4,"[""C7"", ""D7"", ""D6"", ""C6""]","[""/media/UofA/BU_Work/BayneLabWorkSpace/Katrine_workspace/AudioMothSync/OKLG-8-Sync2/OKLG-8-C7/OKLG-8-C7_20250615_183000.WAV"", ""/media/UofA/BU_Work/BayneLabWorkSpace/Katrine_workspace/AudioMothSync/OKLG-8-Sync2/OKLG-8-D7/OKLG-8-D7_20250615_183000.WAV"", ""/media/UofA/BU_Work/BayneLabWorkSpace/Katrine_workspace/AudioMothSync/OKLG-8-Sync2/OKLG-8-D6/OKLG-8-D6_20250615_183000.WAV"", ""/media/UofA/BU_Work/BayneLabWorkSpace/Katrine_workspace/AudioMothSync/OKLG-8-Sync2/OKLG-8-C6/OKLG-8-C6_20250615_183000.WAV""]","[[306149.2931, 5466377.298, 652.462], [306182.4104, 5466378.292, 650.5595], [306182.7549, 5466414.233, 658.2178], [306148.1571, 5466410.403, 660.6896]]",True,True,inside_10m,2025-06-15 18:46:43.500,1285,/media/UofA/BU_Work/BayneLabWorkSpace/Katrine_workspace/Localization_per_day/OKLG-8-20250615/minspec_clips/1285.wav,True,2025-06-15 11:46:43.500,-6.3317695,0.40132156,-2.7368329,-2.7239113,-4.011204,11,7,7
2025-06-15 18:45:31.500000+00:00,306170.53622313525,5466418.022951865,660.156598854532,0.0352826328702338,0.289608558639884,4,"[""E5"", ""E6"", ""D6"", ""D5""]","[""/media/UofA/BU_Work/BayneLabWorkSpace/Katrine_workspace/AudioMothSync/OKLG-8-Sync2/OKLG-8-E5/OKLG-8-E5_20250615_183000.WAV"", ""/media/UofA/BU_Work/BayneLabWorkSpace/Katrine_workspace/AudioMothSync/OKLG-8-Sync2/OKLG-8-E6/OKLG-8-E6_20250615_183000.WAV"", ""/media/UofA/BU_Work/BayneLabWorkSpace/Katrine_workspace/AudioMothSync/OKLG-8-Sync2/OKLG-8-D6/OKLG-8-D6_20250615_183000.WAV"", ""/media/UofA/BU_Work/BayneLabWorkSpace/Katrine_workspace/AudioMothSync/OKLG-8-Sync2/OKLG-8-D5/OKLG-8-D5_20250615_183000.WAV""]","[[306217.4541, 5466446.981, 661.48], [306218.2784, 5466411.837, 654.7701], [306182.7549, 5466414.233, 658.2178], [306182.6993, 5466449.16, 664.3166]]",False,True,between_10_15m,2025-06-15 18:45:31.500,1275,/media/UofA/BU_Work/BayneLabWorkSpace/Katrine_workspace/Localization_per_day/OKLG-8-20250615/minspec_clips/1275.wav,True,2025-06-15 11:45:31.500,-6.0182486,4.810355,-3.8900623,-4.7990294,-0.60992473,19,8,11
2025-06-15 14:56:22+00:00,306248.12211789214,5466520.75453565,677.7771709120132,0.5276731119856419,0.2395964106544852,8,"[""F3"", ""E2"", ""F4"", ""G4"", ""F2"", ""G3"", ""E3"", ""E4""]","[""/media/UofA/BU_Work/BayneLabWorkSpace/Katrine_workspace/AudioMothSync/OKLG-8-Sync2/OKLG-8-F3/OKLG-8-F3_20250615_143000.WAV"", ""/media/UofA/BU_Work/BayneLabWorkSpace/Katrine_workspace/AudioMothSync/OKLG-8-Sync2/OKLG-8-E2/OKLG-8-E2_20250615_143000.WAV"", ""/media/UofA/BU_Work/BayneLabWorkSpace/Katrine_workspace/AudioMothSync/OKLG-8-Sync2/OKLG-8-F4/OKLG-8-F4_20250615_143000.WAV"", ""/media/UofA/BU_Work/BayneLabWorkSpace/Katrine_workspace/AudioMothSync/OKLG-8-Sync2/OKLG-8-G4/OKLG-8-G4_20250615_143000.WAV"", ""/media/UofA/BU_Work/BayneLabWorkSpace/Katrine_workspace/AudioMothSync/OKLG-8-Sync2/OKLG-8-F2/OKLG-8-F2_20250615_143000.WAV"", ""/media/UofA/BU_Work/BayneLabWorkSpace/Katrine_workspace/AudioMothSync/OKLG-8-Sync2/OKLG-8-G3/OKLG-8-G3_20250615_143000.WAV"", ""/media/UofA/BU_Work/BayneLabWorkSpace/Katrine_workspace/AudioMothSync/OKLG-8-Sync2/OKLG-8-E3/OKLG-8-E3_20250615_143000.WAV"", ""/media/UofA/BU_Work/BayneLabWorkSpace/Katrine_workspace/AudioMothSync/OKLG-8-Sync2/OKLG-8-E4/OKLG-8-E4_20250615_143000.WAV""]","[[306250.0248, 5466517.354, 676.9194], [306217.0531, 5466551.09, 683.3621], [306250.9492, 5466481.06, 668.1608], [306285.9765, 5466480.944, 666.9948], [306252.7451, 5466552.269, 682.6024], [306286.6237, 5466518.56, 675.3752], [306217.233, 5466515.538, 675.7704], [306216.821, 5466481.42, 669.0224]]",True,True,inside_10m,2025-06-15 14:56:22.000,787,/media/UofA/BU_Work/BayneLabWorkSpace/Katrine_workspace/Localization_per_day/OKLG-8-20250615/minspec_clips/787.wav,True,2025-06-15 07:56:22.000,-2.8111196,-18.113688,4.705225,1.1941122,-4.5053473,0,0,8
2025-06-15 14:56:22+00:00,306248.12211789214,5466520.75453565,677.7771709120132,0.5276731119856419,0.2395964106544852,8,"[""F3"", ""E2"", ""F4"", ""G4"", ""F2"", ""G3"", ""E3"", ""E4""]","[""/media/UofA/BU_Work/BayneLabWorkSpace/Katrine_workspace/AudioMothSync/OKLG-8-Sync2/OKLG-8-F3/OKLG-8-F3_20250615_143000.WAV"", ""/media/UofA/BU_Work/BayneLabWorkSpace/Katrine_workspace/AudioMothSync/OKLG-8-Sync2/OKLG-8-E2/OKLG-8-E2_20250615_143000.WAV"", ""/media/UofA/BU_Work/BayneLabWorkSpace/Katrine_workspace/AudioMothSync/OKLG-8-Sync2/OKLG-8-F4/OKLG-8-F4_20250615_143000.WAV"", ""/media/UofA/BU_Work/BayneLabWorkSpace/Katrine_workspace/AudioMothSync/OKLG-8-Sync2/OKLG-8-G4/OKLG-8-G4_20250615_143000.WAV"", ""/media/UofA/BU_Work/BayneLabWorkSpace/Katrine_workspace/AudioMothSync/OKLG-8-Sync2/OKLG-8-F2/OKLG-8-F2_20250615_143000.WAV"", ""/media/UofA/BU_Work/BayneLabWorkSpace/Katrine_workspace/AudioMothSync/OKLG-8-Sync2/OKLG-8-G3/OKLG-8-G3_20250615_143000.WAV"", ""/media/UofA/BU_Work/BayneLabWorkSpace/Katrine_workspace/AudioMothSync/OKLG-8-Sync2/OKLG-8-E3/OKLG-8-E3_20250615_143000.WAV"", ""/media/UofA/BU_Work/BayneLabWorkSpace/Katrine_workspace/AudioMothSync/OKLG-8-Sync2/OKLG-8-E4/OKLG-8-E4_20250615_143000.WAV""]","[[306250.0248, 5466517.354, 676.9194], [306217.0531, 5466551.09, 683.3621], [306250.9492, 5466481.06, 668.1608], [306285.9765, 5466480.944, 666.9948], [306252.7451, 5466552.269, 682.6024], [306286.6237, 5466518.56, 675.3752], [306217.233, 5466515.538, 675.7704], [306216.821, 5466481.42, 669.0224]]",True,True,inside_10m,2025-06-15 14:56:22.000,787,/media/UofA/BU_Work/BayneLabWorkSpace/Katrine_workspace/Localization_per_day/OKLG-8-20250615/minspec_clips/787.wav,True,2025-06-15 07:56:22.000,-2.8111196,-18.113688,4.705225,1.1941122,-4.5053473,0,0,8
2025-06-15 18:49:19.500000+00:00,306171.3339232999,5466418.980299247,658.9314985252522,0.5545164785680495,0.1565214425532354,9,"[""D5"", ""C6"", ""E6"", ""E4"", ""C4"", ""D6"", ""E5"", ""C5"", ""D4""]","[""/media/UofA/BU_Work/BayneLabWorkSpace/Katrine_workspace/AudioMothSync/OKLG-8-Sync2/OKLG-8-D5/OKLG-8-D5_20250615_183000.WAV"", ""/media/UofA/BU_Work/BayneLabWorkSpace/Katrine_workspace/AudioMothSync/OKLG-8-Sync2/OKLG-8-C6/OKLG-8-C6_20250615_183000.WAV"", ""/media/UofA/BU_Work/BayneLabWorkSpace/Katrine_workspace/AudioMothSync/OKLG-8-Sync2/OKLG-8-E6/OKLG-8-E6_20250615_183000.WAV"", ""/media/UofA/BU_Work/BayneLabWorkSpace/Katrine_workspace/AudioMothSync/OKLG-8-Sync2/OKLG-8-E4/OKLG-8-E4_20250615_183000.WAV"", ""/media/UofA/BU_Work/BayneLabWorkSpace/Katrine_workspace/AudioMothSync/OKLG-8-Sync2/OKLG-8-C4/OKLG-8-C4_20250615_183000.WAV"", ""/media/UofA/BU_Work/BayneLabWorkSpace/Katrine_workspace/AudioMothSync/OKLG-8-Sync2/OKLG-8-D6/OKLG-8-D6_20250615_183000.WAV"", ""/media/UofA/BU_Work/BayneLabWorkSpace/Katrine_workspace/AudioMothSync/OKLG-8-Sync2/OKLG-8-E5/OKLG-8-E5_20250615_183000.WAV"", ""/media/UofA/BU_Work/BayneLabWorkSpace/Katrine_workspace/AudioMothSync/OKLG-8-Sync2/OKLG-8-C5/OKLG-8-C5_20250615_183000.WAV"", ""/media/UofA/BU_Work/BayneLabWorkSpace/Katrine_workspace/AudioMothSync/OKLG-8-Sync2/OKLG-8-D4/OKLG-8-D4_20250615_183000.WAV""]","[[306182.6993, 5466449.16, 664.3166], [306148.1571, 5466410.403, 660.6896], [306218.2784, 5466411.837, 654.7701], [306216.821, 5466481.42, 669.0224], [306146.9112, 5466480.896, 672.6855], [306182.7549, 5466414.233, 658.2178], [306217.4541, 5466446.981, 661.48], [306147.3596, 5466445.666, 666.7585], [306181.8788, 5466484.067, 671.3749]]",True,True,inside_10m,2025-06-15 18:49:19.500,1293,/media/UofA/BU_Work/BayneLabWorkSpace/Katrine_workspace/Localization_per_day/OKLG-8-20250615/minspec_clips/1293.wav,True,2025-06-15 11:49:19.500,-7.152311,7.786161,-2.7360964,-7.2601175,0.8799052,23,8,11
2025-06-15 14:55:04+00:00,306248.1284955839,5466521.013664043,676.283013195583,0.3656109447706068,0.2222733679744932,9,"[""E2"", ""F2"", ""D2"", ""D3"", ""F1"", ""E3"", ""E1"", ""D1"", ""F3""]","[""/media/UofA/BU_Work/BayneLabWorkSpace/Katrine_workspace/AudioMothSync/OKLG-8-Sync2/OKLG-8-E2/OKLG-8-E2_20250615_143000.WAV"", ""/media/UofA/BU_Work/BayneLabWorkSpace/Katrine_workspace/AudioMothSync/OKLG-8-Sync2/OKLG-8-F2/OKLG-8-F2_20250615_143000.WAV"", ""/media/UofA/BU_Work/BayneLabWorkSpace/Katrine_workspace/AudioMothSync/OKLG-8-Sync2/OKLG-8-D2/OKLG-8-D2_20250615_143000.WAV"", ""/media/UofA/BU_Work/BayneLabWorkSpace/Katrine_workspace/AudioMothSync/OKLG-8-Sync2/OKLG-8-D3/OKLG-8-D3_20250615_143000.WAV"", ""/media/UofA/BU_Work/BayneLabWorkSpace/Katrine_workspace/AudioMothSync/OKLG-8-Sync2/OKLG-8-F1/OKLG-8-F1_20250615_143000.WAV"", ""/media/UofA/BU_Work/BayneLabWorkSpace/Katrine_workspace/AudioMothSync/OKLG-8-Sync2/OKLG-8-E3/OKLG-8-E3_20250615_143000.WAV"", ""/media/UofA/BU_Work/BayneLabWorkSpace/Katrine_workspace/AudioMothSync/OKLG-8-Sync2/OKLG-8-E1/OKLG-8-E1_20250615_143000.WAV"", ""/media/UofA/BU_Work/BayneLabWorkSpace/Katrine_workspace/AudioMothSync/OKLG-8-Sync2/OKLG-8-D1/OKLG-8-D1_20250615_143000.WAV"", ""/media/UofA/BU_Work/BayneLabWorkSpace/Katrine_workspace/AudioMothSync/OKLG-8-Sync2/OKLG-8-F3/OKLG-8-F3_20250615_143000.WAV""]","[[306217.0531, 5466551.09, 683.3621], [306252.7451, 5466552.269, 682.6024], [306182.8221, 5466554.969, 686.2647], [306182.3222, 5466520.693, 678.7913], [306254.0111, 5466588.298, 690.7812], [306217.233, 5466515.538, 675.7704], [306217.3318, 5466587.32, 691.8683], [306180.9972, 5466588.911, 693.9689], [306250.0248, 5466517.354, 676.9194]]",True,True,inside_10m,2025-06-15 14:55:04.000,777,/media/UofA/BU_Work/BayneLabWorkSpace/Katrine_workspace/Localization_per_day/OKLG-8-20250615/minspec_clips/777.wav,True,2025-06-15 07:55:04.000,8.5655155,-9.449145,6.040673,3.0886078,3.3231993,13,4,4
2025-06-15 11:25:40+00:00,306242.2873762914,5466575.669709523,687.982604616569,0.4994202508156584,0.1770830912781613,7,"[""F2"", ""E2"", ""E1"", ""F3"", ""F1"", ""G1"", ""G3""]","[""/media/UofA/BU_Work/BayneLabWorkSpace/Katrine_workspace/AudioMothSync/OKLG-8-Sync2/OKLG-8-F2/OKLG-8-F2_20250615_110000.WAV"", ""/media/UofA/BU_Work/BayneLabWorkSpace/Katrine_workspace/AudioMothSync/OKLG-8-Sync2/OKLG-8-E2/OKLG-8-E2_20250615_110000.WAV"", ""/media/UofA/BU_Work/BayneLabWorkSpace/Katrine_workspace/AudioMothSync/OKLG-8-Sync2/OKLG-8-E1/OKLG-8-E1_20250615_110000.WAV"", ""/media/UofA/BU_Work/BayneLabWorkSpace/Katrine_workspace/AudioMothSync/OKLG-8-Sync2/OKLG-8-F3/OKLG-8-F3_20250615_110000.WAV"", ""/media/UofA/BU_Work/BayneLabWorkSpace/Katrine_workspace/AudioMothSync/OKLG-8-Sync2/OKLG-8-F1/OKLG-8-F1_20250615_110000.WAV"", ""/media/UofA/BU_Work/BayneLabWorkSpace/Katrine_workspace/AudioMothSync/OKLG-8-Sync2/OKLG-8-G1/OKLG-8-G1_20250615_110000.WAV"", ""/media/UofA/BU_Work/BayneLabWorkSpace/Katrine_workspace/AudioMothSync/OKLG-8-Sync2/OKLG-8-G3/OKLG-8-G3_20250615_110000.WAV""]","[[306252.7451, 5466552.269, 682.6024], [306217.0531, 5466551.09, 683.3621], [306217.3318, 5466587.32, 691.8683], [306250.0248, 5466517.354, 676.9194], [306254.0111, 5466588.298, 690.7812], [306287.4446, 5466588.531, 687.2285], [306286.6237, 5466518.56, 675.3752]]",True,True,between_10_15m,2025-06-15 11:25:40.000,4,/media/UofA/BU_Work/BayneLabWorkSpace/Katrine_workspace/Localization_per_day/OKLG-8-20250615/minspec_clips/4.wav,True,2025-06-15 04:25:40.000,-6.7267556,4.974203,-3.734837,-5.3307986,-1.1513821,19,8,11
2025-06-15 18:43:07.500000+00:00,306247.6459241714,5466521.018457877,677.1997395482755,0.105977256135733,0.1835910607543256,9,"[""E3"", ""E2"", ""D3"", ""F4"", ""D4"", ""E4"", ""F2"", ""D2"", ""F3""]","[""/media/UofA/BU_Work/BayneLabWorkSpace/Katrine_workspace/AudioMothSync/OKLG-8-Sync2/OKLG-8-E3/OKLG-8-E3_20250615_183000.WAV"", ""/media/UofA/BU_Work/BayneLabWorkSpace/Katrine_workspace/AudioMothSync/OKLG-8-Sync2/OKLG-8-E2/OKLG-8-E2_20250615_183000.WAV"", ""/media/UofA/BU_Work/BayneLabWorkSpace/Katrine_workspace/AudioMothSync/OKLG-8-Sync2/OKLG-8-D3/OKLG-8-D3_20250615_183000.WAV"", ""/media/UofA/BU_Work/BayneLabWorkSpace/Katrine_workspace/AudioMothSync/OKLG-8-Sync2/OKLG-8-F4/OKLG-8-F4_20250615_183000.WAV"", ""/media/UofA/BU_Work/BayneLabWorkSpace/Katrine_workspace/AudioMothSync/OKLG-8-Sync2/OKLG-8-D4/OKLG-8-D4_20250615_183000.WAV"", ""/media/UofA/BU_Work/BayneLabWorkSpace/Katrine_workspace/AudioMothSync/OKLG-8-Sync2/OKLG-8-E4/OKLG-8-E4_20250615_183000.WAV"", ""/media/UofA/BU_Work/BayneLabWorkSpace/Katrine_workspace/AudioMothSync/OKLG-8-Sync2/OKLG-8-F2/OKLG-8-F2_20250615_183000.WAV"", ""/media/UofA/BU_Work/BayneLabWorkSpace/Katrine_workspace/AudioMothSync/OKLG-8-Sync2/OKLG-8-D2/OKLG-8-D2_20250615_183000.WAV"", ""/media/UofA/BU_Work/BayneLabWorkSpace/Katrine_workspace/AudioMothSync/OKLG-8-Sync2/OKLG-8-F3/OKLG-8-F3_20250615_183000.WAV""]","[[306217.233, 5466515.538, 675.7704], [306217.0531, 5466551.09, 683.3621], [306182.3222, 5466520.693, 678.7913], [306250.9492, 5466481.06, 668.1608], [306181.8788, 5466484.067, 671.3749], [306216.821, 5466481.42, 669.0224], [306252.7451, 5466552.269, 682.6024], [306182.8221, 5466554.969, 686.2647], [306250.0248, 5466517.354, 676.9194]]",True,True,inside_10m,2025-06-15 18:43:07.500,1263,/media/UofA/BU_Work/BayneLabWorkSpace/Katrine_workspace/Localization_per_day/OKLG-8-20250615/minspec_clips/1263.wav,True,2025-06-15 11:43:07.500,-4.082645,6.8941317,-2.0435503,-4.251088,1.7718877,22,8,11
2025-06-15 17:42:49.500000+00:00,306231.667634057,5466451.872611692,662.2380023894012,0.2483432579985701,0.1982205784214394,7,"[""F4"", ""F3"", ""G4"", ""E5"", ""E4"", ""F5"", ""E3""]","[""/media/UofA/BU_Work/BayneLabWorkSpace/Katrine_workspace/AudioMothSync/OKLG-8-Sync2/OKLG-8-F4/OKLG-8-F4_20250615_173000.WAV"", ""/media/UofA/BU_Work/BayneLabWorkSpace/Katrine_workspace/AudioMothSync/OKLG-8-Sync2/OKLG-8-F3/OKLG-8-F3_20250615_173000.WAV"", ""/media/UofA/BU_Work/BayneLabWorkSpace/Katrine_workspace/AudioMothSync/OKLG-8-Sync2/OKLG-8-G4/OKLG-8-G4_20250615_173000.WAV"", ""/media/UofA/BU_Work/BayneLabWorkSpace/Katrine_workspace/AudioMothSync/OKLG-8-Sync2/OKLG-8-E5/OKLG-8-E5_20250615_173000.WAV"", ""/media/UofA/BU_Work/BayneLabWorkSpace/Katrine_workspace/AudioMothSync/OKLG-8-Sync2/OKLG-8-E4/OKLG-8-E4_20250615_173000.WAV"", ""/media/UofA/BU_Work/BayneLabWorkSpace/Katrine_workspace/AudioMothSync/OKLG-8-Sync2/OKLG-8-F5/OKLG-8-F5_20250615_173000.WAV"", ""/media/UofA/BU_Work/BayneLabWorkSpace/Katrine_workspace/AudioMothSync/OKLG-8-Sync2/OKLG-8-E3/OKLG-8-E3_20250615_173000.WAV""]","[[306250.9492, 5466481.06, 668.1608], [306250.0248, 5466517.354, 676.9194], [306285.9765, 5466480.944, 666.9948], [306217.4541, 5466446.981, 661.48], [306216.821, 5466481.42, 669.0224], [306252.7138, 5466447.403, 661.4525], [306217.233, 5466515.538, 675.7704]]",True,True,inside_10m,2025-06-15 17:42:49.500,1152,/media/UofA/BU_Work/BayneLabWorkSpace/Katrine_workspace/Localization_per_day/OKLG-8-20250615/minspec_clips/1152.wav,True,2025-06-15 10:42:49.500,9.80062,6.76521,-4.948556,1.9955477,5.4493527,17,10,5
2025-06-15 17:38:22+00:00,306222.58529554907,5466379.096227763,650.0709019195152,0.0268627655874213,0.26369154676795,5,"[""D7"", ""C7"", ""E7"", ""D6"", ""E6""]","[""/media/UofA/BU_Work/BayneLabWorkSpace/Katrine_workspace/AudioMothSync/OKLG-8-Sync2/OKLG-8-D7/OKLG-8-D7_20250615_170000.WAV"", ""/media/UofA/BU_Work/BayneLabWorkSpace/Katrine_workspace/AudioMothSync/OKLG-8-Sync2/OKLG-8-C7/OKLG-8-C7_20250615_170000.WAV"", ""/media/UofA/BU_Work/BayneLabWorkSpace/Katrine_workspace/AudioMothSync/OKLG-8-Sync2/OKLG-8-E7/OKLG-8-E7_20250615_170000.WAV"", ""/media/UofA/BU_Work/BayneLabWorkSpace/Katrine_workspace/AudioMothSync/OKLG-8-Sync2/OKLG-8-D6/OKLG-8-D6_20250615_170000.WAV"", ""/media/UofA/BU_Work/BayneLabWorkSpace/Katrine_workspace/AudioMothSync/OKLG-8-Sync2/OKLG-8-E6/OKLG-8-E6_20250615_170000.WAV""]","[[306182.4104, 5466378.292, 650.5595], [306149.2931, 5466377.298, 652.462], [306218.0862, 5466376.386, 647.919], [306182.7549, 5466414.233, 658.2178], [306218.2784, 5466411.837, 654.7701]]",False,True,inside_10m,2025-06-15 17:38:22.000,1137,/media/UofA/BU_Work/BayneLabWorkSpace/Katrine_workspace/Localization_per_day/OKLG-8-20250615/minspec_clips/1137.wav,True,2025-06-15 10:38:22.000,-1.7597708,15.202675,-5.2155304,-1.1449256,-3.0180266,-1,-1,7
2025-06-15 15:55:04+00:00,306247.7836727553,5466520.890619536,676.5884846814223,0.2974198366162744,0.2128234195988625,8,"[""E2"", ""F2"", ""D2"", ""D3"", ""F1"", ""E3"", ""F3"", ""D1""]","[""/media/UofA/BU_Work/BayneLabWorkSpace/Katrine_workspace/AudioMothSync/OKLG-8-Sync2/OKLG-8-E2/OKLG-8-E2_20250615_153000.WAV"", ""/media/UofA/BU_Work/BayneLabWorkSpace/Katrine_workspace/AudioMothSync/OKLG-8-Sync2/OKLG-8-F2/OKLG-8-F2_20250615_153000.WAV"", ""/media/UofA/BU_Work/BayneLabWorkSpace/Katrine_workspace/AudioMothSync/OKLG-8-Sync2/OKLG-8-D2/OKLG-8-D2_20250615_153000.WAV"", ""/media/UofA/BU_Work/BayneLabWorkSpace/Katrine_workspace/AudioMothSync/OKLG-8-Sync2/OKLG-8-D3/OKLG-8-D3_20250615_153000.WAV"", ""/media/UofA/BU_Work/BayneLabWorkSpace/Katrine_workspace/AudioMothSync/OKLG-8-Sync2/OKLG-8-F1/OKLG-8-F1_20250615_153000.WAV"", ""/media/UofA/BU_Work/BayneLabWorkSpace/Katrine_workspace/AudioMothSync/OKLG-8-Sync2/OKLG-8-E3/OKLG-8-E3_20250615_153000.WAV"", ""/media/UofA/BU_Work/BayneLabWorkSpace/Katrine_workspace/AudioMothSync/OKLG-8-Sync2/OKLG-8-F3/OKLG-8-F3_20250615_153000.WAV"", ""/media/UofA/BU_Work/BayneLabWorkSpace/Katrine_workspace/AudioMothSync/OKLG-8-Sync2/OKLG-8-D1/OKLG-8-D1_20250615_153000.WAV""]","[[306217.0531, 5466551.09, 683.3621], [306252.7451, 5466552.269, 682.6024], [306182.8221, 5466554.969, 686.2647], [306182.3222, 5466520.693, 678.7913], [306254.0111, 5466588.298, 690.7812], [306217.233, 5466515.538, 675.7704], [306250.0248, 5466517.354, 676.9194], [306180.9972, 5466588.911, 693.9689]]",True,True,inside_10m,2025-06-15 15:55:04.000,993,/media/UofA/BU_Work/BayneLabWorkSpace/Katrine_workspace/Localization_per_day/OKLG-8-20250615/minspec_clips/993.wav,True,2025-06-15 08:55:04.000,-6.364326,8.589244,-1.2981372,-6.8540764,1.1834046,23,8,11
2025-06-15 15:47:49.500000+00:00,306247.99877349945,5466521.3291134015,677.0566584532976,0.3286683565050491,0.2729924333592256,6,"[""E3"", ""F2"", ""E4"", ""D3"", ""F3"", ""E2""]","[""/media/UofA/BU_Work/BayneLabWorkSpace/Katrine_workspace/AudioMothSync/OKLG-8-Sync2/OKLG-8-E3/OKLG-8-E3_20250615_153000.WAV"", ""/media/UofA/BU_Work/BayneLabWorkSpace/Katrine_workspace/AudioMothSync/OKLG-8-Sync2/OKLG-8-F2/OKLG-8-F2_20250615_153000.WAV"", ""/media/UofA/BU_Work/BayneLabWorkSpace/Katrine_workspace/AudioMothSync/OKLG-8-Sync2/OKLG-8-E4/OKLG-8-E4_20250615_153000.WAV"", ""/media/UofA/BU_Work/BayneLabWorkSpace/Katrine_workspace/AudioMothSync/OKLG-8-Sync2/OKLG-8-D3/OKLG-8-D3_20250615_153000.WAV"", ""/media/UofA/BU_Work/BayneLabWorkSpace/Katrine_workspace/AudioMothSync/OKLG-8-Sync2/OKLG-8-F3/OKLG-8-F3_20250615_153000.WAV"", ""/media/UofA/BU_Work/BayneLabWorkSpace/Katrine_workspace/AudioMothSync/OKLG-8-Sync2/OKLG-8-E2/OKLG-8-E2_20250615_153000.WAV""]","[[306217.233, 5466515.538, 675.7704], [306252.7451, 5466552.269, 682.6024], [306216.821, 5466481.42, 669.0224], [306182.3222, 5466520.693, 678.7913], [306250.0248, 5466517.354, 676.9194], [306217.0531, 5466551.09, 683.3621]]",True,True,inside_10m,2025-06-15 15:47:49.500,963,/media/UofA/BU_Work/BayneLabWorkSpace/Katrine_workspace/Localization_per_day/OKLG-8-20250615/minspec_clips/963.wav,True,2025-06-15 08:47:49.500,-3.3522186,-19.186445,5.386961,0.13749056,-5.737668,0,0,8
2025-06-15 18:03:28+00:00,306231.48116059706,5466452.240301847,661.3682825971603,0.0577875838089723,0.1850840904646449,9,"[""E4"", ""F4"", ""E3"", ""F3"", ""F5"", ""D5"", ""E5"", ""D3"", ""D4""]","[""/media/UofA/BU_Work/BayneLabWorkSpace/Katrine_workspace/AudioMothSync/OKLG-8-Sync2/OKLG-8-E4/OKLG-8-E4_20250615_173000.WAV"", ""/media/UofA/BU_Work/BayneLabWorkSpace/Katrine_workspace/AudioMothSync/OKLG-8-Sync2/OKLG-8-F4/OKLG-8-F4_20250615_173000.WAV"", ""/media/UofA/BU_Work/BayneLabWorkSpace/Katrine_workspace/AudioMothSync/OKLG-8-Sync2/OKLG-8-E3/OKLG-8-E3_20250615_173000.WAV"", ""/media/UofA/BU_Work/BayneLabWorkSpace/Katrine_workspace/AudioMothSync/OKLG-8-Sync2/OKLG-8-F3/OKLG-8-F3_20250615_173000.WAV"", ""/media/UofA/BU_Work/BayneLabWorkSpace/Katrine_workspace/AudioMothSync/OKLG-8-Sync2/OKLG-8-F5/OKLG-8-F5_20250615_173000.WAV"", ""/media/UofA/BU_Work/BayneLabWorkSpace/Katrine_workspace/AudioMothSync/OKLG-8-Sync2/OKLG-8-D5/OKLG-8-D5_20250615_173000.WAV"", ""/media/UofA/BU_Work/BayneLabWorkSpace/Katrine_workspace/AudioMothSync/OKLG-8-Sync2/OKLG-8-E5/OKLG-8-E5_20250615_173000.WAV"", ""/media/UofA/BU_Work/BayneLabWorkSpace/Katrine_workspace/AudioMothSync/OKLG-8-Sync2/OKLG-8-D3/OKLG-8-D3_20250615_173000.WAV"", ""/media/UofA/BU_Work/BayneLabWorkSpace/Katrine_workspace/AudioMothSync/OKLG-8-Sync2/OKLG-8-D4/OKLG-8-D4_20250615_173000.WAV""]","[[306216.821, 5466481.42, 669.0224], [306250.9492, 5466481.06, 668.1608], [306217.233, 5466515.538, 675.7704], [306250.0248, 5466517.354, 676.9194], [306252.7138, 5466447.403, 661.4525], [306182.6993, 5466449.16, 664.3166], [306217.4541, 5466446.981, 661.48], [306182.3222, 5466520.693, 678.7913], [306181.8788, 5466484.067, 671.3749]]",True,True,inside_10m,2025-06-15 18:03:28.000,1198,/media/UofA/BU_Work/BayneLabWorkSpace/Katrine_workspace/Localization_per_day/OKLG-8-20250615/minspec_clips/1198.wav,True,2025-06-15 11:03:28.000,-10.157795,-11.897085,10.410134,-4.8343453,-2.7208698,-1,1,2
2025-06-15 15:52:43.500000+00:00,306247.7549254713,5466520.872771599,676.5322602120274,0.3372995264105076,0.1754287988361385,9,"[""E2"", ""D3"", ""F1"", ""D2"", ""D1"", ""F2"", ""E1"", ""E3"", ""F3""]","[""/media/UofA/BU_Work/BayneLabWorkSpace/Katrine_workspace/AudioMothSync/OKLG-8-Sync2/OKLG-8-E2/OKLG-8-E2_20250615_153000.WAV"", ""/media/UofA/BU_Work/BayneLabWorkSpace/Katrine_workspace/AudioMothSync/OKLG-8-Sync2/OKLG-8-D3/OKLG-8-D3_20250615_153000.WAV"", ""/media/UofA/BU_Work/BayneLabWorkSpace/Katrine_workspace/AudioMothSync/OKLG-8-Sync2/OKLG-8-F1/OKLG-8-F1_20250615_153000.WAV"", ""/media/UofA/BU_Work/BayneLabWorkSpace/Katrine_workspace/AudioMothSync/OKLG-8-Sync2/OKLG-8-D2/OKLG-8-D2_20250615_153000.WAV"", ""/media/UofA/BU_Work/BayneLabWorkSpace/Katrine_workspace/AudioMothSync/OKLG-8-Sync2/OKLG-8-D1/OKLG-8-D1_20250615_153000.WAV"", ""/media/UofA/BU_Work/BayneLabWorkSpace/Katrine_workspace/AudioMothSync/OKLG-8-Sync2/OKLG-8-F2/OKLG-8-F2_20250615_153000.WAV"", ""/media/UofA/BU_Work/BayneLabWorkSpace/Katrine_workspace/AudioMothSync/OKLG-8-Sync2/OKLG-8-E1/OKLG-8-E1_20250615_153000.WAV"", ""/media/UofA/BU_Work/BayneLabWorkSpace/Katrine_workspace/AudioMothSync/OKLG-8-Sync2/OKLG-8-E3/OKLG-8-E3_20250615_153000.WAV"", ""/media/UofA/BU_Work/BayneLabWorkSpace/Katrine_workspace/AudioMothSync/OKLG-8-Sync2/OKLG-8-F3/OKLG-8-F3_20250615_153000.WAV""]","[[306217.0531, 5466551.09, 683.3621], [306182.3222, 5466520.693, 678.7913], [306254.0111, 5466588.298, 690.7812], [306182.8221, 5466554.969, 686.2647], [306180.9972, 5466588.911, 693.9689], [306252.7451, 5466552.269, 682.6024], [306217.3318, 5466587.32, 691.8683], [306217.233, 5466515.538, 675.7704], [306250.0248, 5466517.354, 676.9194]]",True,True,inside_10m,2025-06-15 15:52:43.500,985,/media/UofA/BU_Work/BayneLabWorkSpace/Katrine_workspace/Localization_per_day/OKLG-8-20250615/minspec_clips/985.wav,True,2025-06-15 08:52:43.500,9.090846,5.6881905,-3.5974965,0.8487779,5.2683954,17,10,5
2025-06-15 12:44:43.500000+00:00,306248.1131916989,5466521.184022447,677.0386032136182,0.7864133629058738,0.1840478621888905,8,"[""F2"", ""E2"", ""F1"", ""F3"", ""G1"", ""E3"", ""G3"", ""E1""]","[""/media/UofA/BU_Work/BayneLabWorkSpace/Katrine_workspace/AudioMothSync/OKLG-8-Sync2/OKLG-8-F2/OKLG-8-F2_20250615_123000.WAV"", ""/media/UofA/BU_Work/BayneLabWorkSpace/Katrine_workspace/AudioMothSync/OKLG-8-Sync2/OKLG-8-E2/OKLG-8-E2_20250615_123000.WAV"", ""/media/UofA/BU_Work/BayneLabWorkSpace/Katrine_workspace/AudioMothSync/OKLG-8-Sync2/OKLG-8-F1/OKLG-8-F1_20250615_123000.WAV"", ""/media/UofA/BU_Work/BayneLabWorkSpace/Katrine_workspace/AudioMothSync/OKLG-8-Sync2/OKLG-8-F3/OKLG-8-F3_20250615_123000.WAV"", ""/media/UofA/BU_Work/BayneLabWorkSpace/Katrine_workspace/AudioMothSync/OKLG-8-Sync2/OKLG-8-G1/OKLG-8-G1_20250615_123000.WAV"", ""/media/UofA/BU_Work/BayneLabWorkSpace/Katrine_workspace/AudioMothSync/OKLG-8-Sync2/OKLG-8-E3/OKLG-8-E3_20250615_123000.WAV"", ""/media/UofA/BU_Work/BayneLabWorkSpace/Katrine_workspace/AudioMothSync/OKLG-8-Sync2/OKLG-8-G3/OKLG-8-G3_20250615_123000.WAV"", ""/media/UofA/BU_Work/BayneLabWorkSpace/Katrine_workspace/AudioMothSync/OKLG-8-Sync2/OKLG-8-E1/OKLG-8-E1_20250615_123000.WAV""]","[[306252.7451, 5466552.269, 682.6024], [306217.0531, 5466551.09, 683.3621], [306254.0111, 5466588.298, 690.7812], [306250.0248, 5466517.354, 676.9194], [306287.4446, 5466588.531, 687.2285], [306217.233, 5466515.538, 675.7704], [306286.6237, 5466518.56, 675.3752], [306217.3318, 5466587.32, 691.8683]]",True,True,inside_10m,2025-06-15 12:44:43.500,270,/media/UofA/BU_Work/BayneLabWorkSpace/Katrine_workspace/Localization_per_day/OKLG-8-20250615/minspec_clips/270.wav,True,2025-06-15 05:44:43.500,10.719644,6.953432,-3.2223728,1.6567304,6.629533,17,10,5
2025-06-15 15:50:40+00:00,306247.9166662184,5466521.074422916,676.272429282712,0.2072621919309933,0.2356853953429631,7,"[""E2"", ""D2"", ""D1"", ""F3"", ""F2"", ""E3"", ""F1""]","[""/media/UofA/BU_Work/BayneLabWorkSpace/Katrine_workspace/AudioMothSync/OKLG-8-Sync2/OKLG-8-E2/OKLG-8-E2_20250615_153000.WAV"", ""/media/UofA/BU_Work/BayneLabWorkSpace/Katrine_workspace/AudioMothSync/OKLG-8-Sync2/OKLG-8-D2/OKLG-8-D2_20250615_153000.WAV"", ""/media/UofA/BU_Work/BayneLabWorkSpace/Katrine_workspace/AudioMothSync/OKLG-8-Sync2/OKLG-8-D1/OKLG-8-D1_20250615_153000.WAV"", ""/media/UofA/BU_Work/BayneLabWorkSpace/Katrine_workspace/AudioMothSync/OKLG-8-Sync2/OKLG-8-F3/OKLG-8-F3_20250615_153000.WAV"", ""/media/UofA/BU_Work/BayneLabWorkSpace/Katrine_workspace/AudioMothSync/OKLG-8-Sync2/OKLG-8-F2/OKLG-8-F2_20250615_153000.WAV"", ""/media/UofA/BU_Work/BayneLabWorkSpace/Katrine_workspace/AudioMothSync/OKLG-8-Sync2/OKLG-8-E3/OKLG-8-E3_20250615_153000.WAV"", ""/media/UofA/BU_Work/BayneLabWorkSpace/Katrine_workspace/AudioMothSync/OKLG-8-Sync2/OKLG-8-F1/OKLG-8-F1_20250615_153000.WAV""]","[[306217.0531, 5466551.09, 683.3621], [306182.8221, 5466554.969, 686.2647], [306180.9972, 5466588.911, 693.9689], [306250.0248, 5466517.354, 676.9194], [306252.7451, 5466552.269, 682.6024], [306217.233, 5466515.538, 675.7704], [306254.0111, 5466588.298, 690.7812]]",True,True,inside_10m,2025-06-15 15:50:40.000,975,/media/UofA/BU_Work/BayneLabWorkSpace/Katrine_workspace/Localization_per_day/OKLG-8-20250615/minspec_clips/975.wav,True,2025-06-15 08:50:40.000,0.014698482,-1.6212022,2.8153756,-0.88504297,1.8968856,-1,8,0
2025-06-15 12:21:34+00:00,306247.8803047749,5466521.131439364,677.7947998740466,0.4430178701152583,0.2062379730244477,6,"[""F4"", ""G3"", ""F3"", ""E3"", ""G4"", ""F5""]","[""/media/UofA/BU_Work/BayneLabWorkSpace/Katrine_workspace/AudioMothSync/OKLG-8-Sync2/OKLG-8-F4/OKLG-8-F4_20250615_120000.WAV"", ""/media/UofA/BU_Work/BayneLabWorkSpace/Katrine_workspace/AudioMothSync/OKLG-8-Sync2/OKLG-8-G3/OKLG-8-G3_20250615_120000.WAV"", ""/media/UofA/BU_Work/BayneLabWorkSpace/Katrine_workspace/AudioMothSync/OKLG-8-Sync2/OKLG-8-F3/OKLG-8-F3_20250615_120000.WAV"", ""/media/UofA/BU_Work/BayneLabWorkSpace/Katrine_workspace/AudioMothSync/OKLG-8-Sync2/OKLG-8-E3/OKLG-8-E3_20250615_120000.WAV"", ""/media/UofA/BU_Work/BayneLabWorkSpace/Katrine_workspace/AudioMothSync/OKLG-8-Sync2/OKLG-8-G4/OKLG-8-G4_20250615_120000.WAV"", ""/media/UofA/BU_Work/BayneLabWorkSpace/Katrine_workspace/AudioMothSync/OKLG-8-Sync2/OKLG-8-F5/OKLG-8-F5_20250615_120000.WAV""]","[[306250.9492, 5466481.06, 668.1608], [306286.6237, 5466518.56, 675.3752], [306250.0248, 5466517.354, 676.9194], [306217.233, 5466515.538, 675.7704], [306285.9765, 5466480.944, 666.9948], [306252.7138, 5466447.403, 661.4525]]",False,True,inside_10m,2025-06-15 12:21:34.000,203,/media/UofA/BU_Work/BayneLabWorkSpace/Katrine_workspace/Localization_per_day/OKLG-8-20250615/minspec_clips/203.wav,True,2025-06-15 05:21:34.000,3.7322834,13.687307,-7.598547,2.9960098,0.10063162,5,5,10
2025-06-15 17:45:58+00:00,306231.5297930878,5466451.86755472,662.9135040191502,0.2614047956231859,0.2119942080850402,6,"[""F5"", ""G4"", ""E6"", ""E4"", ""F4"", ""E5""]","[""/media/UofA/BU_Work/BayneLabWorkSpace/Katrine_workspace/AudioMothSync/OKLG-8-Sync2/OKLG-8-F5/OKLG-8-F5_20250615_173000.WAV"", ""/media/UofA/BU_Work/BayneLabWorkSpace/Katrine_workspace/AudioMothSync/OKLG-8-Sync2/OKLG-8-G4/OKLG-8-G4_20250615_173000.WAV"", ""/media/UofA/BU_Work/BayneLabWorkSpace/Katrine_workspace/AudioMothSync/OKLG-8-Sync2/OKLG-8-E6/OKLG-8-E6_20250615_173000.WAV"", ""/media/UofA/BU_Work/BayneLabWorkSpace/Katrine_workspace/AudioMothSync/OKLG-8-Sync2/OKLG-8-E4/OKLG-8-E4_20250615_173000.WAV"", ""/media/UofA/BU_Work/BayneLabWorkSpace/Katrine_workspace/AudioMothSync/OKLG-8-Sync2/OKLG-8-F4/OKLG-8-F4_20250615_173000.WAV"", ""/media/UofA/BU_Work/BayneLabWorkSpace/Katrine_workspace/AudioMothSync/OKLG-8-Sync2/OKLG-8-E5/OKLG-8-E5_20250615_173000.WAV""]","[[306252.7138, 5466447.403, 661.4525], [306285.9765, 5466480.944, 666.9948], [306218.2784, 5466411.837, 654.7701], [306216.821, 5466481.42, 669.0224], [306250.9492, 5466481.06, 668.1608], [306217.4541, 5466446.981, 661.48]]",True,True,inside_10m,2025-06-15 17:45:58.000,1157,/media/UofA/BU_Work/BayneLabWorkSpace/Katrine_workspace/Localization_per_day/OKLG-8-20250615/minspec_clips/1157.wav,True,2025-06-15 10:45:58.000,8.34127,4.7984505,-4.3672175,-0.644224,4.536037,17,10,5
2025-06-15 15:48:34+00:00,306247.9965464363,5466521.356989787,677.5610414064615,0.2738562221811874,0.292287078499794,5,"[""E3"", ""E4"", ""F2"", ""E2"", ""F3""]","[""/media/UofA/BU_Work/BayneLabWorkSpace/Katrine_workspace/AudioMothSync/OKLG-8-Sync2/OKLG-8-E3/OKLG-8-E3_20250615_153000.WAV"", ""/media/UofA/BU_Work/BayneLabWorkSpace/Katrine_workspace/AudioMothSync/OKLG-8-Sync2/OKLG-8-E4/OKLG-8-E4_20250615_153000.WAV"", ""/media/UofA/BU_Work/BayneLabWorkSpace/Katrine_workspace/AudioMothSync/OKLG-8-Sync2/OKLG-8-F2/OKLG-8-F2_20250615_153000.WAV"", ""/media/UofA/BU_Work/BayneLabWorkSpace/Katrine_workspace/AudioMothSync/OKLG-8-Sync2/OKLG-8-E2/OKLG-8-E2_20250615_153000.WAV"", ""/media/UofA/BU_Work/BayneLabWorkSpace/Katrine_workspace/AudioMothSync/OKLG-8-Sync2/OKLG-8-F3/OKLG-8-F3_20250615_153000.WAV""]","[[306217.233, 5466515.538, 675.7704], [306216.821, 5466481.42, 669.0224], [306252.7451, 5466552.269, 682.6024], [306217.0531, 5466551.09, 683.3621], [306250.0248, 5466517.354, 676.9194]]",True,True,inside_10m,2025-06-15 15:48:34.000,966,/media/UofA/BU_Work/BayneLabWorkSpace/Katrine_workspace/Localization_per_day/OKLG-8-20250615/minspec_clips/966.wav,True,2025-06-15 08:48:34.000,-4.879382,-20.057253,7.4540267,0.73254496,-6.1259494,0,0,8
2025-06-15 17:15:28+00:00,306233.17571795726,5466568.849679532,683.5702911801836,4.766690614549974e-06,0.2937169857323169,4,"[""F1"", ""E2"", ""E1"", ""F2""]","[""/media/UofA/BU_Work/BayneLabWorkSpace/Katrine_workspace/AudioMothSync/OKLG-8-Sync2/OKLG-8-F1/OKLG-8-F1_20250615_170000.WAV"", ""/media/UofA/BU_Work/BayneLabWorkSpace/Katrine_workspace/AudioMothSync/OKLG-8-Sync2/OKLG-8-E2/OKLG-8-E2_20250615_170000.WAV"", ""/media/UofA/BU_Work/BayneLabWorkSpace/Katrine_workspace/AudioMothSync/OKLG-8-Sync2/OKLG-8-E1/OKLG-8-E1_20250615_170000.WAV"", ""/media/UofA/BU_Work/BayneLabWorkSpace/Katrine_workspace/AudioMothSync/OKLG-8-Sync2/OKLG-8-F2/OKLG-8-F2_20250615_170000.WAV""]","[[306254.0111, 5466588.298, 690.7812], [306217.0531, 5466551.09, 683.3621], [306217.3318, 5466587.32, 691.8683], [306252.7451, 5466552.269, 682.6024]]",True,True,inside_10m,2025-06-15 17:15:28.000,1108,/media/UofA/BU_Work/BayneLabWorkSpace/Katrine_workspace/Localization_per_day/OKLG-8-20250615/minspec_clips/1108.wav,True,2025-06-15 10:15:28.000,6.631429,-4.6091857,1.9909773,5.9009056,1.736268,7,3,9
2025-06-15 17:15:28+00:00,306233.17571795726,5466568.849679532,683.5702911801836,4.766690614549974e-06,0.2937169857323169,4,"[""F1"", ""E2"", ""E1"", ""F2""]","[""/media/UofA/BU_Work/BayneLabWorkSpace/Katrine_workspace/AudioMothSync/OKLG-8-Sync2/OKLG-8-F1/OKLG-8-F1_20250615_170000.WAV"", ""/media/UofA/BU_Work/BayneLabWorkSpace/Katrine_workspace/AudioMothSync/OKLG-8-Sync2/OKLG-8-E2/OKLG-8-E2_20250615_170000.WAV"", ""/media/UofA/BU_Work/BayneLabWorkSpace/Katrine_workspace/AudioMothSync/OKLG-8-Sync2/OKLG-8-E1/OKLG-8-E1_20250615_170000.WAV"", ""/media/UofA/BU_Work/BayneLabWorkSpace/Katrine_workspace/AudioMothSync/OKLG-8-Sync2/OKLG-8-F2/OKLG-8-F2_20250615_170000.WAV""]","[[306254.0111, 5466588.298, 690.7812], [306217.0531, 5466551.09, 683.3621], [306217.3318, 5466587.32, 691.8683], [306252.7451, 5466552.269, 682.6024]]",True,True,inside_10m,2025-06-15 17:15:28.000,1108,/media/UofA/BU_Work/BayneLabWorkSpace/Katrine_workspace/Localization_per_day/OKLG-8-20250615/minspec_clips/1108.wav,True,2025-06-15 10:15:28.000,6.631839,-4.6100445,2.4182465,5.7426815,1.8406385,7,3,9
2025-06-15 17:15:28+00:00,306233.17571795726,5466568.849679532,683.5702911801836,4.766690614549974e-06,0.2937169857323169,4,"[""F1"", ""E2"", ""E1"", ""F2""]","[""/media/UofA/BU_Work/BayneLabWorkSpace/Katrine_workspace/AudioMothSync/OKLG-8-Sync2/OKLG-8-F1/OKLG-8-F1_20250615_170000.WAV"", ""/media/UofA/BU_Work/BayneLabWorkSpace/Katrine_workspace/AudioMothSync/OKLG-8-Sync2/OKLG-8-E2/OKLG-8-E2_20250615_170000.WAV"", ""/media/UofA/BU_Work/BayneLabWorkSpace/Katrine_workspace/AudioMothSync/OKLG-8-Sync2/OKLG-8-E1/OKLG-8-E1_20250615_170000.WAV"", ""/media/UofA/BU_Work/BayneLabWorkSpace/Katrine_workspace/AudioMothSync/OKLG-8-Sync2/OKLG-8-F2/OKLG-8-F2_20250615_170000.WAV""]","[[306254.0111, 5466588.298, 690.7812], [306217.0531, 5466551.09, 683.3621], [306217.3318, 5466587.32, 691.8683], [306252.7451, 5466552.269, 682.6024]]",True,True,inside_10m,2025-06-15 17:15:28.000,1108,/media/UofA/BU_Work/BayneLabWorkSpace/Katrine_workspace/Localization_per_day/OKLG-8-20250615/minspec_clips/1108.wav,True,2025-06-15 10:15:28.000,6.6317477,-4.6098976,2.2045734,5.7567163,1.8230249,7,3,9
2025-06-15 15:30:10+00:00,306193.3335909732,5466367.752076353,647.2807529389219,0.226219475937666,0.2865383890457451,4,"[""D7"", ""E7"", ""E6"", ""C6""]","[""/media/UofA/BU_Work/BayneLabWorkSpace/Katrine_workspace/AudioMothSync/OKLG-8-Sync2/OKLG-8-D7/OKLG-8-D7_20250615_153000.WAV"", ""/media/UofA/BU_Work/BayneLabWorkSpace/Katrine_workspace/AudioMothSync/OKLG-8-Sync2/OKLG-8-E7/OKLG-8-E7_20250615_153000.WAV"", ""/media/UofA/BU_Work/BayneLabWorkSpace/Katrine_workspace/AudioMothSync/OKLG-8-Sync2/OKLG-8-E6/OKLG-8-E6_20250615_153000.WAV"", ""/media/UofA/BU_Work/BayneLabWorkSpace/Katrine_workspace/AudioMothSync/OKLG-8-Sync2/OKLG-8-C6/OKLG-8-C6_20250615_153000.WAV""]","[[306182.4104, 5466378.292, 650.5595], [306218.0862, 5466376.386, 647.919], [306218.2784, 5466411.837, 654.7701], [306148.1571, 5466410.403, 660.6896]]",False,True,inside_10m,2025-06-15 15:30:10.000,915,/media/UofA/BU_Work/BayneLabWorkSpace/Katrine_workspace/Localization_per_day/OKLG-8-20250615/minspec_clips/915.wav,True,2025-06-15 08:30:10.000,2.1157472,7.7495112,-3.9477284,2.5117934,-1.4945446,16,-1,6
2025-06-15 15:51:19.500000+00:00,306248.0829078676,5466521.491009037,678.2255462204465,0.6683691750086208,0.1253106010974281,9,"[""E4"", ""F4"", ""F3"", ""E3"", ""D3"", ""F5"", ""D4"", ""E5"", ""D5""]","[""/media/UofA/BU_Work/BayneLabWorkSpace/Katrine_workspace/AudioMothSync/OKLG-8-Sync2/OKLG-8-E4/OKLG-8-E4_20250615_153000.WAV"", ""/media/UofA/BU_Work/BayneLabWorkSpace/Katrine_workspace/AudioMothSync/OKLG-8-Sync2/OKLG-8-F4/OKLG-8-F4_20250615_153000.WAV"", ""/media/UofA/BU_Work/BayneLabWorkSpace/Katrine_workspace/AudioMothSync/OKLG-8-Sync2/OKLG-8-F3/OKLG-8-F3_20250615_153000.WAV"", ""/media/UofA/BU_Work/BayneLabWorkSpace/Katrine_workspace/AudioMothSync/OKLG-8-Sync2/OKLG-8-E3/OKLG-8-E3_20250615_153000.WAV"", ""/media/UofA/BU_Work/BayneLabWorkSpace/Katrine_workspace/AudioMothSync/OKLG-8-Sync2/OKLG-8-D3/OKLG-8-D3_20250615_153000.WAV"", ""/media/UofA/BU_Work/BayneLabWorkSpace/Katrine_workspace/AudioMothSync/OKLG-8-Sync2/OKLG-8-F5/OKLG-8-F5_20250615_153000.WAV"", ""/media/UofA/BU_Work/BayneLabWorkSpace/Katrine_workspace/AudioMothSync/OKLG-8-Sync2/OKLG-8-D4/OKLG-8-D4_20250615_153000.WAV"", ""/media/UofA/BU_Work/BayneLabWorkSpace/Katrine_workspace/AudioMothSync/OKLG-8-Sync2/OKLG-8-E5/OKLG-8-E5_20250615_153000.WAV"", ""/media/UofA/BU_Work/BayneLabWorkSpace/Katrine_workspace/AudioMothSync/OKLG-8-Sync2/OKLG-8-D5/OKLG-8-D5_20250615_153000.WAV""]","[[306216.821, 5466481.42, 669.0224], [306250.9492, 5466481.06, 668.1608], [306250.0248, 5466517.354, 676.9194], [306217.233, 5466515.538, 675.7704], [306182.3222, 5466520.693, 678.7913], [306252.7138, 5466447.403, 661.4525], [306181.8788, 5466484.067, 671.3749], [306217.4541, 5466446.981, 661.48], [306182.6993, 5466449.16, 664.3166]]",False,True,inside_10m,2025-06-15 15:51:19.500,980,/media/UofA/BU_Work/BayneLabWorkSpace/Katrine_workspace/Localization_per_day/OKLG-8-20250615/minspec_clips/980.wav,True,2025-06-15 08:51:19.500,3.846523,7.6816545,-2.562976,2.7122793,0.2578297,14,-1,6
2025-06-15 15:27:58+00:00,306248.08799685165,5466521.2133186925,677.3369717223499,0.26545299451114,0.2172382331142822,6,"[""F2"", ""F3"", ""E3"", ""F1"", ""G3"", ""E2""]","[""/media/UofA/BU_Work/BayneLabWorkSpace/Katrine_workspace/AudioMothSync/OKLG-8-Sync2/OKLG-8-F2/OKLG-8-F2_20250615_150000.WAV"", ""/media/UofA/BU_Work/BayneLabWorkSpace/Katrine_workspace/AudioMothSync/OKLG-8-Sync2/OKLG-8-F3/OKLG-8-F3_20250615_150000.WAV"", ""/media/UofA/BU_Work/BayneLabWorkSpace/Katrine_workspace/AudioMothSync/OKLG-8-Sync2/OKLG-8-E3/OKLG-8-E3_20250615_150000.WAV"", ""/media/UofA/BU_Work/BayneLabWorkSpace/Katrine_workspace/AudioMothSync/OKLG-8-Sync2/OKLG-8-F1/OKLG-8-F1_20250615_150000.WAV"", ""/media/UofA/BU_Work/BayneLabWorkSpace/Katrine_workspace/AudioMothSync/OKLG-8-Sync2/OKLG-8-G3/OKLG-8-G3_20250615_150000.WAV"", ""/media/UofA/BU_Work/BayneLabWorkSpace/Katrine_workspace/AudioMothSync/OKLG-8-Sync2/OKLG-8-E2/OKLG-8-E2_20250615_150000.WAV""]","[[306252.7451, 5466552.269, 682.6024], [306250.0248, 5466517.354, 676.9194], [306217.233, 5466515.538, 675.7704], [306254.0111, 5466588.298, 690.7812], [306286.6237, 5466518.56, 675.3752], [306217.0531, 5466551.09, 683.3621]]",True,True,inside_10m,2025-06-15 15:27:58.000,903,/media/UofA/BU_Work/BayneLabWorkSpace/Katrine_workspace/Localization_per_day/OKLG-8-20250615/minspec_clips/903.wav,True,2025-06-15 08:27:58.000,-4.7140207,-19.882835,7.0242677,1.1941093,-6.461941,0,0,8
2025-06-15 12:03:52+00:00,306248.07556982,5466521.180989779,677.0984020598753,0.9778294076499828,0.184299826156348,8,"[""F2"", ""F3"", ""F1"", ""E3"", ""E1"", ""G3"", ""G1"", ""E2""]","[""/media/UofA/BU_Work/BayneLabWorkSpace/Katrine_workspace/AudioMothSync/OKLG-8-Sync2/OKLG-8-F2/OKLG-8-F2_20250615_113000.WAV"", ""/media/UofA/BU_Work/BayneLabWorkSpace/Katrine_workspace/AudioMothSync/OKLG-8-Sync2/OKLG-8-F3/OKLG-8-F3_20250615_113000.WAV"", ""/media/UofA/BU_Work/BayneLabWorkSpace/Katrine_workspace/AudioMothSync/OKLG-8-Sync2/OKLG-8-F1/OKLG-8-F1_20250615_113000.WAV"", ""/media/UofA/BU_Work/BayneLabWorkSpace/Katrine_workspace/AudioMothSync/OKLG-8-Sync2/OKLG-8-E3/OKLG-8-E3_20250615_113000.WAV"", ""/media/UofA/BU_Work/BayneLabWorkSpace/Katrine_workspace/AudioMothSync/OKLG-8-Sync2/OKLG-8-E1/OKLG-8-E1_20250615_113000.WAV"", ""/media/UofA/BU_Work/BayneLabWorkSpace/Katrine_workspace/AudioMothSync/OKLG-8-Sync2/OKLG-8-G3/OKLG-8-G3_20250615_113000.WAV"", ""/media/UofA/BU_Work/BayneLabWorkSpace/Katrine_workspace/AudioMothSync/OKLG-8-Sync2/OKLG-8-G1/OKLG-8-G1_20250615_113000.WAV"", ""/media/UofA/BU_Work/BayneLabWorkSpace/Katrine_workspace/AudioMothSync/OKLG-8-Sync2/OKLG-8-E2/OKLG-8-E2_20250615_113000.WAV""]","[[306252.7451, 5466552.269, 682.6024], [306250.0248, 5466517.354, 676.9194], [306254.0111, 5466588.298, 690.7812], [306217.233, 5466515.538, 675.7704], [306217.3318, 5466587.32, 691.8683], [306286.6237, 5466518.56, 675.3752], [306287.4446, 5466588.531, 687.2285], [306217.0531, 5466551.09, 683.3621]]",True,True,inside_10m,2025-06-15 12:03:52.000,137,/media/UofA/BU_Work/BayneLabWorkSpace/Katrine_workspace/Localization_per_day/OKLG-8-20250615/minspec_clips/137.wav,True,2025-06-15 05:03:52.000,-7.522156,-13.189834,8.373666,-2.8803914,-1.850905,10,1,2
2025-06-15 15:26:40+00:00,306248.3098896492,5466521.205247996,676.2784794311789,0.3245666031917729,0.1894068391993641,8,"[""E2"", ""D1"", ""F1"", ""F2"", ""F3"", ""D3"", ""E1"", ""E3""]","[""/media/UofA/BU_Work/BayneLabWorkSpace/Katrine_workspace/AudioMothSync/OKLG-8-Sync2/OKLG-8-E2/OKLG-8-E2_20250615_150000.WAV"", ""/media/UofA/BU_Work/BayneLabWorkSpace/Katrine_workspace/AudioMothSync/OKLG-8-Sync2/OKLG-8-D1/OKLG-8-D1_20250615_150000.WAV"", ""/media/UofA/BU_Work/BayneLabWorkSpace/Katrine_workspace/AudioMothSync/OKLG-8-Sync2/OKLG-8-F1/OKLG-8-F1_20250615_150000.WAV"", ""/media/UofA/BU_Work/BayneLabWorkSpace/Katrine_workspace/AudioMothSync/OKLG-8-Sync2/OKLG-8-F2/OKLG-8-F2_20250615_150000.WAV"", ""/media/UofA/BU_Work/BayneLabWorkSpace/Katrine_workspace/AudioMothSync/OKLG-8-Sync2/OKLG-8-F3/OKLG-8-F3_20250615_150000.WAV"", ""/media/UofA/BU_Work/BayneLabWorkSpace/Katrine_workspace/AudioMothSync/OKLG-8-Sync2/OKLG-8-D3/OKLG-8-D3_20250615_150000.WAV"", ""/media/UofA/BU_Work/BayneLabWorkSpace/Katrine_workspace/AudioMothSync/OKLG-8-Sync2/OKLG-8-E1/OKLG-8-E1_20250615_150000.WAV"", ""/media/UofA/BU_Work/BayneLabWorkSpace/Katrine_workspace/AudioMothSync/OKLG-8-Sync2/OKLG-8-E3/OKLG-8-E3_20250615_150000.WAV""]","[[306217.0531, 5466551.09, 683.3621], [306180.9972, 5466588.911, 693.9689], [306254.0111, 5466588.298, 690.7812], [306252.7451, 5466552.269, 682.6024], [306250.0248, 5466517.354, 676.9194], [306182.3222, 5466520.693, 678.7913], [306217.3318, 5466587.32, 691.8683], [306217.233, 5466515.538, 675.7704]]",True,True,inside_10m,2025-06-15 15:26:40.000,896,/media/UofA/BU_Work/BayneLabWorkSpace/Katrine_workspace/Localization_per_day/OKLG-8-20250615/minspec_clips/896.wav,True,2025-06-15 08:26:40.000,10.751286,4.4378114,-5.316114,-0.29543552,6.671985,17,10,5
2025-06-15 12:52:04+00:00,306194.4233104496,5466556.300910897,686.6609510904336,0.5255343620946695,0.2853519488126039,4,"[""D1"", ""C1"", ""E1"", ""D2""]","[""/media/UofA/BU_Work/BayneLabWorkSpace/Katrine_workspace/AudioMothSync/OKLG-8-Sync2/OKLG-8-D1/OKLG-8-D1_20250615_123000.WAV"", ""/media/UofA/BU_Work/BayneLabWorkSpace/Katrine_workspace/AudioMothSync/OKLG-8-Sync2/OKLG-8-C1/OKLG-8-C1_20250615_123000.WAV"", ""/media/UofA/BU_Work/BayneLabWorkSpace/Katrine_workspace/AudioMothSync/OKLG-8-Sync2/OKLG-8-E1/OKLG-8-E1_20250615_123000.WAV"", ""/media/UofA/BU_Work/BayneLabWorkSpace/Katrine_workspace/AudioMothSync/OKLG-8-Sync2/OKLG-8-D2/OKLG-8-D2_20250615_123000.WAV""]","[[306180.9972, 5466588.911, 693.9689], [306147.1555, 5466586.577, 693.7995], [306217.3318, 5466587.32, 691.8683], [306182.8221, 5466554.969, 686.2647]]",False,True,inside_10m,2025-06-15 12:52:04.000,310,/media/UofA/BU_Work/BayneLabWorkSpace/Katrine_workspace/Localization_per_day/OKLG-8-20250615/minspec_clips/310.wav,True,2025-06-15 05:52:04.000,0.7840577,3.820783,-1.924853,-0.532111,-0.14588591,-1,8,6
2025-06-15 18:36:58+00:00,306247.85680889536,5466521.3500168845,677.7341972520811,0.1312239099153405,0.2980683118104935,5,"[""E3"", ""F2"", ""F4"", ""E2"", ""F3""]","[""/media/UofA/BU_Work/BayneLabWorkSpace/Katrine_workspace/AudioMothSync/OKLG-8-Sync2/OKLG-8-E3/OKLG-8-E3_20250615_183000.WAV"", ""/media/UofA/BU_Work/BayneLabWorkSpace/Katrine_workspace/AudioMothSync/OKLG-8-Sync2/OKLG-8-F2/OKLG-8-F2_20250615_183000.WAV"", ""/media/UofA/BU_Work/BayneLabWorkSpace/Katrine_workspace/AudioMothSync/OKLG-8-Sync2/OKLG-8-F4/OKLG-8-F4_20250615_183000.WAV"", ""/media/UofA/BU_Work/BayneLabWorkSpace/Katrine_workspace/AudioMothSync/OKLG-8-Sync2/OKLG-8-E2/OKLG-8-E2_20250615_183000.WAV"", ""/media/UofA/BU_Work/BayneLabWorkSpace/Katrine_workspace/AudioMothSync/OKLG-8-Sync2/OKLG-8-F3/OKLG-8-F3_20250615_183000.WAV""]","[[306217.233, 5466515.538, 675.7704], [306252.7451, 5466552.269, 682.6024], [306250.9492, 5466481.06, 668.1608], [306217.0531, 5466551.09, 683.3621], [306250.0248, 5466517.354, 676.9194]]",True,True,inside_10m,2025-06-15 18:36:58.000,1239,/media/UofA/BU_Work/BayneLabWorkSpace/Katrine_workspace/Localization_per_day/OKLG-8-20250615/minspec_clips/1239.wav,True,2025-06-15 11:36:58.000,9.904641,-8.491285,4.6177397,3.4672081,4.998771,13,4,4
2025-06-15 12:18:37.500000+00:00,306248.1187507554,5466520.408668772,677.7102619341968,0.5555196245519431,0.151509462752276,9,"[""F3"", ""F2"", ""G2"", ""E3"", ""E4"", ""G4"", ""G3"", ""F4"", ""E2""]","[""/media/UofA/BU_Work/BayneLabWorkSpace/Katrine_workspace/AudioMothSync/OKLG-8-Sync2/OKLG-8-F3/OKLG-8-F3_20250615_120000.WAV"", ""/media/UofA/BU_Work/BayneLabWorkSpace/Katrine_workspace/AudioMothSync/OKLG-8-Sync2/OKLG-8-F2/OKLG-8-F2_20250615_120000.WAV"", ""/media/UofA/BU_Work/BayneLabWorkSpace/Katrine_workspace/AudioMothSync/OKLG-8-Sync2/OKLG-8-G2/OKLG-8-G2_20250615_120000.WAV"", ""/media/UofA/BU_Work/BayneLabWorkSpace/Katrine_workspace/AudioMothSync/OKLG-8-Sync2/OKLG-8-E3/OKLG-8-E3_20250615_120000.WAV"", ""/media/UofA/BU_Work/BayneLabWorkSpace/Katrine_workspace/AudioMothSync/OKLG-8-Sync2/OKLG-8-E4/OKLG-8-E4_20250615_120000.WAV"", ""/media/UofA/BU_Work/BayneLabWorkSpace/Katrine_workspace/AudioMothSync/OKLG-8-Sync2/OKLG-8-G4/OKLG-8-G4_20250615_120000.WAV"", ""/media/UofA/BU_Work/BayneLabWorkSpace/Katrine_workspace/AudioMothSync/OKLG-8-Sync2/OKLG-8-G3/OKLG-8-G3_20250615_120000.WAV"", ""/media/UofA/BU_Work/BayneLabWorkSpace/Katrine_workspace/AudioMothSync/OKLG-8-Sync2/OKLG-8-F4/OKLG-8-F4_20250615_120000.WAV"", ""/media/UofA/BU_Work/BayneLabWorkSpace/Katrine_workspace/AudioMothSync/OKLG-8-Sync2/OKLG-8-E2/OKLG-8-E2_20250615_120000.WAV""]","[[306250.0248, 5466517.354, 676.9194], [306252.7451, 5466552.269, 682.6024], [306286.9994, 5466553.45, 679.9404], [306217.233, 5466515.538, 675.7704], [306216.821, 5466481.42, 669.0224], [306285.9765, 5466480.944, 666.9948], [306286.6237, 5466518.56, 675.3752], [306250.9492, 5466481.06, 668.1608], [306217.0531, 5466551.09, 683.3621]]",True,True,inside_10m,2025-06-15 12:18:37.500,198,/media/UofA/BU_Work/BayneLabWorkSpace/Katrine_workspace/Localization_per_day/OKLG-8-20250615/minspec_clips/198.wav,True,2025-06-15 05:18:37.500,-8.686806,6.496362,-2.0598602,-7.4264655,-1.4458644,20,8,11
2025-06-15 12:11:04+00:00,306247.9720889112,5466521.187613674,677.4256693436334,0.8956007203834742,0.1773084455894099,9,"[""F2"", ""G2"", ""E1"", ""E3"", ""F1"", ""F3"", ""G3"", ""E2"", ""G1""]","[""/media/UofA/BU_Work/BayneLabWorkSpace/Katrine_workspace/AudioMothSync/OKLG-8-Sync2/OKLG-8-F2/OKLG-8-F2_20250615_120000.WAV"", ""/media/UofA/BU_Work/BayneLabWorkSpace/Katrine_workspace/AudioMothSync/OKLG-8-Sync2/OKLG-8-G2/OKLG-8-G2_20250615_120000.WAV"", ""/media/UofA/BU_Work/BayneLabWorkSpace/Katrine_workspace/AudioMothSync/OKLG-8-Sync2/OKLG-8-E1/OKLG-8-E1_20250615_120000.WAV"", ""/media/UofA/BU_Work/BayneLabWorkSpace/Katrine_workspace/AudioMothSync/OKLG-8-Sync2/OKLG-8-E3/OKLG-8-E3_20250615_120000.WAV"", ""/media/UofA/BU_Work/BayneLabWorkSpace/Katrine_workspace/AudioMothSync/OKLG-8-Sync2/OKLG-8-F1/OKLG-8-F1_20250615_120000.WAV"", ""/media/UofA/BU_Work/BayneLabWorkSpace/Katrine_workspace/AudioMothSync/OKLG-8-Sync2/OKLG-8-F3/OKLG-8-F3_20250615_120000.WAV"", ""/media/UofA/BU_Work/BayneLabWorkSpace/Katrine_workspace/AudioMothSync/OKLG-8-Sync2/OKLG-8-G3/OKLG-8-G3_20250615_120000.WAV"", ""/media/UofA/BU_Work/BayneLabWorkSpace/Katrine_workspace/AudioMothSync/OKLG-8-Sync2/OKLG-8-E2/OKLG-8-E2_20250615_120000.WAV"", ""/media/UofA/BU_Work/BayneLabWorkSpace/Katrine_workspace/AudioMothSync/OKLG-8-Sync2/OKLG-8-G1/OKLG-8-G1_20250615_120000.WAV""]","[[306252.7451, 5466552.269, 682.6024], [306286.9994, 5466553.45, 679.9404], [306217.3318, 5466587.32, 691.8683], [306217.233, 5466515.538, 675.7704], [306254.0111, 5466588.298, 690.7812], [306250.0248, 5466517.354, 676.9194], [306286.6237, 5466518.56, 675.3752], [306217.0531, 5466551.09, 683.3621], [306287.4446, 5466588.531, 687.2285]]",True,True,inside_10m,2025-06-15 12:11:04.000,168,/media/UofA/BU_Work/BayneLabWorkSpace/Katrine_workspace/Localization_per_day/OKLG-8-20250615/minspec_clips/168.wav,True,2025-06-15 05:11:04.000,8.012864,-9.621579,5.937487,2.6669421,2.6184978,13,4,4
2025-06-15 18:45:55.500000+00:00,306170.69067253394,5466390.604032641,663.1578637205968,0.0561752951684048,0.3000247282907367,4,"[""C6"", ""D6"", ""D7"", ""C7""]","[""/media/UofA/BU_Work/BayneLabWorkSpace/Katrine_workspace/AudioMothSync/OKLG-8-Sync2/OKLG-8-C6/OKLG-8-C6_20250615_183000.WAV"", ""/media/UofA/BU_Work/BayneLabWorkSpace/Katrine_workspace/AudioMothSync/OKLG-8-Sync2/OKLG-8-D6/OKLG-8-D6_20250615_183000.WAV"", ""/media/UofA/BU_Work/BayneLabWorkSpace/Katrine_workspace/AudioMothSync/OKLG-8-Sync2/OKLG-8-D7/OKLG-8-D7_20250615_183000.WAV"", ""/media/UofA/BU_Work/BayneLabWorkSpace/Katrine_workspace/AudioMothSync/OKLG-8-Sync2/OKLG-8-C7/OKLG-8-C7_20250615_183000.WAV""]","[[306148.1571, 5466410.403, 660.6896], [306182.7549, 5466414.233, 658.2178], [306182.4104, 5466378.292, 650.5595], [306149.2931, 5466377.298, 652.462]]",True,True,inside_10m,2025-06-15 18:45:55.500,1280,/media/UofA/BU_Work/BayneLabWorkSpace/Katrine_workspace/Localization_per_day/OKLG-8-20250615/minspec_clips/1280.wav,True,2025-06-15 11:45:55.500,-7.070595,0.06155665,-3.4646652,-3.3200378,-4.697766,11,7,7
2025-06-15 11:16:07.500000+00:00,306242.3240337938,5466575.7101188,689.7721038730451,0.2893548401140118,0.2433587364852428,5,"[""F1"", ""G1"", ""E1"", ""E2"", ""F2""]","[""/media/UofA/BU_Work/BayneLabWorkSpace/Katrine_workspace/AudioMothSync/OKLG-8-Sync2/OKLG-8-F1/OKLG-8-F1_20250615_110000.WAV"", ""/media/UofA/BU_Work/BayneLabWorkSpace/Katrine_workspace/AudioMothSync/OKLG-8-Sync2/OKLG-8-G1/OKLG-8-G1_20250615_110000.WAV"", ""/media/UofA/BU_Work/BayneLabWorkSpace/Katrine_workspace/AudioMothSync/OKLG-8-Sync2/OKLG-8-E1/OKLG-8-E1_20250615_110000.WAV"", ""/media/UofA/BU_Work/BayneLabWorkSpace/Katrine_workspace/AudioMothSync/OKLG-8-Sync2/OKLG-8-E2/OKLG-8-E2_20250615_110000.WAV"", ""/media/UofA/BU_Work/BayneLabWorkSpace/Katrine_workspace/AudioMothSync/OKLG-8-Sync2/OKLG-8-F2/OKLG-8-F2_20250615_110000.WAV""]","[[306254.0111, 5466588.298, 690.7812], [306287.4446, 5466588.531, 687.2285], [306217.3318, 5466587.32, 691.8683], [306217.0531, 5466551.09, 683.3621], [306252.7451, 5466552.269, 682.6024]]",True,True,inside_10m,2025-06-15 11:16:07.500,1,/media/UofA/BU_Work/BayneLabWorkSpace/Katrine_workspace/Localization_per_day/OKLG-8-20250615/minspec_clips/1.wav,True,2025-06-15 04:16:07.500,-4.0834346,-13.515395,6.3924584,-1.155568,-1.497887,9,1,2
2025-06-15 18:09:28+00:00,306251.59697792534,5466447.569587199,655.788845439733,0.0228298371216649,0.2436502747237682,5,"[""F4"", ""E3"", ""F3"", ""F5"", ""E4""]","[""/media/UofA/BU_Work/BayneLabWorkSpace/Katrine_workspace/AudioMothSync/OKLG-8-Sync2/OKLG-8-F4/OKLG-8-F4_20250615_180000.WAV"", ""/media/UofA/BU_Work/BayneLabWorkSpace/Katrine_workspace/AudioMothSync/OKLG-8-Sync2/OKLG-8-E3/OKLG-8-E3_20250615_180000.WAV"", ""/media/UofA/BU_Work/BayneLabWorkSpace/Katrine_workspace/AudioMothSync/OKLG-8-Sync2/OKLG-8-F3/OKLG-8-F3_20250615_180000.WAV"", ""/media/UofA/BU_Work/BayneLabWorkSpace/Katrine_workspace/AudioMothSync/OKLG-8-Sync2/OKLG-8-F5/OKLG-8-F5_20250615_180000.WAV"", ""/media/UofA/BU_Work/BayneLabWorkSpace/Katrine_workspace/AudioMothSync/OKLG-8-Sync2/OKLG-8-E4/OKLG-8-E4_20250615_180000.WAV""]","[[306250.9492, 5466481.06, 668.1608], [306217.233, 5466515.538, 675.7704], [306250.0248, 5466517.354, 676.9194], [306252.7138, 5466447.403, 661.4525], [306216.821, 5466481.42, 669.0224]]",False,True,inside_10m,2025-06-15 18:09:28.000,1215,/media/UofA/BU_Work/BayneLabWorkSpace/Katrine_workspace/Localization_per_day/OKLG-8-20250615/minspec_clips/1215.wav,True,2025-06-15 11:09:28.000,4.1126075,11.564613,-5.5676513,4.0368,1.1455435,4,5,10
2025-06-15 18:51:46+00:00,306171.66136186884,5466418.663467095,660.0601333067972,0.3509206606600699,0.2008856609463691,6,"[""D6"", ""D5"", ""C5"", ""C6"", ""E6"", ""E7""]","[""/media/UofA/BU_Work/BayneLabWorkSpace/Katrine_workspace/AudioMothSync/OKLG-8-Sync2/OKLG-8-D6/OKLG-8-D6_20250615_183000.WAV"", ""/media/UofA/BU_Work/BayneLabWorkSpace/Katrine_workspace/AudioMothSync/OKLG-8-Sync2/OKLG-8-D5/OKLG-8-D5_20250615_183000.WAV"", ""/media/UofA/BU_Work/BayneLabWorkSpace/Katrine_workspace/AudioMothSync/OKLG-8-Sync2/OKLG-8-C5/OKLG-8-C5_20250615_183000.WAV"", ""/media/UofA/BU_Work/BayneLabWorkSpace/Katrine_workspace/AudioMothSync/OKLG-8-Sync2/OKLG-8-C6/OKLG-8-C6_20250615_183000.WAV"", ""/media/UofA/BU_Work/BayneLabWorkSpace/Katrine_workspace/AudioMothSync/OKLG-8-Sync2/OKLG-8-E6/OKLG-8-E6_20250615_183000.WAV"", ""/media/UofA/BU_Work/BayneLabWorkSpace/Katrine_workspace/AudioMothSync/OKLG-8-Sync2/OKLG-8-E7/OKLG-8-E7_20250615_183000.WAV""]","[[306182.7549, 5466414.233, 658.2178], [306182.6993, 5466449.16, 664.3166], [306147.3596, 5466445.666, 666.7585], [306148.1571, 5466410.403, 660.6896], [306218.2784, 5466411.837, 654.7701], [306218.0862, 5466376.386, 647.919]]",True,True,inside_10m,2025-06-15 18:51:46.000,1296,/media/UofA/BU_Work/BayneLabWorkSpace/Katrine_workspace/Localization_per_day/OKLG-8-20250615/minspec_clips/1296.wav,True,2025-06-15 11:51:46.000,-6.735507,6.5298734,-2.797117,-6.1350036,-0.07680566,-1,8,11
2025-06-15 14:55:31.500000+00:00,306247.8369012976,5466521.18333193,677.7973025787142,0.4305863609784919,0.2208572104573249,7,"[""F4"", ""F5"", ""G3"", ""E4"", ""E3"", ""F3"", ""G4""]","[""/media/UofA/BU_Work/BayneLabWorkSpace/Katrine_workspace/AudioMothSync/OKLG-8-Sync2/OKLG-8-F4/OKLG-8-F4_20250615_143000.WAV"", ""/media/UofA/BU_Work/BayneLabWorkSpace/Katrine_workspace/AudioMothSync/OKLG-8-Sync2/OKLG-8-F5/OKLG-8-F5_20250615_143000.WAV"", ""/media/UofA/BU_Work/BayneLabWorkSpace/Katrine_workspace/AudioMothSync/OKLG-8-Sync2/OKLG-8-G3/OKLG-8-G3_20250615_143000.WAV"", ""/media/UofA/BU_Work/BayneLabWorkSpace/Katrine_workspace/AudioMothSync/OKLG-8-Sync2/OKLG-8-E4/OKLG-8-E4_20250615_143000.WAV"", ""/media/UofA/BU_Work/BayneLabWorkSpace/Katrine_workspace/AudioMothSync/OKLG-8-Sync2/OKLG-8-E3/OKLG-8-E3_20250615_143000.WAV"", ""/media/UofA/BU_Work/BayneLabWorkSpace/Katrine_workspace/AudioMothSync/OKLG-8-Sync2/OKLG-8-F3/OKLG-8-F3_20250615_143000.WAV"", ""/media/UofA/BU_Work/BayneLabWorkSpace/Katrine_workspace/AudioMothSync/OKLG-8-Sync2/OKLG-8-G4/OKLG-8-G4_20250615_143000.WAV""]","[[306250.9492, 5466481.06, 668.1608], [306252.7138, 5466447.403, 661.4525], [306286.6237, 5466518.56, 675.3752], [306216.821, 5466481.42, 669.0224], [306217.233, 5466515.538, 675.7704], [306250.0248, 5466517.354, 676.9194], [306285.9765, 5466480.944, 666.9948]]",False,True,inside_10m,2025-06-15 14:55:31.500,782,/media/UofA/BU_Work/BayneLabWorkSpace/Katrine_workspace/Localization_per_day/OKLG-8-20250615/minspec_clips/782.wav,True,2025-06-15 07:55:31.500,9.421316,-8.517571,4.7754145,3.9011233,4.2789516,13,4,4
2025-06-15 11:38:37.500000+00:00,306178.70752674056,5466479.067991337,670.168391887657,0.5724983586491451,0.1638823420637183,9,"[""D5"", ""E4"", ""D4"", ""C6"", ""E6"", ""E5"", ""C4"", ""D6"", ""C5""]","[""/media/UofA/BU_Work/BayneLabWorkSpace/Katrine_workspace/AudioMothSync/OKLG-8-Sync2/OKLG-8-D5/OKLG-8-D5_20250615_113000.WAV"", ""/media/UofA/BU_Work/BayneLabWorkSpace/Katrine_workspace/AudioMothSync/OKLG-8-Sync2/OKLG-8-E4/OKLG-8-E4_20250615_113000.WAV"", ""/media/UofA/BU_Work/BayneLabWorkSpace/Katrine_workspace/AudioMothSync/OKLG-8-Sync2/OKLG-8-D4/OKLG-8-D4_20250615_113000.WAV"", ""/media/UofA/BU_Work/BayneLabWorkSpace/Katrine_workspace/AudioMothSync/OKLG-8-Sync2/OKLG-8-C6/OKLG-8-C6_20250615_113000.WAV"", ""/media/UofA/BU_Work/BayneLabWorkSpace/Katrine_workspace/AudioMothSync/OKLG-8-Sync2/OKLG-8-E6/OKLG-8-E6_20250615_113000.WAV"", ""/media/UofA/BU_Work/BayneLabWorkSpace/Katrine_workspace/AudioMothSync/OKLG-8-Sync2/OKLG-8-E5/OKLG-8-E5_20250615_113000.WAV"", ""/media/UofA/BU_Work/BayneLabWorkSpace/Katrine_workspace/AudioMothSync/OKLG-8-Sync2/OKLG-8-C4/OKLG-8-C4_20250615_113000.WAV"", ""/media/UofA/BU_Work/BayneLabWorkSpace/Katrine_workspace/AudioMothSync/OKLG-8-Sync2/OKLG-8-D6/OKLG-8-D6_20250615_113000.WAV"", ""/media/UofA/BU_Work/BayneLabWorkSpace/Katrine_workspace/AudioMothSync/OKLG-8-Sync2/OKLG-8-C5/OKLG-8-C5_20250615_113000.WAV""]","[[306182.6993, 5466449.16, 664.3166], [306216.821, 5466481.42, 669.0224], [306181.8788, 5466484.067, 671.3749], [306148.1571, 5466410.403, 660.6896], [306218.2784, 5466411.837, 654.7701], [306217.4541, 5466446.981, 661.48], [306146.9112, 5466480.896, 672.6855], [306182.7549, 5466414.233, 658.2178], [306147.3596, 5466445.666, 666.7585]]",True,True,inside_10m,2025-06-15 11:38:37.500,43,/media/UofA/BU_Work/BayneLabWorkSpace/Katrine_workspace/Localization_per_day/OKLG-8-20250615/minspec_clips/43.wav,True,2025-06-15 04:38:37.500,9.3053665,8.05534,-3.8389995,3.1815584,6.012214,17,10,5
2025-06-15 11:53:34+00:00,306073.9475649198,5466552.393145432,686.2066690472634,0.4804586159113358,0.2718603126704693,4,"[""B1"", ""B2"", ""A2"", ""A1""]","[""/media/UofA/BU_Work/BayneLabWorkSpace/Katrine_workspace/AudioMothSync/OKLG-8-Sync2/OKLG-8-B1/OKLG-8-B1_20250615_113000.WAV"", ""/media/UofA/BU_Work/BayneLabWorkSpace/Katrine_workspace/AudioMothSync/OKLG-8-Sync2/OKLG-8-B2/OKLG-8-B2_20250615_113000.WAV"", ""/media/UofA/BU_Work/BayneLabWorkSpace/Katrine_workspace/AudioMothSync/OKLG-8-Sync2/OKLG-8-A2/OKLG-8-A2_20250615_113000.WAV"", ""/media/UofA/BU_Work/BayneLabWorkSpace/Katrine_workspace/AudioMothSync/OKLG-8-Sync2/OKLG-8-A1/OKLG-8-A1_20250615_113000.WAV""]","[[306112.5302, 5466589.26, 694.7156], [306110.5215, 5466552.536, 686.6071], [306077.4076, 5466554.148, 686.6089], [306077.2581, 5466585.398, 693.8116]]",False,True,inside_10m,2025-06-15 11:53:34.000,106,/media/UofA/BU_Work/BayneLabWorkSpace/Katrine_workspace/Localization_per_day/OKLG-8-20250615/minspec_clips/106.wav,True,2025-06-15 04:53:34.000,0.6754847,5.2007737,-2.275073,-0.2790529,-1.8849565,15,9,6
2025-06-15 15:07:13.500000+00:00,306248.0713064712,5466520.955647484,676.6161386878682,0.3021614160206591,0.2537360595805304,7,"[""E2"", ""E1"", ""F2"", ""F3"", ""E3"", ""D3"", ""F1""]","[""/media/UofA/BU_Work/BayneLabWorkSpace/Katrine_workspace/AudioMothSync/OKLG-8-Sync2/OKLG-8-E2/OKLG-8-E2_20250615_150000.WAV"", ""/media/UofA/BU_Work/BayneLabWorkSpace/Katrine_workspace/AudioMothSync/OKLG-8-Sync2/OKLG-8-E1/OKLG-8-E1_20250615_150000.WAV"", ""/media/UofA/BU_Work/BayneLabWorkSpace/Katrine_workspace/AudioMothSync/OKLG-8-Sync2/OKLG-8-F2/OKLG-8-F2_20250615_150000.WAV"", ""/media/UofA/BU_Work/BayneLabWorkSpace/Katrine_workspace/AudioMothSync/OKLG-8-Sync2/OKLG-8-F3/OKLG-8-F3_20250615_150000.WAV"", ""/media/UofA/BU_Work/BayneLabWorkSpace/Katrine_workspace/AudioMothSync/OKLG-8-Sync2/OKLG-8-E3/OKLG-8-E3_20250615_150000.WAV"", ""/media/UofA/BU_Work/BayneLabWorkSpace/Katrine_workspace/AudioMothSync/OKLG-8-Sync2/OKLG-8-D3/OKLG-8-D3_20250615_150000.WAV"", ""/media/UofA/BU_Work/BayneLabWorkSpace/Katrine_workspace/AudioMothSync/OKLG-8-Sync2/OKLG-8-F1/OKLG-8-F1_20250615_150000.WAV""]","[[306217.0531, 5466551.09, 683.3621], [306217.3318, 5466587.32, 691.8683], [306252.7451, 5466552.269, 682.6024], [306250.0248, 5466517.354, 676.9194], [306217.233, 5466515.538, 675.7704], [306182.3222, 5466520.693, 678.7913], [306254.0111, 5466588.298, 690.7812]]",True,True,inside_10m,2025-06-15 15:07:13.500,824,/media/UofA/BU_Work/BayneLabWorkSpace/Katrine_workspace/Localization_per_day/OKLG-8-20250615/minspec_clips/824.wav,True,2025-06-15 08:07:13.500,0.057417236,-1.6695716,2.8590376,-0.85447615,1.9351343,-1,8,0
2025-06-15 12:14:04+00:00,306248.108595754,5466520.915585359,675.7572978983295,0.5350606718735696,0.1678270215634256,8,"[""E2"", ""D1"", ""F1"", ""D2"", ""E1"", ""F3"", ""F2"", ""E3""]","[""/media/UofA/BU_Work/BayneLabWorkSpace/Katrine_workspace/AudioMothSync/OKLG-8-Sync2/OKLG-8-E2/OKLG-8-E2_20250615_120000.WAV"", ""/media/UofA/BU_Work/BayneLabWorkSpace/Katrine_workspace/AudioMothSync/OKLG-8-Sync2/OKLG-8-D1/OKLG-8-D1_20250615_120000.WAV"", ""/media/UofA/BU_Work/BayneLabWorkSpace/Katrine_workspace/AudioMothSync/OKLG-8-Sync2/OKLG-8-F1/OKLG-8-F1_20250615_120000.WAV"", ""/media/UofA/BU_Work/BayneLabWorkSpace/Katrine_workspace/AudioMothSync/OKLG-8-Sync2/OKLG-8-D2/OKLG-8-D2_20250615_120000.WAV"", ""/media/UofA/BU_Work/BayneLabWorkSpace/Katrine_workspace/AudioMothSync/OKLG-8-Sync2/OKLG-8-E1/OKLG-8-E1_20250615_120000.WAV"", ""/media/UofA/BU_Work/BayneLabWorkSpace/Katrine_workspace/AudioMothSync/OKLG-8-Sync2/OKLG-8-F3/OKLG-8-F3_20250615_120000.WAV"", ""/media/UofA/BU_Work/BayneLabWorkSpace/Katrine_workspace/AudioMothSync/OKLG-8-Sync2/OKLG-8-F2/OKLG-8-F2_20250615_120000.WAV"", ""/media/UofA/BU_Work/BayneLabWorkSpace/Katrine_workspace/AudioMothSync/OKLG-8-Sync2/OKLG-8-E3/OKLG-8-E3_20250615_120000.WAV""]","[[306217.0531, 5466551.09, 683.3621], [306180.9972, 5466588.911, 693.9689], [306254.0111, 5466588.298, 690.7812], [306182.8221, 5466554.969, 686.2647], [306217.3318, 5466587.32, 691.8683], [306250.0248, 5466517.354, 676.9194], [306252.7451, 5466552.269, 682.6024], [306217.233, 5466515.538, 675.7704]]",True,True,inside_10m,2025-06-15 12:14:04.000,185,/media/UofA/BU_Work/BayneLabWorkSpace/Katrine_workspace/Localization_per_day/OKLG-8-20250615/minspec_clips/185.wav,True,2025-06-15 05:14:04.000,0.25141194,0.68620056,0.8409277,-1.7101408,2.0454204,18,8,0
2025-06-15 12:53:25.500000+00:00,306247.8659296693,5466520.870772548,676.2428412989636,0.7508494292542951,0.2150507320960362,9,"[""E2"", ""F2"", ""D2"", ""D1"", ""F3"", ""E3"", ""F1"", ""D3"", ""E1""]","[""/media/UofA/BU_Work/BayneLabWorkSpace/Katrine_workspace/AudioMothSync/OKLG-8-Sync2/OKLG-8-E2/OKLG-8-E2_20250615_123000.WAV"", ""/media/UofA/BU_Work/BayneLabWorkSpace/Katrine_workspace/AudioMothSync/OKLG-8-Sync2/OKLG-8-F2/OKLG-8-F2_20250615_123000.WAV"", ""/media/UofA/BU_Work/BayneLabWorkSpace/Katrine_workspace/AudioMothSync/OKLG-8-Sync2/OKLG-8-D2/OKLG-8-D2_20250615_123000.WAV"", ""/media/UofA/BU_Work/BayneLabWorkSpace/Katrine_workspace/AudioMothSync/OKLG-8-Sync2/OKLG-8-D1/OKLG-8-D1_20250615_123000.WAV"", ""/media/UofA/BU_Work/BayneLabWorkSpace/Katrine_workspace/AudioMothSync/OKLG-8-Sync2/OKLG-8-F3/OKLG-8-F3_20250615_123000.WAV"", ""/media/UofA/BU_Work/BayneLabWorkSpace/Katrine_workspace/AudioMothSync/OKLG-8-Sync2/OKLG-8-E3/OKLG-8-E3_20250615_123000.WAV"", ""/media/UofA/BU_Work/BayneLabWorkSpace/Katrine_workspace/AudioMothSync/OKLG-8-Sync2/OKLG-8-F1/OKLG-8-F1_20250615_123000.WAV"", ""/media/UofA/BU_Work/BayneLabWorkSpace/Katrine_workspace/AudioMothSync/OKLG-8-Sync2/OKLG-8-D3/OKLG-8-D3_20250615_123000.WAV"", ""/media/UofA/BU_Work/BayneLabWorkSpace/Katrine_workspace/AudioMothSync/OKLG-8-Sync2/OKLG-8-E1/OKLG-8-E1_20250615_123000.WAV""]","[[306217.0531, 5466551.09, 683.3621], [306252.7451, 5466552.269, 682.6024], [306182.8221, 5466554.969, 686.2647], [306180.9972, 5466588.911, 693.9689], [306250.0248, 5466517.354, 676.9194], [306217.233, 5466515.538, 675.7704], [306254.0111, 5466588.298, 690.7812], [306182.3222, 5466520.693, 678.7913], [306217.3318, 5466587.32, 691.8683]]",True,True,inside_10m,2025-06-15 12:53:25.500,321,/media/UofA/BU_Work/BayneLabWorkSpace/Katrine_workspace/Localization_per_day/OKLG-8-20250615/minspec_clips/321.wav,True,2025-06-15 05:53:25.500,9.250651,-10.024169,6.2960544,2.4072375,3.812862,13,4,4
2025-06-15 12:11:43.500000+00:00,306247.81965154613,5466521.107053759,677.1271416581857,0.5722875435838509,0.2123344144783914,8,"[""E3"", ""E4"", ""D4"", ""F3"", ""F4"", ""D2"", ""F2"", ""E2""]","[""/media/UofA/BU_Work/BayneLabWorkSpace/Katrine_workspace/AudioMothSync/OKLG-8-Sync2/OKLG-8-E3/OKLG-8-E3_20250615_120000.WAV"", ""/media/UofA/BU_Work/BayneLabWorkSpace/Katrine_workspace/AudioMothSync/OKLG-8-Sync2/OKLG-8-E4/OKLG-8-E4_20250615_120000.WAV"", ""/media/UofA/BU_Work/BayneLabWorkSpace/Katrine_workspace/AudioMothSync/OKLG-8-Sync2/OKLG-8-D4/OKLG-8-D4_20250615_120000.WAV"", ""/media/UofA/BU_Work/BayneLabWorkSpace/Katrine_workspace/AudioMothSync/OKLG-8-Sync2/OKLG-8-F3/OKLG-8-F3_20250615_120000.WAV"", ""/media/UofA/BU_Work/BayneLabWorkSpace/Katrine_workspace/AudioMothSync/OKLG-8-Sync2/OKLG-8-F4/OKLG-8-F4_20250615_120000.WAV"", ""/media/UofA/BU_Work/BayneLabWorkSpace/Katrine_workspace/AudioMothSync/OKLG-8-Sync2/OKLG-8-D2/OKLG-8-D2_20250615_120000.WAV"", ""/media/UofA/BU_Work/BayneLabWorkSpace/Katrine_workspace/AudioMothSync/OKLG-8-Sync2/OKLG-8-F2/OKLG-8-F2_20250615_120000.WAV"", ""/media/UofA/BU_Work/BayneLabWorkSpace/Katrine_workspace/AudioMothSync/OKLG-8-Sync2/OKLG-8-E2/OKLG-8-E2_20250615_120000.WAV""]","[[306217.233, 5466515.538, 675.7704], [306216.821, 5466481.42, 669.0224], [306181.8788, 5466484.067, 671.3749], [306250.0248, 5466517.354, 676.9194], [306250.9492, 5466481.06, 668.1608], [306182.8221, 5466554.969, 686.2647], [306252.7451, 5466552.269, 682.6024], [306217.0531, 5466551.09, 683.3621]]",True,True,inside_10m,2025-06-15 12:11:43.500,175,/media/UofA/BU_Work/BayneLabWorkSpace/Katrine_workspace/Localization_per_day/OKLG-8-20250615/minspec_clips/175.wav,True,2025-06-15 05:11:43.500,9.709476,-10.12722,5.7017107,2.1508007,4.72929,13,4,4
2025-06-15 15:10:55.500000+00:00,306248.19664410094,5466521.273785036,676.5446181448876,0.2324318004593719,0.2382437375684579,6,"[""E2"", ""D3"", ""F2"", ""F3"", ""F1"", ""E3""]","[""/media/UofA/BU_Work/BayneLabWorkSpace/Katrine_workspace/AudioMothSync/OKLG-8-Sync2/OKLG-8-E2/OKLG-8-E2_20250615_150000.WAV"", ""/media/UofA/BU_Work/BayneLabWorkSpace/Katrine_workspace/AudioMothSync/OKLG-8-Sync2/OKLG-8-D3/OKLG-8-D3_20250615_150000.WAV"", ""/media/UofA/BU_Work/BayneLabWorkSpace/Katrine_workspace/AudioMothSync/OKLG-8-Sync2/OKLG-8-F2/OKLG-8-F2_20250615_150000.WAV"", ""/media/UofA/BU_Work/BayneLabWorkSpace/Katrine_workspace/AudioMothSync/OKLG-8-Sync2/OKLG-8-F3/OKLG-8-F3_20250615_150000.WAV"", ""/media/UofA/BU_Work/BayneLabWorkSpace/Katrine_workspace/AudioMothSync/OKLG-8-Sync2/OKLG-8-F1/OKLG-8-F1_20250615_150000.WAV"", ""/media/UofA/BU_Work/BayneLabWorkSpace/Katrine_workspace/AudioMothSync/OKLG-8-Sync2/OKLG-8-E3/OKLG-8-E3_20250615_150000.WAV""]","[[306217.0531, 5466551.09, 683.3621], [306182.3222, 5466520.693, 678.7913], [306252.7451, 5466552.269, 682.6024], [306250.0248, 5466517.354, 676.9194], [306254.0111, 5466588.298, 690.7812], [306217.233, 5466515.538, 675.7704]]",True,True,inside_10m,2025-06-15 15:10:55.500,841,/media/UofA/BU_Work/BayneLabWorkSpace/Katrine_workspace/Localization_per_day/OKLG-8-20250615/minspec_clips/841.wav,True,2025-06-15 08:10:55.500,9.379356,0.5555389,0.22991039,2.6005611,3.9737449,6,6,1
2025-06-15 18:06:13.500000+00:00,306235.45256262127,5466580.151232928,681.0587409051976,0.0001059349490943,0.3104584347456693,4,"[""F2"", ""F1"", ""F3"", ""E1""]","[""/media/UofA/BU_Work/BayneLabWorkSpace/Katrine_workspace/AudioMothSync/OKLG-8-Sync2/OKLG-8-F2/OKLG-8-F2_20250615_180000.WAV"", ""/media/UofA/BU_Work/BayneLabWorkSpace/Katrine_workspace/AudioMothSync/OKLG-8-Sync2/OKLG-8-F1/OKLG-8-F1_20250615_180000.WAV"", ""/media/UofA/BU_Work/BayneLabWorkSpace/Katrine_workspace/AudioMothSync/OKLG-8-Sync2/OKLG-8-F3/OKLG-8-F3_20250615_180000.WAV"", ""/media/UofA/BU_Work/BayneLabWorkSpace/Katrine_workspace/AudioMothSync/OKLG-8-Sync2/OKLG-8-E1/OKLG-8-E1_20250615_180000.WAV""]","[[306252.7451, 5466552.269, 682.6024], [306254.0111, 5466588.298, 690.7812], [306250.0248, 5466517.354, 676.9194], [306217.3318, 5466587.32, 691.8683]]",True,True,inside_10m,2025-06-15 18:06:13.500,1208,/media/UofA/BU_Work/BayneLabWorkSpace/Katrine_workspace/Localization_per_day/OKLG-8-20250615/minspec_clips/1208.wav,True,2025-06-15 11:06:13.500,5.039587,14.464655,-8.263616,4.78549,1.0929501,5,5,10
2025-06-15 12:55:16+00:00,306248.0105680662,5466520.742672054,677.7627869165127,0.6046278338275354,0.2348253722302615,8,"[""F3"", ""E4"", ""F4"", ""G4"", ""F2"", ""E3"", ""G3"", ""E2""]","[""/media/UofA/BU_Work/BayneLabWorkSpace/Katrine_workspace/AudioMothSync/OKLG-8-Sync2/OKLG-8-F3/OKLG-8-F3_20250615_123000.WAV"", ""/media/UofA/BU_Work/BayneLabWorkSpace/Katrine_workspace/AudioMothSync/OKLG-8-Sync2/OKLG-8-E4/OKLG-8-E4_20250615_123000.WAV"", ""/media/UofA/BU_Work/BayneLabWorkSpace/Katrine_workspace/AudioMothSync/OKLG-8-Sync2/OKLG-8-F4/OKLG-8-F4_20250615_123000.WAV"", ""/media/UofA/BU_Work/BayneLabWorkSpace/Katrine_workspace/AudioMothSync/OKLG-8-Sync2/OKLG-8-G4/OKLG-8-G4_20250615_123000.WAV"", ""/media/UofA/BU_Work/BayneLabWorkSpace/Katrine_workspace/AudioMothSync/OKLG-8-Sync2/OKLG-8-F2/OKLG-8-F2_20250615_123000.WAV"", ""/media/UofA/BU_Work/BayneLabWorkSpace/Katrine_workspace/AudioMothSync/OKLG-8-Sync2/OKLG-8-E3/OKLG-8-E3_20250615_123000.WAV"", ""/media/UofA/BU_Work/BayneLabWorkSpace/Katrine_workspace/AudioMothSync/OKLG-8-Sync2/OKLG-8-G3/OKLG-8-G3_20250615_123000.WAV"", ""/media/UofA/BU_Work/BayneLabWorkSpace/Katrine_workspace/AudioMothSync/OKLG-8-Sync2/OKLG-8-E2/OKLG-8-E2_20250615_123000.WAV""]","[[306250.0248, 5466517.354, 676.9194], [306216.821, 5466481.42, 669.0224], [306250.9492, 5466481.06, 668.1608], [306285.9765, 5466480.944, 666.9948], [306252.7451, 5466552.269, 682.6024], [306217.233, 5466515.538, 675.7704], [306286.6237, 5466518.56, 675.3752], [306217.0531, 5466551.09, 683.3621]]",True,True,inside_10m,2025-06-15 12:55:16.000,337,/media/UofA/BU_Work/BayneLabWorkSpace/Katrine_workspace/Localization_per_day/OKLG-8-20250615/minspec_clips/337.wav,True,2025-06-15 05:55:16.000,-8.565373,-13.088292,8.5697565,-1.9661467,-0.065510765,10,1,2
2025-06-15 16:03:31.500000+00:00,306248.02395338623,5466521.319903908,677.6540960282448,0.5154521642373219,0.1903627615954194,7,"[""F4"", ""F5"", ""F3"", ""E4"", ""E5"", ""G3"", ""E3""]","[""/media/UofA/BU_Work/BayneLabWorkSpace/Katrine_workspace/AudioMothSync/OKLG-8-Sync2/OKLG-8-F4/OKLG-8-F4_20250615_153000.WAV"", ""/media/UofA/BU_Work/BayneLabWorkSpace/Katrine_workspace/AudioMothSync/OKLG-8-Sync2/OKLG-8-F5/OKLG-8-F5_20250615_153000.WAV"", ""/media/UofA/BU_Work/BayneLabWorkSpace/Katrine_workspace/AudioMothSync/OKLG-8-Sync2/OKLG-8-F3/OKLG-8-F3_20250615_153000.WAV"", ""/media/UofA/BU_Work/BayneLabWorkSpace/Katrine_workspace/AudioMothSync/OKLG-8-Sync2/OKLG-8-E4/OKLG-8-E4_20250615_153000.WAV"", ""/media/UofA/BU_Work/BayneLabWorkSpace/Katrine_workspace/AudioMothSync/OKLG-8-Sync2/OKLG-8-E5/OKLG-8-E5_20250615_153000.WAV"", ""/media/UofA/BU_Work/BayneLabWorkSpace/Katrine_workspace/AudioMothSync/OKLG-8-Sync2/OKLG-8-G3/OKLG-8-G3_20250615_153000.WAV"", ""/media/UofA/BU_Work/BayneLabWorkSpace/Katrine_workspace/AudioMothSync/OKLG-8-Sync2/OKLG-8-E3/OKLG-8-E3_20250615_153000.WAV""]","[[306250.9492, 5466481.06, 668.1608], [306252.7138, 5466447.403, 661.4525], [306250.0248, 5466517.354, 676.9194], [306216.821, 5466481.42, 669.0224], [306217.4541, 5466446.981, 661.48], [306286.6237, 5466518.56, 675.3752], [306217.233, 5466515.538, 675.7704]]",False,True,inside_10m,2025-06-15 16:03:31.500,1015,/media/UofA/BU_Work/BayneLabWorkSpace/Katrine_workspace/Localization_per_day/OKLG-8-20250615/minspec_clips/1015.wav,True,2025-06-15 09:03:31.500,7.679099,1.0840179,-1.0003635,4.4828944,3.5737615,6,6,1
2025-06-15 15:02:37.500000+00:00,306248.14325044816,5466521.264147561,676.3800666190082,0.3449922534686992,0.1966719422489404,8,"[""E2"", ""F3"", ""D1"", ""D3"", ""E1"", ""E3"", ""F1"", ""F2""]","[""/media/UofA/BU_Work/BayneLabWorkSpace/Katrine_workspace/AudioMothSync/OKLG-8-Sync2/OKLG-8-E2/OKLG-8-E2_20250615_150000.WAV"", ""/media/UofA/BU_Work/BayneLabWorkSpace/Katrine_workspace/AudioMothSync/OKLG-8-Sync2/OKLG-8-F3/OKLG-8-F3_20250615_150000.WAV"", ""/media/UofA/BU_Work/BayneLabWorkSpace/Katrine_workspace/AudioMothSync/OKLG-8-Sync2/OKLG-8-D1/OKLG-8-D1_20250615_150000.WAV"", ""/media/UofA/BU_Work/BayneLabWorkSpace/Katrine_workspace/AudioMothSync/OKLG-8-Sync2/OKLG-8-D3/OKLG-8-D3_20250615_150000.WAV"", ""/media/UofA/BU_Work/BayneLabWorkSpace/Katrine_workspace/AudioMothSync/OKLG-8-Sync2/OKLG-8-E1/OKLG-8-E1_20250615_150000.WAV"", ""/media/UofA/BU_Work/BayneLabWorkSpace/Katrine_workspace/AudioMothSync/OKLG-8-Sync2/OKLG-8-E3/OKLG-8-E3_20250615_150000.WAV"", ""/media/UofA/BU_Work/BayneLabWorkSpace/Katrine_workspace/AudioMothSync/OKLG-8-Sync2/OKLG-8-F1/OKLG-8-F1_20250615_150000.WAV"", ""/media/UofA/BU_Work/BayneLabWorkSpace/Katrine_workspace/AudioMothSync/OKLG-8-Sync2/OKLG-8-F2/OKLG-8-F2_20250615_150000.WAV""]","[[306217.0531, 5466551.09, 683.3621], [306250.0248, 5466517.354, 676.9194], [306180.9972, 5466588.911, 693.9689], [306182.3222, 5466520.693, 678.7913], [306217.3318, 5466587.32, 691.8683], [306217.233, 5466515.538, 675.7704], [306254.0111, 5466588.298, 690.7812], [306252.7451, 5466552.269, 682.6024]]",True,True,inside_10m,2025-06-15 15:02:37.500,808,/media/UofA/BU_Work/BayneLabWorkSpace/Katrine_workspace/Localization_per_day/OKLG-8-20250615/minspec_clips/808.wav,True,2025-06-15 08:02:37.500,-7.121843,9.635371,-0.23700437,-6.9699025,-0.13066792,23,8,11
2025-06-15 18:41:13.500000+00:00,306247.6867848649,5466520.93536367,677.6879103033888,0.0257045255737861,0.2231597596158584,6,"[""E3"", ""E4"", ""F3"", ""D4"", ""F4"", ""D2""]","[""/media/UofA/BU_Work/BayneLabWorkSpace/Katrine_workspace/AudioMothSync/OKLG-8-Sync2/OKLG-8-E3/OKLG-8-E3_20250615_183000.WAV"", ""/media/UofA/BU_Work/BayneLabWorkSpace/Katrine_workspace/AudioMothSync/OKLG-8-Sync2/OKLG-8-E4/OKLG-8-E4_20250615_183000.WAV"", ""/media/UofA/BU_Work/BayneLabWorkSpace/Katrine_workspace/AudioMothSync/OKLG-8-Sync2/OKLG-8-F3/OKLG-8-F3_20250615_183000.WAV"", ""/media/UofA/BU_Work/BayneLabWorkSpace/Katrine_workspace/AudioMothSync/OKLG-8-Sync2/OKLG-8-D4/OKLG-8-D4_20250615_183000.WAV"", ""/media/UofA/BU_Work/BayneLabWorkSpace/Katrine_workspace/AudioMothSync/OKLG-8-Sync2/OKLG-8-F4/OKLG-8-F4_20250615_183000.WAV"", ""/media/UofA/BU_Work/BayneLabWorkSpace/Katrine_workspace/AudioMothSync/OKLG-8-Sync2/OKLG-8-D2/OKLG-8-D2_20250615_183000.WAV""]","[[306217.233, 5466515.538, 675.7704], [306216.821, 5466481.42, 669.0224], [306250.0248, 5466517.354, 676.9194], [306181.8788, 5466484.067, 671.3749], [306250.9492, 5466481.06, 668.1608], [306182.8221, 5466554.969, 686.2647]]",False,True,inside_10m,2025-06-15 18:41:13.500,1257,/media/UofA/BU_Work/BayneLabWorkSpace/Katrine_workspace/Localization_per_day/OKLG-8-20250615/minspec_clips/1257.wav,True,2025-06-15 11:41:13.500,-0.5277827,0.73987734,0.92124665,-1.7554486,0.9382012,18,8,0
2025-06-15 15:59:49.500000+00:00,306248.1475014345,5466520.976260824,675.3655866628552,0.1425390728074178,0.2598115708678961,6,"[""E2"", ""F3"", ""E1"", ""F2"", ""D2"", ""E3""]","[""/media/UofA/BU_Work/BayneLabWorkSpace/Katrine_workspace/AudioMothSync/OKLG-8-Sync2/OKLG-8-E2/OKLG-8-E2_20250615_153000.WAV"", ""/media/UofA/BU_Work/BayneLabWorkSpace/Katrine_workspace/AudioMothSync/OKLG-8-Sync2/OKLG-8-F3/OKLG-8-F3_20250615_153000.WAV"", ""/media/UofA/BU_Work/BayneLabWorkSpace/Katrine_workspace/AudioMothSync/OKLG-8-Sync2/OKLG-8-E1/OKLG-8-E1_20250615_153000.WAV"", ""/media/UofA/BU_Work/BayneLabWorkSpace/Katrine_workspace/AudioMothSync/OKLG-8-Sync2/OKLG-8-F2/OKLG-8-F2_20250615_153000.WAV"", ""/media/UofA/BU_Work/BayneLabWorkSpace/Katrine_workspace/AudioMothSync/OKLG-8-Sync2/OKLG-8-D2/OKLG-8-D2_20250615_153000.WAV"", ""/media/UofA/BU_Work/BayneLabWorkSpace/Katrine_workspace/AudioMothSync/OKLG-8-Sync2/OKLG-8-E3/OKLG-8-E3_20250615_153000.WAV""]","[[306217.0531, 5466551.09, 683.3621], [306250.0248, 5466517.354, 676.9194], [306217.3318, 5466587.32, 691.8683], [306252.7451, 5466552.269, 682.6024], [306182.8221, 5466554.969, 686.2647], [306217.233, 5466515.538, 675.7704]]",True,True,inside_10m,2025-06-15 15:59:49.500,1003,/media/UofA/BU_Work/BayneLabWorkSpace/Katrine_workspace/Localization_per_day/OKLG-8-20250615/minspec_clips/1003.wav,True,2025-06-15 08:59:49.500,-7.502701,-12.219445,9.511356,-3.2192078,-1.8938655,10,1,2
2025-06-15 13:21:58+00:00,306248.27628025843,5466520.818798444,677.8474855039193,0.5896062701001733,0.2479174844920635,8,"[""F3"", ""G3"", ""E3"", ""F2"", ""E2"", ""G4"", ""E4"", ""F4""]","[""/media/UofA/BU_Work/BayneLabWorkSpace/Katrine_workspace/AudioMothSync/OKLG-8-Sync2/OKLG-8-F3/OKLG-8-F3_20250615_130000.WAV"", ""/media/UofA/BU_Work/BayneLabWorkSpace/Katrine_workspace/AudioMothSync/OKLG-8-Sync2/OKLG-8-G3/OKLG-8-G3_20250615_130000.WAV"", ""/media/UofA/BU_Work/BayneLabWorkSpace/Katrine_workspace/AudioMothSync/OKLG-8-Sync2/OKLG-8-E3/OKLG-8-E3_20250615_130000.WAV"", ""/media/UofA/BU_Work/BayneLabWorkSpace/Katrine_workspace/AudioMothSync/OKLG-8-Sync2/OKLG-8-F2/OKLG-8-F2_20250615_130000.WAV"", ""/media/UofA/BU_Work/BayneLabWorkSpace/Katrine_workspace/AudioMothSync/OKLG-8-Sync2/OKLG-8-E2/OKLG-8-E2_20250615_130000.WAV"", ""/media/UofA/BU_Work/BayneLabWorkSpace/Katrine_workspace/AudioMothSync/OKLG-8-Sync2/OKLG-8-G4/OKLG-8-G4_20250615_130000.WAV"", ""/media/UofA/BU_Work/BayneLabWorkSpace/Katrine_workspace/AudioMothSync/OKLG-8-Sync2/OKLG-8-E4/OKLG-8-E4_20250615_130000.WAV"", ""/media/UofA/BU_Work/BayneLabWorkSpace/Katrine_workspace/AudioMothSync/OKLG-8-Sync2/OKLG-8-F4/OKLG-8-F4_20250615_130000.WAV""]","[[306250.0248, 5466517.354, 676.9194], [306286.6237, 5466518.56, 675.3752], [306217.233, 5466515.538, 675.7704], [306252.7451, 5466552.269, 682.6024], [306217.0531, 5466551.09, 683.3621], [306285.9765, 5466480.944, 666.9948], [306216.821, 5466481.42, 669.0224], [306250.9492, 5466481.06, 668.1608]]",True,True,inside_10m,2025-06-15 13:21:58.000,472,/media/UofA/BU_Work/BayneLabWorkSpace/Katrine_workspace/Localization_per_day/OKLG-8-20250615/minspec_clips/472.wav,True,2025-06-15 06:21:58.000,-4.1262674,-18.490839,6.3155804,1.165478,-4.83158,0,0,8
2025-06-15 17:47:34+00:00,306231.4522463306,5466452.178676376,661.8119992227471,0.1125085653248551,0.2166175814345479,8,"[""E5"", ""D4"", ""E6"", ""F5"", ""D6"", ""F4"", ""D5"", ""E4""]","[""/media/UofA/BU_Work/BayneLabWorkSpace/Katrine_workspace/AudioMothSync/OKLG-8-Sync2/OKLG-8-E5/OKLG-8-E5_20250615_173000.WAV"", ""/media/UofA/BU_Work/BayneLabWorkSpace/Katrine_workspace/AudioMothSync/OKLG-8-Sync2/OKLG-8-D4/OKLG-8-D4_20250615_173000.WAV"", ""/media/UofA/BU_Work/BayneLabWorkSpace/Katrine_workspace/AudioMothSync/OKLG-8-Sync2/OKLG-8-E6/OKLG-8-E6_20250615_173000.WAV"", ""/media/UofA/BU_Work/BayneLabWorkSpace/Katrine_workspace/AudioMothSync/OKLG-8-Sync2/OKLG-8-F5/OKLG-8-F5_20250615_173000.WAV"", ""/media/UofA/BU_Work/BayneLabWorkSpace/Katrine_workspace/AudioMothSync/OKLG-8-Sync2/OKLG-8-D6/OKLG-8-D6_20250615_173000.WAV"", ""/media/UofA/BU_Work/BayneLabWorkSpace/Katrine_workspace/AudioMothSync/OKLG-8-Sync2/OKLG-8-F4/OKLG-8-F4_20250615_173000.WAV"", ""/media/UofA/BU_Work/BayneLabWorkSpace/Katrine_workspace/AudioMothSync/OKLG-8-Sync2/OKLG-8-D5/OKLG-8-D5_20250615_173000.WAV"", ""/media/UofA/BU_Work/BayneLabWorkSpace/Katrine_workspace/AudioMothSync/OKLG-8-Sync2/OKLG-8-E4/OKLG-8-E4_20250615_173000.WAV""]","[[306217.4541, 5466446.981, 661.48], [306181.8788, 5466484.067, 671.3749], [306218.2784, 5466411.837, 654.7701], [306252.7138, 5466447.403, 661.4525], [306182.7549, 5466414.233, 658.2178], [306250.9492, 5466481.06, 668.1608], [306182.6993, 5466449.16, 664.3166], [306216.821, 5466481.42, 669.0224]]",True,True,inside_10m,2025-06-15 17:47:34.000,1166,/media/UofA/BU_Work/BayneLabWorkSpace/Katrine_workspace/Localization_per_day/OKLG-8-20250615/minspec_clips/1166.wav,True,2025-06-15 10:47:34.000,8.806705,5.153921,-3.643642,-0.12275848,5.1590667,17,10,5
2025-06-15 15:29:13.500000+00:00,306248.2001932443,5466521.154723675,676.3068350043663,0.2947123226644998,0.1898753265850246,8,"[""E2"", ""D1"", ""E1"", ""D3"", ""F1"", ""F2"", ""F3"", ""E3""]","[""/media/UofA/BU_Work/BayneLabWorkSpace/Katrine_workspace/AudioMothSync/OKLG-8-Sync2/OKLG-8-E2/OKLG-8-E2_20250615_150000.WAV"", ""/media/UofA/BU_Work/BayneLabWorkSpace/Katrine_workspace/AudioMothSync/OKLG-8-Sync2/OKLG-8-D1/OKLG-8-D1_20250615_150000.WAV"", ""/media/UofA/BU_Work/BayneLabWorkSpace/Katrine_workspace/AudioMothSync/OKLG-8-Sync2/OKLG-8-E1/OKLG-8-E1_20250615_150000.WAV"", ""/media/UofA/BU_Work/BayneLabWorkSpace/Katrine_workspace/AudioMothSync/OKLG-8-Sync2/OKLG-8-D3/OKLG-8-D3_20250615_150000.WAV"", ""/media/UofA/BU_Work/BayneLabWorkSpace/Katrine_workspace/AudioMothSync/OKLG-8-Sync2/OKLG-8-F1/OKLG-8-F1_20250615_150000.WAV"", ""/media/UofA/BU_Work/BayneLabWorkSpace/Katrine_workspace/AudioMothSync/OKLG-8-Sync2/OKLG-8-F2/OKLG-8-F2_20250615_150000.WAV"", ""/media/UofA/BU_Work/BayneLabWorkSpace/Katrine_workspace/AudioMothSync/OKLG-8-Sync2/OKLG-8-F3/OKLG-8-F3_20250615_150000.WAV"", ""/media/UofA/BU_Work/BayneLabWorkSpace/Katrine_workspace/AudioMothSync/OKLG-8-Sync2/OKLG-8-E3/OKLG-8-E3_20250615_150000.WAV""]","[[306217.0531, 5466551.09, 683.3621], [306180.9972, 5466588.911, 693.9689], [306217.3318, 5466587.32, 691.8683], [306182.3222, 5466520.693, 678.7913], [306254.0111, 5466588.298, 690.7812], [306252.7451, 5466552.269, 682.6024], [306250.0248, 5466517.354, 676.9194], [306217.233, 5466515.538, 675.7704]]",True,True,inside_10m,2025-06-15 15:29:13.500,908,/media/UofA/BU_Work/BayneLabWorkSpace/Katrine_workspace/Localization_per_day/OKLG-8-20250615/minspec_clips/908.wav,True,2025-06-15 08:29:13.500,-6.4807177,9.602524,0.048219353,-6.368443,0.64215666,23,8,11
2025-06-15 17:48:16+00:00,306231.8147876629,5466452.15669208,661.3229117112194,0.0447496801682234,0.3113080337643623,4,"[""D4"", ""D5"", ""E5"", ""E4""]","[""/media/UofA/BU_Work/BayneLabWorkSpace/Katrine_workspace/AudioMothSync/OKLG-8-Sync2/OKLG-8-D4/OKLG-8-D4_20250615_173000.WAV"", ""/media/UofA/BU_Work/BayneLabWorkSpace/Katrine_workspace/AudioMothSync/OKLG-8-Sync2/OKLG-8-D5/OKLG-8-D5_20250615_173000.WAV"", ""/media/UofA/BU_Work/BayneLabWorkSpace/Katrine_workspace/AudioMothSync/OKLG-8-Sync2/OKLG-8-E5/OKLG-8-E5_20250615_173000.WAV"", ""/media/UofA/BU_Work/BayneLabWorkSpace/Katrine_workspace/AudioMothSync/OKLG-8-Sync2/OKLG-8-E4/OKLG-8-E4_20250615_173000.WAV""]","[[306181.8788, 5466484.067, 671.3749], [306182.6993, 5466449.16, 664.3166], [306217.4541, 5466446.981, 661.48], [306216.821, 5466481.42, 669.0224]]",False,True,between_10_15m,2025-06-15 17:48:16.000,1170,/media/UofA/BU_Work/BayneLabWorkSpace/Katrine_workspace/Localization_per_day/OKLG-8-20250615/minspec_clips/1170.wav,True,2025-06-15 10:48:16.000,0.15364899,21.339708,-9.696619,-2.2715979,-3.752589,2,2,3
2025-06-15 17:12:04+00:00,306190.9823781919,5466468.415284175,667.184257081714,0.0849638528382715,0.2495701842010021,5,"[""C5"", ""D6"", ""D4"", ""D5"", ""B5""]","[""/media/UofA/BU_Work/BayneLabWorkSpace/Katrine_workspace/AudioMothSync/OKLG-8-Sync2/OKLG-8-C5/OKLG-8-C5_20250615_170000.WAV"", ""/media/UofA/BU_Work/BayneLabWorkSpace/Katrine_workspace/AudioMothSync/OKLG-8-Sync2/OKLG-8-D6/OKLG-8-D6_20250615_170000.WAV"", ""/media/UofA/BU_Work/BayneLabWorkSpace/Katrine_workspace/AudioMothSync/OKLG-8-Sync2/OKLG-8-D4/OKLG-8-D4_20250615_170000.WAV"", ""/media/UofA/BU_Work/BayneLabWorkSpace/Katrine_workspace/AudioMothSync/OKLG-8-Sync2/OKLG-8-D5/OKLG-8-D5_20250615_170000.WAV"", ""/media/UofA/BU_Work/BayneLabWorkSpace/Katrine_workspace/AudioMothSync/OKLG-8-Sync2/OKLG-8-B5/OKLG-8-B5_20250615_170000.WAV""]","[[306147.3596, 5466445.666, 666.7585], [306182.7549, 5466414.233, 658.2178], [306181.8788, 5466484.067, 671.3749], [306182.6993, 5466449.16, 664.3166], [306111.1537, 5466446.859, 669.597]]",False,True,inside_10m,2025-06-15 17:12:04.000,1103,/media/UofA/BU_Work/BayneLabWorkSpace/Katrine_workspace/Localization_per_day/OKLG-8-20250615/minspec_clips/1103.wav,True,2025-06-15 10:12:04.000,4.28037,14.47778,-8.417628,3.4810872,0.049990788,5,5,10
2025-06-15 12:30:40+00:00,306098.81544979336,5466454.660879294,671.2347172668532,0.603332888690072,0.1647930497096644,9,"[""C4"", ""B5"", ""B3"", ""B4"", ""D4"", ""D3"", ""C5"", ""C3"", ""D5""]","[""/media/UofA/BU_Work/BayneLabWorkSpace/Katrine_workspace/AudioMothSync/OKLG-8-Sync2/OKLG-8-C4/OKLG-8-C4_20250615_120000.WAV"", ""/media/UofA/BU_Work/BayneLabWorkSpace/Katrine_workspace/AudioMothSync/OKLG-8-Sync2/OKLG-8-B5/OKLG-8-B5_20250615_120000.WAV"", ""/media/UofA/BU_Work/BayneLabWorkSpace/Katrine_workspace/AudioMothSync/OKLG-8-Sync2/OKLG-8-B3/OKLG-8-B3_20250615_120000.WAV"", ""/media/UofA/BU_Work/BayneLabWorkSpace/Katrine_workspace/AudioMothSync/OKLG-8-Sync2/OKLG-8-B4/OKLG-8-B4_20250615_120000.WAV"", ""/media/UofA/BU_Work/BayneLabWorkSpace/Katrine_workspace/AudioMothSync/OKLG-8-Sync2/OKLG-8-D4/OKLG-8-D4_20250615_120000.WAV"", ""/media/UofA/BU_Work/BayneLabWorkSpace/Katrine_workspace/AudioMothSync/OKLG-8-Sync2/OKLG-8-D3/OKLG-8-D3_20250615_120000.WAV"", ""/media/UofA/BU_Work/BayneLabWorkSpace/Katrine_workspace/AudioMothSync/OKLG-8-Sync2/OKLG-8-C5/OKLG-8-C5_20250615_120000.WAV"", ""/media/UofA/BU_Work/BayneLabWorkSpace/Katrine_workspace/AudioMothSync/OKLG-8-Sync2/OKLG-8-C3/OKLG-8-C3_20250615_120000.WAV"", ""/media/UofA/BU_Work/BayneLabWorkSpace/Katrine_workspace/AudioMothSync/OKLG-8-Sync2/OKLG-8-D5/OKLG-8-D5_20250615_120000.WAV""]","[[306146.9112, 5466480.896, 672.6855], [306111.1537, 5466446.859, 669.597], [306110.3586, 5466518.038, 679.7918], [306111.0449, 5466482.88, 674.4223], [306181.8788, 5466484.067, 671.3749], [306182.3222, 5466520.693, 678.7913], [306147.3596, 5466445.666, 666.7585], [306147.4214, 5466515.236, 678.7817], [306182.6993, 5466449.16, 664.3166]]",False,True,between_10_15m,2025-06-15 12:30:40.000,221,/media/UofA/BU_Work/BayneLabWorkSpace/Katrine_workspace/Localization_per_day/OKLG-8-20250615/minspec_clips/221.wav,True,2025-06-15 05:30:40.000,7.955229,0.5041455,-0.37451193,4.8237147,4.224859,6,6,1
2025-06-15 12:17:31.500000+00:00,306247.85655779456,5466520.838003333,676.7174025551299,0.7479125962092306,0.1787132417990101,9,"[""E3"", ""D4"", ""D3"", ""F4"", ""E4"", ""D2"", ""F2"", ""E2"", ""F3""]","[""/media/UofA/BU_Work/BayneLabWorkSpace/Katrine_workspace/AudioMothSync/OKLG-8-Sync2/OKLG-8-E3/OKLG-8-E3_20250615_120000.WAV"", ""/media/UofA/BU_Work/BayneLabWorkSpace/Katrine_workspace/AudioMothSync/OKLG-8-Sync2/OKLG-8-D4/OKLG-8-D4_20250615_120000.WAV"", ""/media/UofA/BU_Work/BayneLabWorkSpace/Katrine_workspace/AudioMothSync/OKLG-8-Sync2/OKLG-8-D3/OKLG-8-D3_20250615_120000.WAV"", ""/media/UofA/BU_Work/BayneLabWorkSpace/Katrine_workspace/AudioMothSync/OKLG-8-Sync2/OKLG-8-F4/OKLG-8-F4_20250615_120000.WAV"", ""/media/UofA/BU_Work/BayneLabWorkSpace/Katrine_workspace/AudioMothSync/OKLG-8-Sync2/OKLG-8-E4/OKLG-8-E4_20250615_120000.WAV"", ""/media/UofA/BU_Work/BayneLabWorkSpace/Katrine_workspace/AudioMothSync/OKLG-8-Sync2/OKLG-8-D2/OKLG-8-D2_20250615_120000.WAV"", ""/media/UofA/BU_Work/BayneLabWorkSpace/Katrine_workspace/AudioMothSync/OKLG-8-Sync2/OKLG-8-F2/OKLG-8-F2_20250615_120000.WAV"", ""/media/UofA/BU_Work/BayneLabWorkSpace/Katrine_workspace/AudioMothSync/OKLG-8-Sync2/OKLG-8-E2/OKLG-8-E2_20250615_120000.WAV"", ""/media/UofA/BU_Work/BayneLabWorkSpace/Katrine_workspace/AudioMothSync/OKLG-8-Sync2/OKLG-8-F3/OKLG-8-F3_20250615_120000.WAV""]","[[306217.233, 5466515.538, 675.7704], [306181.8788, 5466484.067, 671.3749], [306182.3222, 5466520.693, 678.7913], [306250.9492, 5466481.06, 668.1608], [306216.821, 5466481.42, 669.0224], [306182.8221, 5466554.969, 686.2647], [306252.7451, 5466552.269, 682.6024], [306217.0531, 5466551.09, 683.3621], [306250.0248, 5466517.354, 676.9194]]",True,True,inside_10m,2025-06-15 12:17:31.500,194,/media/UofA/BU_Work/BayneLabWorkSpace/Katrine_workspace/Localization_per_day/OKLG-8-20250615/minspec_clips/194.wav,True,2025-06-15 05:17:31.500,-8.593461,6.395222,-1.2798743,-7.127437,-1.3281682,20,8,11
2025-06-15 12:05:25.500000+00:00,306247.666682294,5466521.143270579,677.4748716909273,0.8371378839139214,0.1623458808494938,9,"[""F2"", ""G3"", ""E1"", ""E3"", ""F3"", ""F1"", ""G2"", ""E2"", ""G1""]","[""/media/UofA/BU_Work/BayneLabWorkSpace/Katrine_workspace/AudioMothSync/OKLG-8-Sync2/OKLG-8-F2/OKLG-8-F2_20250615_120000.WAV"", ""/media/UofA/BU_Work/BayneLabWorkSpace/Katrine_workspace/AudioMothSync/OKLG-8-Sync2/OKLG-8-G3/OKLG-8-G3_20250615_120000.WAV"", ""/media/UofA/BU_Work/BayneLabWorkSpace/Katrine_workspace/AudioMothSync/OKLG-8-Sync2/OKLG-8-E1/OKLG-8-E1_20250615_120000.WAV"", ""/media/UofA/BU_Work/BayneLabWorkSpace/Katrine_workspace/AudioMothSync/OKLG-8-Sync2/OKLG-8-E3/OKLG-8-E3_20250615_120000.WAV"", ""/media/UofA/BU_Work/BayneLabWorkSpace/Katrine_workspace/AudioMothSync/OKLG-8-Sync2/OKLG-8-F3/OKLG-8-F3_20250615_120000.WAV"", ""/media/UofA/BU_Work/BayneLabWorkSpace/Katrine_workspace/AudioMothSync/OKLG-8-Sync2/OKLG-8-F1/OKLG-8-F1_20250615_120000.WAV"", ""/media/UofA/BU_Work/BayneLabWorkSpace/Katrine_workspace/AudioMothSync/OKLG-8-Sync2/OKLG-8-G2/OKLG-8-G2_20250615_120000.WAV"", ""/media/UofA/BU_Work/BayneLabWorkSpace/Katrine_workspace/AudioMothSync/OKLG-8-Sync2/OKLG-8-E2/OKLG-8-E2_20250615_120000.WAV"", ""/media/UofA/BU_Work/BayneLabWorkSpace/Katrine_workspace/AudioMothSync/OKLG-8-Sync2/OKLG-8-G1/OKLG-8-G1_20250615_120000.WAV""]","[[306252.7451, 5466552.269, 682.6024], [306286.6237, 5466518.56, 675.3752], [306217.3318, 5466587.32, 691.8683], [306217.233, 5466515.538, 675.7704], [306250.0248, 5466517.354, 676.9194], [306254.0111, 5466588.298, 690.7812], [306286.9994, 5466553.45, 679.9404], [306217.0531, 5466551.09, 683.3621], [306287.4446, 5466588.531, 687.2285]]",True,True,inside_10m,2025-06-15 12:05:25.500,148,/media/UofA/BU_Work/BayneLabWorkSpace/Katrine_workspace/Localization_per_day/OKLG-8-20250615/minspec_clips/148.wav,True,2025-06-15 05:05:25.500,5.601306,-5.1850276,3.1456442,5.4606543,0.68239266,3,3,9
2025-06-15 18:36:04+00:00,306248.1716569367,5466521.546519902,675.4506776061207,0.1309477472746514,0.2091182781649487,7,"[""E2"", ""D1"", ""F3"", ""F1"", ""E1"", ""F2"", ""E3""]","[""/media/UofA/BU_Work/BayneLabWorkSpace/Katrine_workspace/AudioMothSync/OKLG-8-Sync2/OKLG-8-E2/OKLG-8-E2_20250615_183000.WAV"", ""/media/UofA/BU_Work/BayneLabWorkSpace/Katrine_workspace/AudioMothSync/OKLG-8-Sync2/OKLG-8-D1/OKLG-8-D1_20250615_183000.WAV"", ""/media/UofA/BU_Work/BayneLabWorkSpace/Katrine_workspace/AudioMothSync/OKLG-8-Sync2/OKLG-8-F3/OKLG-8-F3_20250615_183000.WAV"", ""/media/UofA/BU_Work/BayneLabWorkSpace/Katrine_workspace/AudioMothSync/OKLG-8-Sync2/OKLG-8-F1/OKLG-8-F1_20250615_183000.WAV"", ""/media/UofA/BU_Work/BayneLabWorkSpace/Katrine_workspace/AudioMothSync/OKLG-8-Sync2/OKLG-8-E1/OKLG-8-E1_20250615_183000.WAV"", ""/media/UofA/BU_Work/BayneLabWorkSpace/Katrine_workspace/AudioMothSync/OKLG-8-Sync2/OKLG-8-F2/OKLG-8-F2_20250615_183000.WAV"", ""/media/UofA/BU_Work/BayneLabWorkSpace/Katrine_workspace/AudioMothSync/OKLG-8-Sync2/OKLG-8-E3/OKLG-8-E3_20250615_183000.WAV""]","[[306217.0531, 5466551.09, 683.3621], [306180.9972, 5466588.911, 693.9689], [306250.0248, 5466517.354, 676.9194], [306254.0111, 5466588.298, 690.7812], [306217.3318, 5466587.32, 691.8683], [306252.7451, 5466552.269, 682.6024], [306217.233, 5466515.538, 675.7704]]",True,True,inside_10m,2025-06-15 18:36:04.000,1235,/media/UofA/BU_Work/BayneLabWorkSpace/Katrine_workspace/Localization_per_day/OKLG-8-20250615/minspec_clips/1235.wav,True,2025-06-15 11:36:04.000,10.299324,-9.638292,6.7144327,3.2587202,4.5511513,13,4,4
2025-06-15 18:39:22+00:00,306247.76189406886,5466521.234773389,677.566925546108,0.4169931490732058,0.2313804281875491,5,"[""E4"", ""F5"", ""F3"", ""D4"", ""E3""]","[""/media/UofA/BU_Work/BayneLabWorkSpace/Katrine_workspace/AudioMothSync/OKLG-8-Sync2/OKLG-8-E4/OKLG-8-E4_20250615_183000.WAV"", ""/media/UofA/BU_Work/BayneLabWorkSpace/Katrine_workspace/AudioMothSync/OKLG-8-Sync2/OKLG-8-F5/OKLG-8-F5_20250615_183000.WAV"", ""/media/UofA/BU_Work/BayneLabWorkSpace/Katrine_workspace/AudioMothSync/OKLG-8-Sync2/OKLG-8-F3/OKLG-8-F3_20250615_183000.WAV"", ""/media/UofA/BU_Work/BayneLabWorkSpace/Katrine_workspace/AudioMothSync/OKLG-8-Sync2/OKLG-8-D4/OKLG-8-D4_20250615_183000.WAV"", ""/media/UofA/BU_Work/BayneLabWorkSpace/Katrine_workspace/AudioMothSync/OKLG-8-Sync2/OKLG-8-E3/OKLG-8-E3_20250615_183000.WAV""]","[[306216.821, 5466481.42, 669.0224], [306252.7138, 5466447.403, 661.4525], [306250.0248, 5466517.354, 676.9194], [306181.8788, 5466484.067, 671.3749], [306217.233, 5466515.538, 675.7704]]",False,True,inside_10m,2025-06-15 18:39:22.000,1246,/media/UofA/BU_Work/BayneLabWorkSpace/Katrine_workspace/Localization_per_day/OKLG-8-20250615/minspec_clips/1246.wav,True,2025-06-15 11:39:22.000,3.9722142,12.4510355,-6.163672,3.8871322,0.49208698,5,5,10
2025-06-15 17:12:07.500000+00:00,306191.02354126645,5466468.409098755,666.9931245895762,0.0384550556317092,0.3149538245052099,4,"[""D4"", ""E4"", ""C5"", ""D5""]","[""/media/UofA/BU_Work/BayneLabWorkSpace/Katrine_workspace/AudioMothSync/OKLG-8-Sync2/OKLG-8-D4/OKLG-8-D4_20250615_170000.WAV"", ""/media/UofA/BU_Work/BayneLabWorkSpace/Katrine_workspace/AudioMothSync/OKLG-8-Sync2/OKLG-8-E4/OKLG-8-E4_20250615_170000.WAV"", ""/media/UofA/BU_Work/BayneLabWorkSpace/Katrine_workspace/AudioMothSync/OKLG-8-Sync2/OKLG-8-C5/OKLG-8-C5_20250615_170000.WAV"", ""/media/UofA/BU_Work/BayneLabWorkSpace/Katrine_workspace/AudioMothSync/OKLG-8-Sync2/OKLG-8-D5/OKLG-8-D5_20250615_170000.WAV""]","[[306181.8788, 5466484.067, 671.3749], [306216.821, 5466481.42, 669.0224], [306147.3596, 5466445.666, 666.7585], [306182.6993, 5466449.16, 664.3166]]",True,True,inside_10m,2025-06-15 17:12:07.500,1104,/media/UofA/BU_Work/BayneLabWorkSpace/Katrine_workspace/Localization_per_day/OKLG-8-20250615/minspec_clips/1104.wav,True,2025-06-15 10:12:07.500,0.08633049,2.5907707,-0.68247056,-1.3654442,0.37855697,-1,8,0
2025-06-15 17:50:07.500000+00:00,306231.56657319126,5466452.11202944,662.4648545556271,0.2090430617577847,0.2279552577861718,7,"[""F4"", ""G4"", ""E5"", ""E3"", ""F5"", ""F3"", ""E4""]","[""/media/UofA/BU_Work/BayneLabWorkSpace/Katrine_workspace/AudioMothSync/OKLG-8-Sync2/OKLG-8-F4/OKLG-8-F4_20250615_173000.WAV"", ""/media/UofA/BU_Work/BayneLabWorkSpace/Katrine_workspace/AudioMothSync/OKLG-8-Sync2/OKLG-8-G4/OKLG-8-G4_20250615_173000.WAV"", ""/media/UofA/BU_Work/BayneLabWorkSpace/Katrine_workspace/AudioMothSync/OKLG-8-Sync2/OKLG-8-E5/OKLG-8-E5_20250615_173000.WAV"", ""/media/UofA/BU_Work/BayneLabWorkSpace/Katrine_workspace/AudioMothSync/OKLG-8-Sync2/OKLG-8-E3/OKLG-8-E3_20250615_173000.WAV"", ""/media/UofA/BU_Work/BayneLabWorkSpace/Katrine_workspace/AudioMothSync/OKLG-8-Sync2/OKLG-8-F5/OKLG-8-F5_20250615_173000.WAV"", ""/media/UofA/BU_Work/BayneLabWorkSpace/Katrine_workspace/AudioMothSync/OKLG-8-Sync2/OKLG-8-F3/OKLG-8-F3_20250615_173000.WAV"", ""/media/UofA/BU_Work/BayneLabWorkSpace/Katrine_workspace/AudioMothSync/OKLG-8-Sync2/OKLG-8-E4/OKLG-8-E4_20250615_173000.WAV""]","[[306250.9492, 5466481.06, 668.1608], [306285.9765, 5466480.944, 666.9948], [306217.4541, 5466446.981, 661.48], [306217.233, 5466515.538, 675.7704], [306252.7138, 5466447.403, 661.4525], [306250.0248, 5466517.354, 676.9194], [306216.821, 5466481.42, 669.0224]]",True,True,inside_10m,2025-06-15 17:50:07.500,1177,/media/UofA/BU_Work/BayneLabWorkSpace/Katrine_workspace/Localization_per_day/OKLG-8-20250615/minspec_clips/1177.wav,True,2025-06-15 10:50:07.500,-0.81896967,20.834183,-10.823848,-1.0725666,-4.373223,2,2,3
2025-06-15 17:50:07.500000+00:00,306231.56657319126,5466452.11202944,662.4648545556271,0.2090430617577847,0.2279552577861718,7,"[""F4"", ""G4"", ""E5"", ""E3"", ""F5"", ""F3"", ""E4""]","[""/media/UofA/BU_Work/BayneLabWorkSpace/Katrine_workspace/AudioMothSync/OKLG-8-Sync2/OKLG-8-F4/OKLG-8-F4_20250615_173000.WAV"", ""/media/UofA/BU_Work/BayneLabWorkSpace/Katrine_workspace/AudioMothSync/OKLG-8-Sync2/OKLG-8-G4/OKLG-8-G4_20250615_173000.WAV"", ""/media/UofA/BU_Work/BayneLabWorkSpace/Katrine_workspace/AudioMothSync/OKLG-8-Sync2/OKLG-8-E5/OKLG-8-E5_20250615_173000.WAV"", ""/media/UofA/BU_Work/BayneLabWorkSpace/Katrine_workspace/AudioMothSync/OKLG-8-Sync2/OKLG-8-E3/OKLG-8-E3_20250615_173000.WAV"", ""/media/UofA/BU_Work/BayneLabWorkSpace/Katrine_workspace/AudioMothSync/OKLG-8-Sync2/OKLG-8-F5/OKLG-8-F5_20250615_173000.WAV"", ""/media/UofA/BU_Work/BayneLabWorkSpace/Katrine_workspace/AudioMothSync/OKLG-8-Sync2/OKLG-8-F3/OKLG-8-F3_20250615_173000.WAV"", ""/media/UofA/BU_Work/BayneLabWorkSpace/Katrine_workspace/AudioMothSync/OKLG-8-Sync2/OKLG-8-E4/OKLG-8-E4_20250615_173000.WAV""]","[[306250.9492, 5466481.06, 668.1608], [306285.9765, 5466480.944, 666.9948], [306217.4541, 5466446.981, 661.48], [306217.233, 5466515.538, 675.7704], [306252.7138, 5466447.403, 661.4525], [306250.0248, 5466517.354, 676.9194], [306216.821, 5466481.42, 669.0224]]",True,True,inside_10m,2025-06-15 17:50:07.500,1177,/media/UofA/BU_Work/BayneLabWorkSpace/Katrine_workspace/Localization_per_day/OKLG-8-20250615/minspec_clips/1177.wav,True,2025-06-15 10:50:07.500,-0.81896967,20.834183,-10.823848,-1.0725666,-4.373223,2,2,3
2025-06-15 18:00:52+00:00,306235.6972938944,5466578.056126518,688.8396308336228,0.1797067271647628,0.2360480556264519,5,"[""E1"", ""F2"", ""F1"", ""E2"", ""D1""]","[""/media/UofA/BU_Work/BayneLabWorkSpace/Katrine_workspace/AudioMothSync/OKLG-8-Sync2/OKLG-8-E1/OKLG-8-E1_20250615_180000.WAV"", ""/media/UofA/BU_Work/BayneLabWorkSpace/Katrine_workspace/AudioMothSync/OKLG-8-Sync2/OKLG-8-F2/OKLG-8-F2_20250615_180000.WAV"", ""/media/UofA/BU_Work/BayneLabWorkSpace/Katrine_workspace/AudioMothSync/OKLG-8-Sync2/OKLG-8-F1/OKLG-8-F1_20250615_180000.WAV"", ""/media/UofA/BU_Work/BayneLabWorkSpace/Katrine_workspace/AudioMothSync/OKLG-8-Sync2/OKLG-8-E2/OKLG-8-E2_20250615_180000.WAV"", ""/media/UofA/BU_Work/BayneLabWorkSpace/Katrine_workspace/AudioMothSync/OKLG-8-Sync2/OKLG-8-D1/OKLG-8-D1_20250615_180000.WAV""]","[[306217.3318, 5466587.32, 691.8683], [306252.7451, 5466552.269, 682.6024], [306254.0111, 5466588.298, 690.7812], [306217.0531, 5466551.09, 683.3621], [306180.9972, 5466588.911, 693.9689]]",True,True,inside_10m,2025-06-15 18:00:52.000,1191,/media/UofA/BU_Work/BayneLabWorkSpace/Katrine_workspace/Localization_per_day/OKLG-8-20250615/minspec_clips/1191.wav,True,2025-06-15 11:00:52.000,2.1107464,3.9714797,-3.8434665,-1.0076784,-0.9772463,-1,-1,6
2025-06-15 17:32:31.500000+00:00,306247.7540916742,5466521.172707028,677.7165422017654,0.2047749267982136,0.2563415803015232,6,"[""E3"", ""E2"", ""E4"", ""F4"", ""F3"", ""F2""]","[""/media/UofA/BU_Work/BayneLabWorkSpace/Katrine_workspace/AudioMothSync/OKLG-8-Sync2/OKLG-8-E3/OKLG-8-E3_20250615_173000.WAV"", ""/media/UofA/BU_Work/BayneLabWorkSpace/Katrine_workspace/AudioMothSync/OKLG-8-Sync2/OKLG-8-E2/OKLG-8-E2_20250615_173000.WAV"", ""/media/UofA/BU_Work/BayneLabWorkSpace/Katrine_workspace/AudioMothSync/OKLG-8-Sync2/OKLG-8-E4/OKLG-8-E4_20250615_173000.WAV"", ""/media/UofA/BU_Work/BayneLabWorkSpace/Katrine_workspace/AudioMothSync/OKLG-8-Sync2/OKLG-8-F4/OKLG-8-F4_20250615_173000.WAV"", ""/media/UofA/BU_Work/BayneLabWorkSpace/Katrine_workspace/AudioMothSync/OKLG-8-Sync2/OKLG-8-F3/OKLG-8-F3_20250615_173000.WAV"", ""/media/UofA/BU_Work/BayneLabWorkSpace/Katrine_workspace/AudioMothSync/OKLG-8-Sync2/OKLG-8-F2/OKLG-8-F2_20250615_173000.WAV""]","[[306217.233, 5466515.538, 675.7704], [306217.0531, 5466551.09, 683.3621], [306216.821, 5466481.42, 669.0224], [306250.9492, 5466481.06, 668.1608], [306250.0248, 5466517.354, 676.9194], [306252.7451, 5466552.269, 682.6024]]",True,True,inside_10m,2025-06-15 17:32:31.500,1112,/media/UofA/BU_Work/BayneLabWorkSpace/Katrine_workspace/Localization_per_day/OKLG-8-20250615/minspec_clips/1112.wav,True,2025-06-15 10:32:31.500,-0.64378285,0.31884217,1.436413,-1.485444,0.7340121,18,8,0
2025-06-15 13:22:31.500000+00:00,306248.64020278404,5466522.240328988,677.5527217867361,0.6931930535890867,0.2279084334149956,8,"[""E4"", ""E5"", ""F4"", ""E3"", ""F3"", ""F5"", ""D4"", ""D5""]","[""/media/UofA/BU_Work/BayneLabWorkSpace/Katrine_workspace/AudioMothSync/OKLG-8-Sync2/OKLG-8-E4/OKLG-8-E4_20250615_130000.WAV"", ""/media/UofA/BU_Work/BayneLabWorkSpace/Katrine_workspace/AudioMothSync/OKLG-8-Sync2/OKLG-8-E5/OKLG-8-E5_20250615_130000.WAV"", ""/media/UofA/BU_Work/BayneLabWorkSpace/Katrine_workspace/AudioMothSync/OKLG-8-Sync2/OKLG-8-F4/OKLG-8-F4_20250615_130000.WAV"", ""/media/UofA/BU_Work/BayneLabWorkSpace/Katrine_workspace/AudioMothSync/OKLG-8-Sync2/OKLG-8-E3/OKLG-8-E3_20250615_130000.WAV"", ""/media/UofA/BU_Work/BayneLabWorkSpace/Katrine_workspace/AudioMothSync/OKLG-8-Sync2/OKLG-8-F3/OKLG-8-F3_20250615_130000.WAV"", ""/media/UofA/BU_Work/BayneLabWorkSpace/Katrine_workspace/AudioMothSync/OKLG-8-Sync2/OKLG-8-F5/OKLG-8-F5_20250615_130000.WAV"", ""/media/UofA/BU_Work/BayneLabWorkSpace/Katrine_workspace/AudioMothSync/OKLG-8-Sync2/OKLG-8-D4/OKLG-8-D4_20250615_130000.WAV"", ""/media/UofA/BU_Work/BayneLabWorkSpace/Katrine_workspace/AudioMothSync/OKLG-8-Sync2/OKLG-8-D5/OKLG-8-D5_20250615_130000.WAV""]","[[306216.821, 5466481.42, 669.0224], [306217.4541, 5466446.981, 661.48], [306250.9492, 5466481.06, 668.1608], [306217.233, 5466515.538, 675.7704], [306250.0248, 5466517.354, 676.9194], [306252.7138, 5466447.403, 661.4525], [306181.8788, 5466484.067, 671.3749], [306182.6993, 5466449.16, 664.3166]]",False,True,inside_10m,2025-06-15 13:22:31.500,475,/media/UofA/BU_Work/BayneLabWorkSpace/Katrine_workspace/Localization_per_day/OKLG-8-20250615/minspec_clips/475.wav,True,2025-06-15 06:22:31.500,-4.009447,-19.5526,6.30081,-0.16936536,-5.9280534,0,0,8
2025-06-15 12:49:01.500000+00:00,306248.3175814519,5466521.19689837,676.7267361042509,0.777224268200085,0.2114714857723031,7,"[""F2"", ""G3"", ""F1"", ""E2"", ""E3"", ""E1"", ""F3""]","[""/media/UofA/BU_Work/BayneLabWorkSpace/Katrine_workspace/AudioMothSync/OKLG-8-Sync2/OKLG-8-F2/OKLG-8-F2_20250615_123000.WAV"", ""/media/UofA/BU_Work/BayneLabWorkSpace/Katrine_workspace/AudioMothSync/OKLG-8-Sync2/OKLG-8-G3/OKLG-8-G3_20250615_123000.WAV"", ""/media/UofA/BU_Work/BayneLabWorkSpace/Katrine_workspace/AudioMothSync/OKLG-8-Sync2/OKLG-8-F1/OKLG-8-F1_20250615_123000.WAV"", ""/media/UofA/BU_Work/BayneLabWorkSpace/Katrine_workspace/AudioMothSync/OKLG-8-Sync2/OKLG-8-E2/OKLG-8-E2_20250615_123000.WAV"", ""/media/UofA/BU_Work/BayneLabWorkSpace/Katrine_workspace/AudioMothSync/OKLG-8-Sync2/OKLG-8-E3/OKLG-8-E3_20250615_123000.WAV"", ""/media/UofA/BU_Work/BayneLabWorkSpace/Katrine_workspace/AudioMothSync/OKLG-8-Sync2/OKLG-8-E1/OKLG-8-E1_20250615_123000.WAV"", ""/media/UofA/BU_Work/BayneLabWorkSpace/Katrine_workspace/AudioMothSync/OKLG-8-Sync2/OKLG-8-F3/OKLG-8-F3_20250615_123000.WAV""]","[[306252.7451, 5466552.269, 682.6024], [306286.6237, 5466518.56, 675.3752], [306254.0111, 5466588.298, 690.7812], [306217.0531, 5466551.09, 683.3621], [306217.233, 5466515.538, 675.7704], [306217.3318, 5466587.32, 691.8683], [306250.0248, 5466517.354, 676.9194]]",True,True,inside_10m,2025-06-15 12:49:01.500,289,/media/UofA/BU_Work/BayneLabWorkSpace/Katrine_workspace/Localization_per_day/OKLG-8-20250615/minspec_clips/289.wav,True,2025-06-15 05:49:01.500,-2.0272489,-18.715096,4.703007,-0.4504159,-4.9004974,0,0,8
2025-06-15 17:37:13.500000+00:00,306247.914509124,5466521.038103503,677.8199956543654,0.3806650958180002,0.2092851186171174,6,"[""F3"", ""E2"", ""E3"", ""F2"", ""E4"", ""G4""]","[""/media/UofA/BU_Work/BayneLabWorkSpace/Katrine_workspace/AudioMothSync/OKLG-8-Sync2/OKLG-8-F3/OKLG-8-F3_20250615_173000.WAV"", ""/media/UofA/BU_Work/BayneLabWorkSpace/Katrine_workspace/AudioMothSync/OKLG-8-Sync2/OKLG-8-E2/OKLG-8-E2_20250615_173000.WAV"", ""/media/UofA/BU_Work/BayneLabWorkSpace/Katrine_workspace/AudioMothSync/OKLG-8-Sync2/OKLG-8-E3/OKLG-8-E3_20250615_173000.WAV"", ""/media/UofA/BU_Work/BayneLabWorkSpace/Katrine_workspace/AudioMothSync/OKLG-8-Sync2/OKLG-8-F2/OKLG-8-F2_20250615_173000.WAV"", ""/media/UofA/BU_Work/BayneLabWorkSpace/Katrine_workspace/AudioMothSync/OKLG-8-Sync2/OKLG-8-E4/OKLG-8-E4_20250615_173000.WAV"", ""/media/UofA/BU_Work/BayneLabWorkSpace/Katrine_workspace/AudioMothSync/OKLG-8-Sync2/OKLG-8-G4/OKLG-8-G4_20250615_173000.WAV""]","[[306250.0248, 5466517.354, 676.9194], [306217.0531, 5466551.09, 683.3621], [306217.233, 5466515.538, 675.7704], [306252.7451, 5466552.269, 682.6024], [306216.821, 5466481.42, 669.0224], [306285.9765, 5466480.944, 666.9948]]",True,True,inside_10m,2025-06-15 17:37:13.500,1128,/media/UofA/BU_Work/BayneLabWorkSpace/Katrine_workspace/Localization_per_day/OKLG-8-20250615/minspec_clips/1128.wav,True,2025-06-15 10:37:13.500,-9.116661,7.064297,-2.7900164,-7.859628,-1.1791285,20,8,11
2025-06-15 14:22:58+00:00,306247.6261322141,5466521.291577545,676.9189122711593,0.548419217233074,0.2560852078927887,9,"[""E3"", ""D3"", ""D4"", ""D2"", ""F4"", ""F3"", ""F2"", ""E2"", ""E4""]","[""/media/UofA/BU_Work/BayneLabWorkSpace/Katrine_workspace/AudioMothSync/OKLG-8-Sync2/OKLG-8-E3/OKLG-8-E3_20250615_140000.WAV"", ""/media/UofA/BU_Work/BayneLabWorkSpace/Katrine_workspace/AudioMothSync/OKLG-8-Sync2/OKLG-8-D3/OKLG-8-D3_20250615_140000.WAV"", ""/media/UofA/BU_Work/BayneLabWorkSpace/Katrine_workspace/AudioMothSync/OKLG-8-Sync2/OKLG-8-D4/OKLG-8-D4_20250615_140000.WAV"", ""/media/UofA/BU_Work/BayneLabWorkSpace/Katrine_workspace/AudioMothSync/OKLG-8-Sync2/OKLG-8-D2/OKLG-8-D2_20250615_140000.WAV"", ""/media/UofA/BU_Work/BayneLabWorkSpace/Katrine_workspace/AudioMothSync/OKLG-8-Sync2/OKLG-8-F4/OKLG-8-F4_20250615_140000.WAV"", ""/media/UofA/BU_Work/BayneLabWorkSpace/Katrine_workspace/AudioMothSync/OKLG-8-Sync2/OKLG-8-F3/OKLG-8-F3_20250615_140000.WAV"", ""/media/UofA/BU_Work/BayneLabWorkSpace/Katrine_workspace/AudioMothSync/OKLG-8-Sync2/OKLG-8-F2/OKLG-8-F2_20250615_140000.WAV"", ""/media/UofA/BU_Work/BayneLabWorkSpace/Katrine_workspace/AudioMothSync/OKLG-8-Sync2/OKLG-8-E2/OKLG-8-E2_20250615_140000.WAV"", ""/media/UofA/BU_Work/BayneLabWorkSpace/Katrine_workspace/AudioMothSync/OKLG-8-Sync2/OKLG-8-E4/OKLG-8-E4_20250615_140000.WAV""]","[[306217.233, 5466515.538, 675.7704], [306182.3222, 5466520.693, 678.7913], [306181.8788, 5466484.067, 671.3749], [306182.8221, 5466554.969, 686.2647], [306250.9492, 5466481.06, 668.1608], [306250.0248, 5466517.354, 676.9194], [306252.7451, 5466552.269, 682.6024], [306217.0531, 5466551.09, 683.3621], [306216.821, 5466481.42, 669.0224]]",True,True,inside_10m,2025-06-15 14:22:58.000,668,/media/UofA/BU_Work/BayneLabWorkSpace/Katrine_workspace/Localization_per_day/OKLG-8-20250615/minspec_clips/668.wav,True,2025-06-15 07:22:58.000,7.2613516,-4.666724,2.7484245,5.9916863,2.515635,7,3,9
2025-06-15 15:39:55.500000+00:00,306220.3948522164,5466381.522228958,649.2729533770053,4.060483266025436e-05,0.2909762212075293,4,"[""E7"", ""F7"", ""D7"", ""E6""]","[""/media/UofA/BU_Work/BayneLabWorkSpace/Katrine_workspace/AudioMothSync/OKLG-8-Sync2/OKLG-8-E7/OKLG-8-E7_20250615_153000.WAV"", ""/media/UofA/BU_Work/BayneLabWorkSpace/Katrine_workspace/AudioMothSync/OKLG-8-Sync2/OKLG-8-F7/OKLG-8-F7_20250615_153000.WAV"", ""/media/UofA/BU_Work/BayneLabWorkSpace/Katrine_workspace/AudioMothSync/OKLG-8-Sync2/OKLG-8-D7/OKLG-8-D7_20250615_153000.WAV"", ""/media/UofA/BU_Work/BayneLabWorkSpace/Katrine_workspace/AudioMothSync/OKLG-8-Sync2/OKLG-8-E6/OKLG-8-E6_20250615_153000.WAV""]","[[306218.0862, 5466376.386, 647.919], [306252.6819, 5466376.297, 646.3673], [306182.4104, 5466378.292, 650.5595], [306218.2784, 5466411.837, 654.7701]]",True,True,inside_10m,2025-06-15 15:39:55.500,946,/media/UofA/BU_Work/BayneLabWorkSpace/Katrine_workspace/Localization_per_day/OKLG-8-20250615/minspec_clips/946.wav,True,2025-06-15 08:39:55.500,-5.8297434,1.1553415,-2.9854805,-2.097001,-3.1173155,11,7,7
2025-06-15 17:42:16+00:00,306231.4200104062,5466452.057969452,661.7320658041451,0.1369017612759369,0.2077448703348636,8,"[""E5"", ""F4"", ""D6"", ""E6"", ""E4"", ""D4"", ""F5"", ""D5""]","[""/media/UofA/BU_Work/BayneLabWorkSpace/Katrine_workspace/AudioMothSync/OKLG-8-Sync2/OKLG-8-E5/OKLG-8-E5_20250615_173000.WAV"", ""/media/UofA/BU_Work/BayneLabWorkSpace/Katrine_workspace/AudioMothSync/OKLG-8-Sync2/OKLG-8-F4/OKLG-8-F4_20250615_173000.WAV"", ""/media/UofA/BU_Work/BayneLabWorkSpace/Katrine_workspace/AudioMothSync/OKLG-8-Sync2/OKLG-8-D6/OKLG-8-D6_20250615_173000.WAV"", ""/media/UofA/BU_Work/BayneLabWorkSpace/Katrine_workspace/AudioMothSync/OKLG-8-Sync2/OKLG-8-E6/OKLG-8-E6_20250615_173000.WAV"", ""/media/UofA/BU_Work/BayneLabWorkSpace/Katrine_workspace/AudioMothSync/OKLG-8-Sync2/OKLG-8-E4/OKLG-8-E4_20250615_173000.WAV"", ""/media/UofA/BU_Work/BayneLabWorkSpace/Katrine_workspace/AudioMothSync/OKLG-8-Sync2/OKLG-8-D4/OKLG-8-D4_20250615_173000.WAV"", ""/media/UofA/BU_Work/BayneLabWorkSpace/Katrine_workspace/AudioMothSync/OKLG-8-Sync2/OKLG-8-F5/OKLG-8-F5_20250615_173000.WAV"", ""/media/UofA/BU_Work/BayneLabWorkSpace/Katrine_workspace/AudioMothSync/OKLG-8-Sync2/OKLG-8-D5/OKLG-8-D5_20250615_173000.WAV""]","[[306217.4541, 5466446.981, 661.48], [306250.9492, 5466481.06, 668.1608], [306182.7549, 5466414.233, 658.2178], [306218.2784, 5466411.837, 654.7701], [306216.821, 5466481.42, 669.0224], [306181.8788, 5466484.067, 671.3749], [306252.7138, 5466447.403, 661.4525], [306182.6993, 5466449.16, 664.3166]]",True,True,inside_10m,2025-06-15 17:42:16.000,1150,/media/UofA/BU_Work/BayneLabWorkSpace/Katrine_workspace/Localization_per_day/OKLG-8-20250615/minspec_clips/1150.wav,True,2025-06-15 10:42:16.000,9.396159,5.547926,-4.522894,0.35186762,5.4228516,17,10,5
2025-06-15 15:53:10+00:00,306247.963590497,5466521.314769478,677.6612976257511,0.3456364232907509,0.1995578711586339,7,"[""F4"", ""F5"", ""G4"", ""E3"", ""E5"", ""F3"", ""E4""]","[""/media/UofA/BU_Work/BayneLabWorkSpace/Katrine_workspace/AudioMothSync/OKLG-8-Sync2/OKLG-8-F4/OKLG-8-F4_20250615_153000.WAV"", ""/media/UofA/BU_Work/BayneLabWorkSpace/Katrine_workspace/AudioMothSync/OKLG-8-Sync2/OKLG-8-F5/OKLG-8-F5_20250615_153000.WAV"", ""/media/UofA/BU_Work/BayneLabWorkSpace/Katrine_workspace/AudioMothSync/OKLG-8-Sync2/OKLG-8-G4/OKLG-8-G4_20250615_153000.WAV"", ""/media/UofA/BU_Work/BayneLabWorkSpace/Katrine_workspace/AudioMothSync/OKLG-8-Sync2/OKLG-8-E3/OKLG-8-E3_20250615_153000.WAV"", ""/media/UofA/BU_Work/BayneLabWorkSpace/Katrine_workspace/AudioMothSync/OKLG-8-Sync2/OKLG-8-E5/OKLG-8-E5_20250615_153000.WAV"", ""/media/UofA/BU_Work/BayneLabWorkSpace/Katrine_workspace/AudioMothSync/OKLG-8-Sync2/OKLG-8-F3/OKLG-8-F3_20250615_153000.WAV"", ""/media/UofA/BU_Work/BayneLabWorkSpace/Katrine_workspace/AudioMothSync/OKLG-8-Sync2/OKLG-8-E4/OKLG-8-E4_20250615_153000.WAV""]","[[306250.9492, 5466481.06, 668.1608], [306252.7138, 5466447.403, 661.4525], [306285.9765, 5466480.944, 666.9948], [306217.233, 5466515.538, 675.7704], [306217.4541, 5466446.981, 661.48], [306250.0248, 5466517.354, 676.9194], [306216.821, 5466481.42, 669.0224]]",False,True,inside_10m,2025-06-15 15:53:10.000,987,/media/UofA/BU_Work/BayneLabWorkSpace/Katrine_workspace/Localization_per_day/OKLG-8-20250615/minspec_clips/987.wav,True,2025-06-15 08:53:10.000,8.476592,6.72937,-4.8439784,2.035639,4.1532197,17,10,5
2025-06-15 15:29:40+00:00,306247.8982934011,5466521.360525065,677.3203798056763,0.4323653977619695,0.210293497890234,8,"[""E3"", ""D3"", ""E4"", ""F3"", ""D4"", ""E2"", ""F2"", ""F4""]","[""/media/UofA/BU_Work/BayneLabWorkSpace/Katrine_workspace/AudioMothSync/OKLG-8-Sync2/OKLG-8-E3/OKLG-8-E3_20250615_150000.WAV"", ""/media/UofA/BU_Work/BayneLabWorkSpace/Katrine_workspace/AudioMothSync/OKLG-8-Sync2/OKLG-8-D3/OKLG-8-D3_20250615_150000.WAV"", ""/media/UofA/BU_Work/BayneLabWorkSpace/Katrine_workspace/AudioMothSync/OKLG-8-Sync2/OKLG-8-E4/OKLG-8-E4_20250615_150000.WAV"", ""/media/UofA/BU_Work/BayneLabWorkSpace/Katrine_workspace/AudioMothSync/OKLG-8-Sync2/OKLG-8-F3/OKLG-8-F3_20250615_150000.WAV"", ""/media/UofA/BU_Work/BayneLabWorkSpace/Katrine_workspace/AudioMothSync/OKLG-8-Sync2/OKLG-8-D4/OKLG-8-D4_20250615_150000.WAV"", ""/media/UofA/BU_Work/BayneLabWorkSpace/Katrine_workspace/AudioMothSync/OKLG-8-Sync2/OKLG-8-E2/OKLG-8-E2_20250615_150000.WAV"", ""/media/UofA/BU_Work/BayneLabWorkSpace/Katrine_workspace/AudioMothSync/OKLG-8-Sync2/OKLG-8-F2/OKLG-8-F2_20250615_150000.WAV"", ""/media/UofA/BU_Work/BayneLabWorkSpace/Katrine_workspace/AudioMothSync/OKLG-8-Sync2/OKLG-8-F4/OKLG-8-F4_20250615_150000.WAV""]","[[306217.233, 5466515.538, 675.7704], [306182.3222, 5466520.693, 678.7913], [306216.821, 5466481.42, 669.0224], [306250.0248, 5466517.354, 676.9194], [306181.8788, 5466484.067, 671.3749], [306217.0531, 5466551.09, 683.3621], [306252.7451, 5466552.269, 682.6024], [306250.9492, 5466481.06, 668.1608]]",True,True,inside_10m,2025-06-15 15:29:40.000,912,/media/UofA/BU_Work/BayneLabWorkSpace/Katrine_workspace/Localization_per_day/OKLG-8-20250615/minspec_clips/912.wav,True,2025-06-15 08:29:40.000,-4.2187214,8.635593,-0.13949008,-4.5150776,1.1318543,-1,8,0
2025-06-15 15:54:22+00:00,306247.9877429863,5466520.85042888,677.7953544596828,0.1913237137369295,0.2609591446816921,6,"[""F3"", ""F2"", ""F4"", ""E3"", ""E2"", ""E4""]","[""/media/UofA/BU_Work/BayneLabWorkSpace/Katrine_workspace/AudioMothSync/OKLG-8-Sync2/OKLG-8-F3/OKLG-8-F3_20250615_153000.WAV"", ""/media/UofA/BU_Work/BayneLabWorkSpace/Katrine_workspace/AudioMothSync/OKLG-8-Sync2/OKLG-8-F2/OKLG-8-F2_20250615_153000.WAV"", ""/media/UofA/BU_Work/BayneLabWorkSpace/Katrine_workspace/AudioMothSync/OKLG-8-Sync2/OKLG-8-F4/OKLG-8-F4_20250615_153000.WAV"", ""/media/UofA/BU_Work/BayneLabWorkSpace/Katrine_workspace/AudioMothSync/OKLG-8-Sync2/OKLG-8-E3/OKLG-8-E3_20250615_153000.WAV"", ""/media/UofA/BU_Work/BayneLabWorkSpace/Katrine_workspace/AudioMothSync/OKLG-8-Sync2/OKLG-8-E2/OKLG-8-E2_20250615_153000.WAV"", ""/media/UofA/BU_Work/BayneLabWorkSpace/Katrine_workspace/AudioMothSync/OKLG-8-Sync2/OKLG-8-E4/OKLG-8-E4_20250615_153000.WAV""]","[[306250.0248, 5466517.354, 676.9194], [306252.7451, 5466552.269, 682.6024], [306250.9492, 5466481.06, 668.1608], [306217.233, 5466515.538, 675.7704], [306217.0531, 5466551.09, 683.3621], [306216.821, 5466481.42, 669.0224]]",True,True,inside_10m,2025-06-15 15:54:22.000,991,/media/UofA/BU_Work/BayneLabWorkSpace/Katrine_workspace/Localization_per_day/OKLG-8-20250615/minspec_clips/991.wav,True,2025-06-15 08:54:22.000,9.885944,-8.961682,5.716551,3.9152715,4.5796313,13,4,4
2025-06-15 15:46:49.500000+00:00,306248.1707665356,5466521.324700965,675.7824406470469,0.1921912622817446,0.1989682870917022,8,"[""E2"", ""F3"", ""D2"", ""F1"", ""F2"", ""D1"", ""E1"", ""E3""]","[""/media/UofA/BU_Work/BayneLabWorkSpace/Katrine_workspace/AudioMothSync/OKLG-8-Sync2/OKLG-8-E2/OKLG-8-E2_20250615_153000.WAV"", ""/media/UofA/BU_Work/BayneLabWorkSpace/Katrine_workspace/AudioMothSync/OKLG-8-Sync2/OKLG-8-F3/OKLG-8-F3_20250615_153000.WAV"", ""/media/UofA/BU_Work/BayneLabWorkSpace/Katrine_workspace/AudioMothSync/OKLG-8-Sync2/OKLG-8-D2/OKLG-8-D2_20250615_153000.WAV"", ""/media/UofA/BU_Work/BayneLabWorkSpace/Katrine_workspace/AudioMothSync/OKLG-8-Sync2/OKLG-8-F1/OKLG-8-F1_20250615_153000.WAV"", ""/media/UofA/BU_Work/BayneLabWorkSpace/Katrine_workspace/AudioMothSync/OKLG-8-Sync2/OKLG-8-F2/OKLG-8-F2_20250615_153000.WAV"", ""/media/UofA/BU_Work/BayneLabWorkSpace/Katrine_workspace/AudioMothSync/OKLG-8-Sync2/OKLG-8-D1/OKLG-8-D1_20250615_153000.WAV"", ""/media/UofA/BU_Work/BayneLabWorkSpace/Katrine_workspace/AudioMothSync/OKLG-8-Sync2/OKLG-8-E1/OKLG-8-E1_20250615_153000.WAV"", ""/media/UofA/BU_Work/BayneLabWorkSpace/Katrine_workspace/AudioMothSync/OKLG-8-Sync2/OKLG-8-E3/OKLG-8-E3_20250615_153000.WAV""]","[[306217.0531, 5466551.09, 683.3621], [306250.0248, 5466517.354, 676.9194], [306182.8221, 5466554.969, 686.2647], [306254.0111, 5466588.298, 690.7812], [306252.7451, 5466552.269, 682.6024], [306180.9972, 5466588.911, 693.9689], [306217.3318, 5466587.32, 691.8683], [306217.233, 5466515.538, 675.7704]]",True,True,inside_10m,2025-06-15 15:46:49.500,961,/media/UofA/BU_Work/BayneLabWorkSpace/Katrine_workspace/Localization_per_day/OKLG-8-20250615/minspec_clips/961.wav,True,2025-06-15 08:46:49.500,-0.9662235,19.279728,-9.239362,0.12680607,-3.0272768,2,2,3
2025-06-15 11:31:22+00:00,306179.059629466,5466478.630754803,670.3842270354565,0.6756481003585936,0.2003683469125202,7,"[""C3"", ""D4"", ""D2"", ""D3"", ""B3"", ""B4"", ""C4""]","[""/media/UofA/BU_Work/BayneLabWorkSpace/Katrine_workspace/AudioMothSync/OKLG-8-Sync2/OKLG-8-C3/OKLG-8-C3_20250615_113000.WAV"", ""/media/UofA/BU_Work/BayneLabWorkSpace/Katrine_workspace/AudioMothSync/OKLG-8-Sync2/OKLG-8-D4/OKLG-8-D4_20250615_113000.WAV"", ""/media/UofA/BU_Work/BayneLabWorkSpace/Katrine_workspace/AudioMothSync/OKLG-8-Sync2/OKLG-8-D2/OKLG-8-D2_20250615_113000.WAV"", ""/media/UofA/BU_Work/BayneLabWorkSpace/Katrine_workspace/AudioMothSync/OKLG-8-Sync2/OKLG-8-D3/OKLG-8-D3_20250615_113000.WAV"", ""/media/UofA/BU_Work/BayneLabWorkSpace/Katrine_workspace/AudioMothSync/OKLG-8-Sync2/OKLG-8-B3/OKLG-8-B3_20250615_113000.WAV"", ""/media/UofA/BU_Work/BayneLabWorkSpace/Katrine_workspace/AudioMothSync/OKLG-8-Sync2/OKLG-8-B4/OKLG-8-B4_20250615_113000.WAV"", ""/media/UofA/BU_Work/BayneLabWorkSpace/Katrine_workspace/AudioMothSync/OKLG-8-Sync2/OKLG-8-C4/OKLG-8-C4_20250615_113000.WAV""]","[[306147.4214, 5466515.236, 678.7817], [306181.8788, 5466484.067, 671.3749], [306182.8221, 5466554.969, 686.2647], [306182.3222, 5466520.693, 678.7913], [306110.3586, 5466518.038, 679.7918], [306111.0449, 5466482.88, 674.4223], [306146.9112, 5466480.896, 672.6855]]",False,True,inside_10m,2025-06-15 11:31:22.000,10,/media/UofA/BU_Work/BayneLabWorkSpace/Katrine_workspace/Localization_per_day/OKLG-8-20250615/minspec_clips/10.wav,True,2025-06-15 04:31:22.000,4.1815658,14.064491,-7.72749,3.668396,1.1691649,5,5,10
2025-06-15 11:31:22+00:00,306179.059629466,5466478.630754803,670.3842270354565,0.6756481003585936,0.2003683469125202,7,"[""C3"", ""D4"", ""D2"", ""D3"", ""B3"", ""B4"", ""C4""]","[""/media/UofA/BU_Work/BayneLabWorkSpace/Katrine_workspace/AudioMothSync/OKLG-8-Sync2/OKLG-8-C3/OKLG-8-C3_20250615_113000.WAV"", ""/media/UofA/BU_Work/BayneLabWorkSpace/Katrine_workspace/AudioMothSync/OKLG-8-Sync2/OKLG-8-D4/OKLG-8-D4_20250615_113000.WAV"", ""/media/UofA/BU_Work/BayneLabWorkSpace/Katrine_workspace/AudioMothSync/OKLG-8-Sync2/OKLG-8-D2/OKLG-8-D2_20250615_113000.WAV"", ""/media/UofA/BU_Work/BayneLabWorkSpace/Katrine_workspace/AudioMothSync/OKLG-8-Sync2/OKLG-8-D3/OKLG-8-D3_20250615_113000.WAV"", ""/media/UofA/BU_Work/BayneLabWorkSpace/Katrine_workspace/AudioMothSync/OKLG-8-Sync2/OKLG-8-B3/OKLG-8-B3_20250615_113000.WAV"", ""/media/UofA/BU_Work/BayneLabWorkSpace/Katrine_workspace/AudioMothSync/OKLG-8-Sync2/OKLG-8-B4/OKLG-8-B4_20250615_113000.WAV"", ""/media/UofA/BU_Work/BayneLabWorkSpace/Katrine_workspace/AudioMothSync/OKLG-8-Sync2/OKLG-8-C4/OKLG-8-C4_20250615_113000.WAV""]","[[306147.4214, 5466515.236, 678.7817], [306181.8788, 5466484.067, 671.3749], [306182.8221, 5466554.969, 686.2647], [306182.3222, 5466520.693, 678.7913], [306110.3586, 5466518.038, 679.7918], [306111.0449, 5466482.88, 674.4223], [306146.9112, 5466480.896, 672.6855]]",False,True,inside_10m,2025-06-15 11:31:22.000,10,/media/UofA/BU_Work/BayneLabWorkSpace/Katrine_workspace/Localization_per_day/OKLG-8-20250615/minspec_clips/10.wav,True,2025-06-15 04:31:22.000,4.181556,14.064544,-7.7275352,3.6683834,1.1691593,5,5,10
2025-06-15 15:24:13.500000+00:00,306247.981917248,5466520.934307375,676.1005047374161,0.2346265248235977,0.2507139481604099,6,"[""E2"", ""F3"", ""E1"", ""F2"", ""E3"", ""F1""]","[""/media/UofA/BU_Work/BayneLabWorkSpace/Katrine_workspace/AudioMothSync/OKLG-8-Sync2/OKLG-8-E2/OKLG-8-E2_20250615_150000.WAV"", ""/media/UofA/BU_Work/BayneLabWorkSpace/Katrine_workspace/AudioMothSync/OKLG-8-Sync2/OKLG-8-F3/OKLG-8-F3_20250615_150000.WAV"", ""/media/UofA/BU_Work/BayneLabWorkSpace/Katrine_workspace/AudioMothSync/OKLG-8-Sync2/OKLG-8-E1/OKLG-8-E1_20250615_150000.WAV"", ""/media/UofA/BU_Work/BayneLabWorkSpace/Katrine_workspace/AudioMothSync/OKLG-8-Sync2/OKLG-8-F2/OKLG-8-F2_20250615_150000.WAV"", ""/media/UofA/BU_Work/BayneLabWorkSpace/Katrine_workspace/AudioMothSync/OKLG-8-Sync2/OKLG-8-E3/OKLG-8-E3_20250615_150000.WAV"", ""/media/UofA/BU_Work/BayneLabWorkSpace/Katrine_workspace/AudioMothSync/OKLG-8-Sync2/OKLG-8-F1/OKLG-8-F1_20250615_150000.WAV""]","[[306217.0531, 5466551.09, 683.3621], [306250.0248, 5466517.354, 676.9194], [306217.3318, 5466587.32, 691.8683], [306252.7451, 5466552.269, 682.6024], [306217.233, 5466515.538, 675.7704], [306254.0111, 5466588.298, 690.7812]]",True,True,inside_10m,2025-06-15 15:24:13.500,887,/media/UofA/BU_Work/BayneLabWorkSpace/Katrine_workspace/Localization_per_day/OKLG-8-20250615/minspec_clips/887.wav,True,2025-06-15 08:24:13.500,-8.191839,-11.777893,9.186076,-3.6837695,-0.8819015,10,1,2
2025-06-15 11:41:37.500000+00:00,306178.4969274752,5466478.621606307,670.4631310848599,0.5689534404964619,0.1902636867016554,7,"[""D3"", ""E3"", ""E4"", ""D4"", ""C3"", ""E2"", ""C4""]","[""/media/UofA/BU_Work/BayneLabWorkSpace/Katrine_workspace/AudioMothSync/OKLG-8-Sync2/OKLG-8-D3/OKLG-8-D3_20250615_113000.WAV"", ""/media/UofA/BU_Work/BayneLabWorkSpace/Katrine_workspace/AudioMothSync/OKLG-8-Sync2/OKLG-8-E3/OKLG-8-E3_20250615_113000.WAV"", ""/media/UofA/BU_Work/BayneLabWorkSpace/Katrine_workspace/AudioMothSync/OKLG-8-Sync2/OKLG-8-E4/OKLG-8-E4_20250615_113000.WAV"", ""/media/UofA/BU_Work/BayneLabWorkSpace/Katrine_workspace/AudioMothSync/OKLG-8-Sync2/OKLG-8-D4/OKLG-8-D4_20250615_113000.WAV"", ""/media/UofA/BU_Work/BayneLabWorkSpace/Katrine_workspace/AudioMothSync/OKLG-8-Sync2/OKLG-8-C3/OKLG-8-C3_20250615_113000.WAV"", ""/media/UofA/BU_Work/BayneLabWorkSpace/Katrine_workspace/AudioMothSync/OKLG-8-Sync2/OKLG-8-E2/OKLG-8-E2_20250615_113000.WAV"", ""/media/UofA/BU_Work/BayneLabWorkSpace/Katrine_workspace/AudioMothSync/OKLG-8-Sync2/OKLG-8-C4/OKLG-8-C4_20250615_113000.WAV""]","[[306182.3222, 5466520.693, 678.7913], [306217.233, 5466515.538, 675.7704], [306216.821, 5466481.42, 669.0224], [306181.8788, 5466484.067, 671.3749], [306147.4214, 5466515.236, 678.7817], [306217.0531, 5466551.09, 683.3621], [306146.9112, 5466480.896, 672.6855]]",False,True,inside_10m,2025-06-15 11:41:37.500,63,/media/UofA/BU_Work/BayneLabWorkSpace/Katrine_workspace/Localization_per_day/OKLG-8-20250615/minspec_clips/63.wav,True,2025-06-15 04:41:37.500,-7.6877227,-10.844015,10.043997,-2.496146,0.06767847,10,1,2
2025-06-15 18:30:13.500000+00:00,306248.090059683,5466521.462502854,675.8024330833639,0.0478351955925074,0.1865040687844157,8,"[""E2"", ""F2"", ""F3"", ""F1"", ""D3"", ""E1"", ""E3"", ""D2""]","[""/media/UofA/BU_Work/BayneLabWorkSpace/Katrine_workspace/AudioMothSync/OKLG-8-Sync2/OKLG-8-E2/OKLG-8-E2_20250615_183000.WAV"", ""/media/UofA/BU_Work/BayneLabWorkSpace/Katrine_workspace/AudioMothSync/OKLG-8-Sync2/OKLG-8-F2/OKLG-8-F2_20250615_183000.WAV"", ""/media/UofA/BU_Work/BayneLabWorkSpace/Katrine_workspace/AudioMothSync/OKLG-8-Sync2/OKLG-8-F3/OKLG-8-F3_20250615_183000.WAV"", ""/media/UofA/BU_Work/BayneLabWorkSpace/Katrine_workspace/AudioMothSync/OKLG-8-Sync2/OKLG-8-F1/OKLG-8-F1_20250615_183000.WAV"", ""/media/UofA/BU_Work/BayneLabWorkSpace/Katrine_workspace/AudioMothSync/OKLG-8-Sync2/OKLG-8-D3/OKLG-8-D3_20250615_183000.WAV"", ""/media/UofA/BU_Work/BayneLabWorkSpace/Katrine_workspace/AudioMothSync/OKLG-8-Sync2/OKLG-8-E1/OKLG-8-E1_20250615_183000.WAV"", ""/media/UofA/BU_Work/BayneLabWorkSpace/Katrine_workspace/AudioMothSync/OKLG-8-Sync2/OKLG-8-E3/OKLG-8-E3_20250615_183000.WAV"", ""/media/UofA/BU_Work/BayneLabWorkSpace/Katrine_workspace/AudioMothSync/OKLG-8-Sync2/OKLG-8-D2/OKLG-8-D2_20250615_183000.WAV""]","[[306217.0531, 5466551.09, 683.3621], [306252.7451, 5466552.269, 682.6024], [306250.0248, 5466517.354, 676.9194], [306254.0111, 5466588.298, 690.7812], [306182.3222, 5466520.693, 678.7913], [306217.3318, 5466587.32, 691.8683], [306217.233, 5466515.538, 675.7704], [306182.8221, 5466554.969, 686.2647]]",True,True,inside_10m,2025-06-15 18:30:13.500,1228,/media/UofA/BU_Work/BayneLabWorkSpace/Katrine_workspace/Localization_per_day/OKLG-8-20250615/minspec_clips/1228.wav,True,2025-06-15 11:30:13.500,9.895823,5.396112,-4.63238,1.2644749,6.441344,17,10,5
2025-06-15 15:24:55.500000+00:00,306248.0119913539,5466520.909686323,676.0581397509577,0.2052911838630131,0.2509044458468755,6,"[""E2"", ""E1"", ""F2"", ""F3"", ""F1"", ""E3""]","[""/media/UofA/BU_Work/BayneLabWorkSpace/Katrine_workspace/AudioMothSync/OKLG-8-Sync2/OKLG-8-E2/OKLG-8-E2_20250615_150000.WAV"", ""/media/UofA/BU_Work/BayneLabWorkSpace/Katrine_workspace/AudioMothSync/OKLG-8-Sync2/OKLG-8-E1/OKLG-8-E1_20250615_150000.WAV"", ""/media/UofA/BU_Work/BayneLabWorkSpace/Katrine_workspace/AudioMothSync/OKLG-8-Sync2/OKLG-8-F2/OKLG-8-F2_20250615_150000.WAV"", ""/media/UofA/BU_Work/BayneLabWorkSpace/Katrine_workspace/AudioMothSync/OKLG-8-Sync2/OKLG-8-F3/OKLG-8-F3_20250615_150000.WAV"", ""/media/UofA/BU_Work/BayneLabWorkSpace/Katrine_workspace/AudioMothSync/OKLG-8-Sync2/OKLG-8-F1/OKLG-8-F1_20250615_150000.WAV"", ""/media/UofA/BU_Work/BayneLabWorkSpace/Katrine_workspace/AudioMothSync/OKLG-8-Sync2/OKLG-8-E3/OKLG-8-E3_20250615_150000.WAV""]","[[306217.0531, 5466551.09, 683.3621], [306217.3318, 5466587.32, 691.8683], [306252.7451, 5466552.269, 682.6024], [306250.0248, 5466517.354, 676.9194], [306254.0111, 5466588.298, 690.7812], [306217.233, 5466515.538, 675.7704]]",True,True,inside_10m,2025-06-15 15:24:55.500,891,/media/UofA/BU_Work/BayneLabWorkSpace/Katrine_workspace/Localization_per_day/OKLG-8-20250615/minspec_clips/891.wav,True,2025-06-15 08:24:55.500,-8.182316,-11.385532,9.821389,-3.787432,-0.77298194,10,1,2
2025-06-15 18:48:43.500000+00:00,306170.2607124894,5466392.063872859,658.4119189925993,9.40605134297368e-05,0.3046283889561891,4,"[""C6"", ""C7"", ""C5"", ""D7""]","[""/media/UofA/BU_Work/BayneLabWorkSpace/Katrine_workspace/AudioMothSync/OKLG-8-Sync2/OKLG-8-C6/OKLG-8-C6_20250615_183000.WAV"", ""/media/UofA/BU_Work/BayneLabWorkSpace/Katrine_workspace/AudioMothSync/OKLG-8-Sync2/OKLG-8-C7/OKLG-8-C7_20250615_183000.WAV"", ""/media/UofA/BU_Work/BayneLabWorkSpace/Katrine_workspace/AudioMothSync/OKLG-8-Sync2/OKLG-8-C5/OKLG-8-C5_20250615_183000.WAV"", ""/media/UofA/BU_Work/BayneLabWorkSpace/Katrine_workspace/AudioMothSync/OKLG-8-Sync2/OKLG-8-D7/OKLG-8-D7_20250615_183000.WAV""]","[[306148.1571, 5466410.403, 660.6896], [306149.2931, 5466377.298, 652.462], [306147.3596, 5466445.666, 666.7585], [306182.4104, 5466378.292, 650.5595]]",True,True,inside_10m,2025-06-15 18:48:43.500,1291,/media/UofA/BU_Work/BayneLabWorkSpace/Katrine_workspace/Localization_per_day/OKLG-8-20250615/minspec_clips/1291.wav,True,2025-06-15 11:48:43.500,-6.048609,-0.32987842,-2.2054858,-3.334855,-4.549838,11,7,7
2025-06-15 16:30:55.500000+00:00,306202.22816896334,5466528.272667063,680.4307988797699,0.0839002707336221,0.2573333159089088,5,"[""D2"", ""C1"", ""E3"", ""D3"", ""E2""]","[""/media/UofA/BU_Work/BayneLabWorkSpace/Katrine_workspace/AudioMothSync/OKLG-8-Sync2/OKLG-8-D2/OKLG-8-D2_20250615_163000.WAV"", ""/media/UofA/BU_Work/BayneLabWorkSpace/Katrine_workspace/AudioMothSync/OKLG-8-Sync2/OKLG-8-C1/OKLG-8-C1_20250615_163000.WAV"", ""/media/UofA/BU_Work/BayneLabWorkSpace/Katrine_workspace/AudioMothSync/OKLG-8-Sync2/OKLG-8-E3/OKLG-8-E3_20250615_163000.WAV"", ""/media/UofA/BU_Work/BayneLabWorkSpace/Katrine_workspace/AudioMothSync/OKLG-8-Sync2/OKLG-8-D3/OKLG-8-D3_20250615_163000.WAV"", ""/media/UofA/BU_Work/BayneLabWorkSpace/Katrine_workspace/AudioMothSync/OKLG-8-Sync2/OKLG-8-E2/OKLG-8-E2_20250615_163000.WAV""]","[[306182.8221, 5466554.969, 686.2647], [306147.1555, 5466586.577, 693.7995], [306217.233, 5466515.538, 675.7704], [306182.3222, 5466520.693, 678.7913], [306217.0531, 5466551.09, 683.3621]]",True,True,inside_10m,2025-06-15 16:30:55.500,1046,/media/UofA/BU_Work/BayneLabWorkSpace/Katrine_workspace/Localization_per_day/OKLG-8-20250615/minspec_clips/1046.wav,True,2025-06-15 09:30:55.500,-3.4198916,-19.587486,5.692043,1.3372054,-6.0808005,0,0,8
2025-06-15 12:12:25.500000+00:00,306247.795092207,5466521.443591542,677.8642937469997,0.4197507562404979,0.1833310353880127,6,"[""F4"", ""F5"", ""F3"", ""E4"", ""E3"", ""G3""]","[""/media/UofA/BU_Work/BayneLabWorkSpace/Katrine_workspace/AudioMothSync/OKLG-8-Sync2/OKLG-8-F4/OKLG-8-F4_20250615_120000.WAV"", ""/media/UofA/BU_Work/BayneLabWorkSpace/Katrine_workspace/AudioMothSync/OKLG-8-Sync2/OKLG-8-F5/OKLG-8-F5_20250615_120000.WAV"", ""/media/UofA/BU_Work/BayneLabWorkSpace/Katrine_workspace/AudioMothSync/OKLG-8-Sync2/OKLG-8-F3/OKLG-8-F3_20250615_120000.WAV"", ""/media/UofA/BU_Work/BayneLabWorkSpace/Katrine_workspace/AudioMothSync/OKLG-8-Sync2/OKLG-8-E4/OKLG-8-E4_20250615_120000.WAV"", ""/media/UofA/BU_Work/BayneLabWorkSpace/Katrine_workspace/AudioMothSync/OKLG-8-Sync2/OKLG-8-E3/OKLG-8-E3_20250615_120000.WAV"", ""/media/UofA/BU_Work/BayneLabWorkSpace/Katrine_workspace/AudioMothSync/OKLG-8-Sync2/OKLG-8-G3/OKLG-8-G3_20250615_120000.WAV""]","[[306250.9492, 5466481.06, 668.1608], [306252.7138, 5466447.403, 661.4525], [306250.0248, 5466517.354, 676.9194], [306216.821, 5466481.42, 669.0224], [306217.233, 5466515.538, 675.7704], [306286.6237, 5466518.56, 675.3752]]",False,True,inside_10m,2025-06-15 12:12:25.500,179,/media/UofA/BU_Work/BayneLabWorkSpace/Katrine_workspace/Localization_per_day/OKLG-8-20250615/minspec_clips/179.wav,True,2025-06-15 05:12:25.500,-3.0524414,19.38172,-10.78728,1.5146858,-4.619992,2,2,3
2025-06-15 18:47:04+00:00,306171.7528321658,5466418.899755119,659.3551033126412,0.5114208099457873,0.1937461500721318,7,"[""E6"", ""D7"", ""D6"", ""F7"", ""D5"", ""E5"", ""E7""]","[""/media/UofA/BU_Work/BayneLabWorkSpace/Katrine_workspace/AudioMothSync/OKLG-8-Sync2/OKLG-8-E6/OKLG-8-E6_20250615_183000.WAV"", ""/media/UofA/BU_Work/BayneLabWorkSpace/Katrine_workspace/AudioMothSync/OKLG-8-Sync2/OKLG-8-D7/OKLG-8-D7_20250615_183000.WAV"", ""/media/UofA/BU_Work/BayneLabWorkSpace/Katrine_workspace/AudioMothSync/OKLG-8-Sync2/OKLG-8-D6/OKLG-8-D6_20250615_183000.WAV"", ""/media/UofA/BU_Work/BayneLabWorkSpace/Katrine_workspace/AudioMothSync/OKLG-8-Sync2/OKLG-8-F7/OKLG-8-F7_20250615_183000.WAV"", ""/media/UofA/BU_Work/BayneLabWorkSpace/Katrine_workspace/AudioMothSync/OKLG-8-Sync2/OKLG-8-D5/OKLG-8-D5_20250615_183000.WAV"", ""/media/UofA/BU_Work/BayneLabWorkSpace/Katrine_workspace/AudioMothSync/OKLG-8-Sync2/OKLG-8-E5/OKLG-8-E5_20250615_183000.WAV"", ""/media/UofA/BU_Work/BayneLabWorkSpace/Katrine_workspace/AudioMothSync/OKLG-8-Sync2/OKLG-8-E7/OKLG-8-E7_20250615_183000.WAV""]","[[306218.2784, 5466411.837, 654.7701], [306182.4104, 5466378.292, 650.5595], [306182.7549, 5466414.233, 658.2178], [306252.6819, 5466376.297, 646.3673], [306182.6993, 5466449.16, 664.3166], [306217.4541, 5466446.981, 661.48], [306218.0862, 5466376.386, 647.919]]",False,True,between_10_15m,2025-06-15 18:47:04.000,1287,/media/UofA/BU_Work/BayneLabWorkSpace/Katrine_workspace/Localization_per_day/OKLG-8-20250615/minspec_clips/1287.wav,True,2025-06-15 11:47:04.000,-4.493428,9.689933,-1.6725078,-7.704394,2.6856124,-1,8,11
2025-06-15 18:45:37.500000+00:00,306170.539006531,5466418.170416069,659.2979844247427,0.080188398533441,0.2473111860454082,6,"[""E5"", ""D6"", ""D5"", ""F5"", ""F4"", ""E6""]","[""/media/UofA/BU_Work/BayneLabWorkSpace/Katrine_workspace/AudioMothSync/OKLG-8-Sync2/OKLG-8-E5/OKLG-8-E5_20250615_183000.WAV"", ""/media/UofA/BU_Work/BayneLabWorkSpace/Katrine_workspace/AudioMothSync/OKLG-8-Sync2/OKLG-8-D6/OKLG-8-D6_20250615_183000.WAV"", ""/media/UofA/BU_Work/BayneLabWorkSpace/Katrine_workspace/AudioMothSync/OKLG-8-Sync2/OKLG-8-D5/OKLG-8-D5_20250615_183000.WAV"", ""/media/UofA/BU_Work/BayneLabWorkSpace/Katrine_workspace/AudioMothSync/OKLG-8-Sync2/OKLG-8-F5/OKLG-8-F5_20250615_183000.WAV"", ""/media/UofA/BU_Work/BayneLabWorkSpace/Katrine_workspace/AudioMothSync/OKLG-8-Sync2/OKLG-8-F4/OKLG-8-F4_20250615_183000.WAV"", ""/media/UofA/BU_Work/BayneLabWorkSpace/Katrine_workspace/AudioMothSync/OKLG-8-Sync2/OKLG-8-E6/OKLG-8-E6_20250615_183000.WAV""]","[[306217.4541, 5466446.981, 661.48], [306182.7549, 5466414.233, 658.2178], [306182.6993, 5466449.16, 664.3166], [306252.7138, 5466447.403, 661.4525], [306250.9492, 5466481.06, 668.1608], [306218.2784, 5466411.837, 654.7701]]",False,True,between_10_15m,2025-06-15 18:45:37.500,1277,/media/UofA/BU_Work/BayneLabWorkSpace/Katrine_workspace/Localization_per_day/OKLG-8-20250615/minspec_clips/1277.wav,True,2025-06-15 11:45:37.500,-1.0355661,2.2552629,-0.13520575,-3.161261,1.2219787,-1,8,0
2025-06-15 17:37:16+00:00,306247.8515349739,5466521.148321095,676.8463869290289,0.0712546462292448,0.1615266216297944,9,"[""E2"", ""D3"", ""F3"", ""E3"", ""E1"", ""F2"", ""D2"", ""F1"", ""D1""]","[""/media/UofA/BU_Work/BayneLabWorkSpace/Katrine_workspace/AudioMothSync/OKLG-8-Sync2/OKLG-8-E2/OKLG-8-E2_20250615_173000.WAV"", ""/media/UofA/BU_Work/BayneLabWorkSpace/Katrine_workspace/AudioMothSync/OKLG-8-Sync2/OKLG-8-D3/OKLG-8-D3_20250615_173000.WAV"", ""/media/UofA/BU_Work/BayneLabWorkSpace/Katrine_workspace/AudioMothSync/OKLG-8-Sync2/OKLG-8-F3/OKLG-8-F3_20250615_173000.WAV"", ""/media/UofA/BU_Work/BayneLabWorkSpace/Katrine_workspace/AudioMothSync/OKLG-8-Sync2/OKLG-8-E3/OKLG-8-E3_20250615_173000.WAV"", ""/media/UofA/BU_Work/BayneLabWorkSpace/Katrine_workspace/AudioMothSync/OKLG-8-Sync2/OKLG-8-E1/OKLG-8-E1_20250615_173000.WAV"", ""/media/UofA/BU_Work/BayneLabWorkSpace/Katrine_workspace/AudioMothSync/OKLG-8-Sync2/OKLG-8-F2/OKLG-8-F2_20250615_173000.WAV"", ""/media/UofA/BU_Work/BayneLabWorkSpace/Katrine_workspace/AudioMothSync/OKLG-8-Sync2/OKLG-8-D2/OKLG-8-D2_20250615_173000.WAV"", ""/media/UofA/BU_Work/BayneLabWorkSpace/Katrine_workspace/AudioMothSync/OKLG-8-Sync2/OKLG-8-F1/OKLG-8-F1_20250615_173000.WAV"", ""/media/UofA/BU_Work/BayneLabWorkSpace/Katrine_workspace/AudioMothSync/OKLG-8-Sync2/OKLG-8-D1/OKLG-8-D1_20250615_173000.WAV""]","[[306217.0531, 5466551.09, 683.3621], [306182.3222, 5466520.693, 678.7913], [306250.0248, 5466517.354, 676.9194], [306217.233, 5466515.538, 675.7704], [306217.3318, 5466587.32, 691.8683], [306252.7451, 5466552.269, 682.6024], [306182.8221, 5466554.969, 686.2647], [306254.0111, 5466588.298, 690.7812], [306180.9972, 5466588.911, 693.9689]]",True,True,inside_10m,2025-06-15 17:37:16.000,1129,/media/UofA/BU_Work/BayneLabWorkSpace/Katrine_workspace/Localization_per_day/OKLG-8-20250615/minspec_clips/1129.wav,True,2025-06-15 10:37:16.000,-6.4736137,8.900178,-0.9263342,-6.2726088,0.74602187,23,8,11
2025-06-15 15:30:40+00:00,306193.06043452886,5466368.425912458,645.782448135333,0.0001149105437045,0.2696155929006636,4,"[""D7"", ""C7"", ""E7"", ""E6""]","[""/media/UofA/BU_Work/BayneLabWorkSpace/Katrine_workspace/AudioMothSync/OKLG-8-Sync2/OKLG-8-D7/OKLG-8-D7_20250615_153000.WAV"", ""/media/UofA/BU_Work/BayneLabWorkSpace/Katrine_workspace/AudioMothSync/OKLG-8-Sync2/OKLG-8-C7/OKLG-8-C7_20250615_153000.WAV"", ""/media/UofA/BU_Work/BayneLabWorkSpace/Katrine_workspace/AudioMothSync/OKLG-8-Sync2/OKLG-8-E7/OKLG-8-E7_20250615_153000.WAV"", ""/media/UofA/BU_Work/BayneLabWorkSpace/Katrine_workspace/AudioMothSync/OKLG-8-Sync2/OKLG-8-E6/OKLG-8-E6_20250615_153000.WAV""]","[[306182.4104, 5466378.292, 650.5595], [306149.2931, 5466377.298, 652.462], [306218.0862, 5466376.386, 647.919], [306218.2784, 5466411.837, 654.7701]]",False,True,inside_10m,2025-06-15 15:30:40.000,918,/media/UofA/BU_Work/BayneLabWorkSpace/Katrine_workspace/Localization_per_day/OKLG-8-20250615/minspec_clips/918.wav,True,2025-06-15 08:30:40.000,2.108245,7.58806,-3.9348724,2.349925,-1.4466845,16,-1,6
2025-06-15 17:49:40+00:00,306231.53947603604,5466452.21661604,661.5301222885049,0.0816682864191565,0.2208395951560565,7,"[""E4"", ""F3"", ""D5"", ""F5"", ""D4"", ""F4"", ""E5""]","[""/media/UofA/BU_Work/BayneLabWorkSpace/Katrine_workspace/AudioMothSync/OKLG-8-Sync2/OKLG-8-E4/OKLG-8-E4_20250615_173000.WAV"", ""/media/UofA/BU_Work/BayneLabWorkSpace/Katrine_workspace/AudioMothSync/OKLG-8-Sync2/OKLG-8-F3/OKLG-8-F3_20250615_173000.WAV"", ""/media/UofA/BU_Work/BayneLabWorkSpace/Katrine_workspace/AudioMothSync/OKLG-8-Sync2/OKLG-8-D5/OKLG-8-D5_20250615_173000.WAV"", ""/media/UofA/BU_Work/BayneLabWorkSpace/Katrine_workspace/AudioMothSync/OKLG-8-Sync2/OKLG-8-F5/OKLG-8-F5_20250615_173000.WAV"", ""/media/UofA/BU_Work/BayneLabWorkSpace/Katrine_workspace/AudioMothSync/OKLG-8-Sync2/OKLG-8-D4/OKLG-8-D4_20250615_173000.WAV"", ""/media/UofA/BU_Work/BayneLabWorkSpace/Katrine_workspace/AudioMothSync/OKLG-8-Sync2/OKLG-8-F4/OKLG-8-F4_20250615_173000.WAV"", ""/media/UofA/BU_Work/BayneLabWorkSpace/Katrine_workspace/AudioMothSync/OKLG-8-Sync2/OKLG-8-E5/OKLG-8-E5_20250615_173000.WAV""]","[[306216.821, 5466481.42, 669.0224], [306250.0248, 5466517.354, 676.9194], [306182.6993, 5466449.16, 664.3166], [306252.7138, 5466447.403, 661.4525], [306181.8788, 5466484.067, 671.3749], [306250.9492, 5466481.06, 668.1608], [306217.4541, 5466446.981, 661.48]]",True,True,inside_10m,2025-06-15 17:49:40.000,1176,/media/UofA/BU_Work/BayneLabWorkSpace/Katrine_workspace/Localization_per_day/OKLG-8-20250615/minspec_clips/1176.wav,True,2025-06-15 10:49:40.000,0.2147968,20.689465,-9.474179,-1.7912365,-3.0687056,2,2,3
2025-06-15 18:00:49.500000+00:00,306235.550306055,5466577.910842921,689.1000201591736,0.1389625258505881,0.2072742171585559,6,"[""F2"", ""G1"", ""E2"", ""E1"", ""F1"", ""F3""]","[""/media/UofA/BU_Work/BayneLabWorkSpace/Katrine_workspace/AudioMothSync/OKLG-8-Sync2/OKLG-8-F2/OKLG-8-F2_20250615_180000.WAV"", ""/media/UofA/BU_Work/BayneLabWorkSpace/Katrine_workspace/AudioMothSync/OKLG-8-Sync2/OKLG-8-G1/OKLG-8-G1_20250615_180000.WAV"", ""/media/UofA/BU_Work/BayneLabWorkSpace/Katrine_workspace/AudioMothSync/OKLG-8-Sync2/OKLG-8-E2/OKLG-8-E2_20250615_180000.WAV"", ""/media/UofA/BU_Work/BayneLabWorkSpace/Katrine_workspace/AudioMothSync/OKLG-8-Sync2/OKLG-8-E1/OKLG-8-E1_20250615_180000.WAV"", ""/media/UofA/BU_Work/BayneLabWorkSpace/Katrine_workspace/AudioMothSync/OKLG-8-Sync2/OKLG-8-F1/OKLG-8-F1_20250615_180000.WAV"", ""/media/UofA/BU_Work/BayneLabWorkSpace/Katrine_workspace/AudioMothSync/OKLG-8-Sync2/OKLG-8-F3/OKLG-8-F3_20250615_180000.WAV""]","[[306252.7451, 5466552.269, 682.6024], [306287.4446, 5466588.531, 687.2285], [306217.0531, 5466551.09, 683.3621], [306217.3318, 5466587.32, 691.8683], [306254.0111, 5466588.298, 690.7812], [306250.0248, 5466517.354, 676.9194]]",True,True,inside_10m,2025-06-15 18:00:49.500,1190,/media/UofA/BU_Work/BayneLabWorkSpace/Katrine_workspace/Localization_per_day/OKLG-8-20250615/minspec_clips/1190.wav,True,2025-06-15 11:00:49.500,7.9342213,-8.645302,5.457493,4.416207,3.0491545,12,4,4
2025-06-15 12:47:19.500000+00:00,306247.92079013406,5466520.632812416,676.0534939540926,0.4851539908039048,0.2316662799566984,6,"[""E2"", ""E3"", ""E1"", ""F2"", ""F1"", ""F3""]","[""/media/UofA/BU_Work/BayneLabWorkSpace/Katrine_workspace/AudioMothSync/OKLG-8-Sync2/OKLG-8-E2/OKLG-8-E2_20250615_123000.WAV"", ""/media/UofA/BU_Work/BayneLabWorkSpace/Katrine_workspace/AudioMothSync/OKLG-8-Sync2/OKLG-8-E3/OKLG-8-E3_20250615_123000.WAV"", ""/media/UofA/BU_Work/BayneLabWorkSpace/Katrine_workspace/AudioMothSync/OKLG-8-Sync2/OKLG-8-E1/OKLG-8-E1_20250615_123000.WAV"", ""/media/UofA/BU_Work/BayneLabWorkSpace/Katrine_workspace/AudioMothSync/OKLG-8-Sync2/OKLG-8-F2/OKLG-8-F2_20250615_123000.WAV"", ""/media/UofA/BU_Work/BayneLabWorkSpace/Katrine_workspace/AudioMothSync/OKLG-8-Sync2/OKLG-8-F1/OKLG-8-F1_20250615_123000.WAV"", ""/media/UofA/BU_Work/BayneLabWorkSpace/Katrine_workspace/AudioMothSync/OKLG-8-Sync2/OKLG-8-F3/OKLG-8-F3_20250615_123000.WAV""]","[[306217.0531, 5466551.09, 683.3621], [306217.233, 5466515.538, 675.7704], [306217.3318, 5466587.32, 691.8683], [306252.7451, 5466552.269, 682.6024], [306254.0111, 5466588.298, 690.7812], [306250.0248, 5466517.354, 676.9194]]",True,True,inside_10m,2025-06-15 12:47:19.500,278,/media/UofA/BU_Work/BayneLabWorkSpace/Katrine_workspace/Localization_per_day/OKLG-8-20250615/minspec_clips/278.wav,True,2025-06-15 05:47:19.500,4.846737,13.439085,-7.6715865,3.9342663,-0.3565544,5,5,10
2025-06-15 12:48:58+00:00,306248.31493322994,5466521.19875884,676.727672349466,0.7766463034118449,0.2213829569518566,7,"[""F2"", ""G3"", ""F1"", ""E2"", ""E3"", ""E1"", ""F3""]","[""/media/UofA/BU_Work/BayneLabWorkSpace/Katrine_workspace/AudioMothSync/OKLG-8-Sync2/OKLG-8-F2/OKLG-8-F2_20250615_123000.WAV"", ""/media/UofA/BU_Work/BayneLabWorkSpace/Katrine_workspace/AudioMothSync/OKLG-8-Sync2/OKLG-8-G3/OKLG-8-G3_20250615_123000.WAV"", ""/media/UofA/BU_Work/BayneLabWorkSpace/Katrine_workspace/AudioMothSync/OKLG-8-Sync2/OKLG-8-F1/OKLG-8-F1_20250615_123000.WAV"", ""/media/UofA/BU_Work/BayneLabWorkSpace/Katrine_workspace/AudioMothSync/OKLG-8-Sync2/OKLG-8-E2/OKLG-8-E2_20250615_123000.WAV"", ""/media/UofA/BU_Work/BayneLabWorkSpace/Katrine_workspace/AudioMothSync/OKLG-8-Sync2/OKLG-8-E3/OKLG-8-E3_20250615_123000.WAV"", ""/media/UofA/BU_Work/BayneLabWorkSpace/Katrine_workspace/AudioMothSync/OKLG-8-Sync2/OKLG-8-E1/OKLG-8-E1_20250615_123000.WAV"", ""/media/UofA/BU_Work/BayneLabWorkSpace/Katrine_workspace/AudioMothSync/OKLG-8-Sync2/OKLG-8-F3/OKLG-8-F3_20250615_123000.WAV""]","[[306252.7451, 5466552.269, 682.6024], [306286.6237, 5466518.56, 675.3752], [306254.0111, 5466588.298, 690.7812], [306217.0531, 5466551.09, 683.3621], [306217.233, 5466515.538, 675.7704], [306217.3318, 5466587.32, 691.8683], [306250.0248, 5466517.354, 676.9194]]",True,True,inside_10m,2025-06-15 12:48:58.000,288,/media/UofA/BU_Work/BayneLabWorkSpace/Katrine_workspace/Localization_per_day/OKLG-8-20250615/minspec_clips/288.wav,True,2025-06-15 05:48:58.000,-3.7176723,-19.205097,5.883395,0.4947101,-5.452954,0,0,8
2025-06-15 16:00:10+00:00,306247.92010476446,5466520.9877082165,677.5960135019295,0.1794977271166395,0.2746525645256042,5,"[""F2"", ""F3"", ""E3"", ""E2"", ""G3""]","[""/media/UofA/BU_Work/BayneLabWorkSpace/Katrine_workspace/AudioMothSync/OKLG-8-Sync2/OKLG-8-F2/OKLG-8-F2_20250615_153000.WAV"", ""/media/UofA/BU_Work/BayneLabWorkSpace/Katrine_workspace/AudioMothSync/OKLG-8-Sync2/OKLG-8-F3/OKLG-8-F3_20250615_153000.WAV"", ""/media/UofA/BU_Work/BayneLabWorkSpace/Katrine_workspace/AudioMothSync/OKLG-8-Sync2/OKLG-8-E3/OKLG-8-E3_20250615_153000.WAV"", ""/media/UofA/BU_Work/BayneLabWorkSpace/Katrine_workspace/AudioMothSync/OKLG-8-Sync2/OKLG-8-E2/OKLG-8-E2_20250615_153000.WAV"", ""/media/UofA/BU_Work/BayneLabWorkSpace/Katrine_workspace/AudioMothSync/OKLG-8-Sync2/OKLG-8-G3/OKLG-8-G3_20250615_153000.WAV""]","[[306252.7451, 5466552.269, 682.6024], [306250.0248, 5466517.354, 676.9194], [306217.233, 5466515.538, 675.7704], [306217.0531, 5466551.09, 683.3621], [306286.6237, 5466518.56, 675.3752]]",True,True,inside_10m,2025-06-15 16:00:10.000,1005,/media/UofA/BU_Work/BayneLabWorkSpace/Katrine_workspace/Localization_per_day/OKLG-8-20250615/minspec_clips/1005.wav,True,2025-06-15 09:00:10.000,-7.1407986,-12.020298,10.124782,-1.8503094,-1.5451334,10,1,2
2025-06-15 18:35:04+00:00,306248.0518430417,5466520.8767141625,679.4660941412626,0.0625092224485272,0.180143229663372,8,"[""E2"", ""F2"", ""E1"", ""F3"", ""D2"", ""E3"", ""D1"", ""F1""]","[""/media/UofA/BU_Work/BayneLabWorkSpace/Katrine_workspace/AudioMothSync/OKLG-8-Sync2/OKLG-8-E2/OKLG-8-E2_20250615_183000.WAV"", ""/media/UofA/BU_Work/BayneLabWorkSpace/Katrine_workspace/AudioMothSync/OKLG-8-Sync2/OKLG-8-F2/OKLG-8-F2_20250615_183000.WAV"", ""/media/UofA/BU_Work/BayneLabWorkSpace/Katrine_workspace/AudioMothSync/OKLG-8-Sync2/OKLG-8-E1/OKLG-8-E1_20250615_183000.WAV"", ""/media/UofA/BU_Work/BayneLabWorkSpace/Katrine_workspace/AudioMothSync/OKLG-8-Sync2/OKLG-8-F3/OKLG-8-F3_20250615_183000.WAV"", ""/media/UofA/BU_Work/BayneLabWorkSpace/Katrine_workspace/AudioMothSync/OKLG-8-Sync2/OKLG-8-D2/OKLG-8-D2_20250615_183000.WAV"", ""/media/UofA/BU_Work/BayneLabWorkSpace/Katrine_workspace/AudioMothSync/OKLG-8-Sync2/OKLG-8-E3/OKLG-8-E3_20250615_183000.WAV"", ""/media/UofA/BU_Work/BayneLabWorkSpace/Katrine_workspace/AudioMothSync/OKLG-8-Sync2/OKLG-8-D1/OKLG-8-D1_20250615_183000.WAV"", ""/media/UofA/BU_Work/BayneLabWorkSpace/Katrine_workspace/AudioMothSync/OKLG-8-Sync2/OKLG-8-F1/OKLG-8-F1_20250615_183000.WAV""]","[[306217.0531, 5466551.09, 683.3621], [306252.7451, 5466552.269, 682.6024], [306217.3318, 5466587.32, 691.8683], [306250.0248, 5466517.354, 676.9194], [306182.8221, 5466554.969, 686.2647], [306217.233, 5466515.538, 675.7704], [306180.9972, 5466588.911, 693.9689], [306254.0111, 5466588.298, 690.7812]]",True,True,inside_10m,2025-06-15 18:35:04.000,1234,/media/UofA/BU_Work/BayneLabWorkSpace/Katrine_workspace/Localization_per_day/OKLG-8-20250615/minspec_clips/1234.wav,True,2025-06-15 11:35:04.000,-5.699664,8.812883,-0.66269475,-5.4874516,1.0568717,23,8,11
2025-06-15 18:39:28+00:00,306170.8948627938,5466390.732965327,663.6370267177748,0.0776659914986533,0.3062342181801796,4,"[""C7"", ""D6"", ""D7"", ""C6""]","[""/media/UofA/BU_Work/BayneLabWorkSpace/Katrine_workspace/AudioMothSync/OKLG-8-Sync2/OKLG-8-C7/OKLG-8-C7_20250615_183000.WAV"", ""/media/UofA/BU_Work/BayneLabWorkSpace/Katrine_workspace/AudioMothSync/OKLG-8-Sync2/OKLG-8-D6/OKLG-8-D6_20250615_183000.WAV"", ""/media/UofA/BU_Work/BayneLabWorkSpace/Katrine_workspace/AudioMothSync/OKLG-8-Sync2/OKLG-8-D7/OKLG-8-D7_20250615_183000.WAV"", ""/media/UofA/BU_Work/BayneLabWorkSpace/Katrine_workspace/AudioMothSync/OKLG-8-Sync2/OKLG-8-C6/OKLG-8-C6_20250615_183000.WAV""]","[[306149.2931, 5466377.298, 652.462], [306182.7549, 5466414.233, 658.2178], [306182.4104, 5466378.292, 650.5595], [306148.1571, 5466410.403, 660.6896]]",True,True,inside_10m,2025-06-15 18:39:28.000,1247,/media/UofA/BU_Work/BayneLabWorkSpace/Katrine_workspace/Localization_per_day/OKLG-8-20250615/minspec_clips/1247.wav,True,2025-06-15 11:39:28.000,5.1717463,9.287282,-3.9307468,4.2795706,1.8678329,4,5,1
2025-06-15 16:03:07.500000+00:00,306248.10565826524,5466521.063940385,676.3398463092367,0.204145680385172,0.2261296303144523,7,"[""E2"", ""D3"", ""F2"", ""F3"", ""D2"", ""F1"", ""E3""]","[""/media/UofA/BU_Work/BayneLabWorkSpace/Katrine_workspace/AudioMothSync/OKLG-8-Sync2/OKLG-8-E2/OKLG-8-E2_20250615_153000.WAV"", ""/media/UofA/BU_Work/BayneLabWorkSpace/Katrine_workspace/AudioMothSync/OKLG-8-Sync2/OKLG-8-D3/OKLG-8-D3_20250615_153000.WAV"", ""/media/UofA/BU_Work/BayneLabWorkSpace/Katrine_workspace/AudioMothSync/OKLG-8-Sync2/OKLG-8-F2/OKLG-8-F2_20250615_153000.WAV"", ""/media/UofA/BU_Work/BayneLabWorkSpace/Katrine_workspace/AudioMothSync/OKLG-8-Sync2/OKLG-8-F3/OKLG-8-F3_20250615_153000.WAV"", ""/media/UofA/BU_Work/BayneLabWorkSpace/Katrine_workspace/AudioMothSync/OKLG-8-Sync2/OKLG-8-D2/OKLG-8-D2_20250615_153000.WAV"", ""/media/UofA/BU_Work/BayneLabWorkSpace/Katrine_workspace/AudioMothSync/OKLG-8-Sync2/OKLG-8-F1/OKLG-8-F1_20250615_153000.WAV"", ""/media/UofA/BU_Work/BayneLabWorkSpace/Katrine_workspace/AudioMothSync/OKLG-8-Sync2/OKLG-8-E3/OKLG-8-E3_20250615_153000.WAV""]","[[306217.0531, 5466551.09, 683.3621], [306182.3222, 5466520.693, 678.7913], [306252.7451, 5466552.269, 682.6024], [306250.0248, 5466517.354, 676.9194], [306182.8221, 5466554.969, 686.2647], [306254.0111, 5466588.298, 690.7812], [306217.233, 5466515.538, 675.7704]]",True,True,inside_10m,2025-06-15 16:03:07.500,1013,/media/UofA/BU_Work/BayneLabWorkSpace/Katrine_workspace/Localization_per_day/OKLG-8-20250615/minspec_clips/1013.wav,True,2025-06-15 09:03:07.500,8.272121,1.5587015,-1.323892,3.9830549,4.5209494,6,6,1
2025-06-15 16:58:07.500000+00:00,306251.33398614515,5466431.734663088,657.3810129283988,0.1831566902627098,0.1408603019081056,8,"[""E5"", ""F4"", ""D4"", ""E6"", ""D5"", ""E4"", ""F5"", ""D6""]","[""/media/UofA/BU_Work/BayneLabWorkSpace/Katrine_workspace/AudioMothSync/OKLG-8-Sync2/OKLG-8-E5/OKLG-8-E5_20250615_163000.WAV"", ""/media/UofA/BU_Work/BayneLabWorkSpace/Katrine_workspace/AudioMothSync/OKLG-8-Sync2/OKLG-8-F4/OKLG-8-F4_20250615_163000.WAV"", ""/media/UofA/BU_Work/BayneLabWorkSpace/Katrine_workspace/AudioMothSync/OKLG-8-Sync2/OKLG-8-D4/OKLG-8-D4_20250615_163000.WAV"", ""/media/UofA/BU_Work/BayneLabWorkSpace/Katrine_workspace/AudioMothSync/OKLG-8-Sync2/OKLG-8-E6/OKLG-8-E6_20250615_163000.WAV"", ""/media/UofA/BU_Work/BayneLabWorkSpace/Katrine_workspace/AudioMothSync/OKLG-8-Sync2/OKLG-8-D5/OKLG-8-D5_20250615_163000.WAV"", ""/media/UofA/BU_Work/BayneLabWorkSpace/Katrine_workspace/AudioMothSync/OKLG-8-Sync2/OKLG-8-E4/OKLG-8-E4_20250615_163000.WAV"", ""/media/UofA/BU_Work/BayneLabWorkSpace/Katrine_workspace/AudioMothSync/OKLG-8-Sync2/OKLG-8-F5/OKLG-8-F5_20250615_163000.WAV"", ""/media/UofA/BU_Work/BayneLabWorkSpace/Katrine_workspace/AudioMothSync/OKLG-8-Sync2/OKLG-8-D6/OKLG-8-D6_20250615_163000.WAV""]","[[306217.4541, 5466446.981, 661.48], [306250.9492, 5466481.06, 668.1608], [306181.8788, 5466484.067, 671.3749], [306218.2784, 5466411.837, 654.7701], [306182.6993, 5466449.16, 664.3166], [306216.821, 5466481.42, 669.0224], [306252.7138, 5466447.403, 661.4525], [306182.7549, 5466414.233, 658.2178]]",False,True,between_10_15m,2025-06-15 16:58:07.500,1090,/media/UofA/BU_Work/BayneLabWorkSpace/Katrine_workspace/Localization_per_day/OKLG-8-20250615/minspec_clips/1090.wav,True,2025-06-15 09:58:07.500,3.7421412,7.6358237,-2.6638355,2.650798,0.17960227,14,-1,6
2025-06-15 12:54:34+00:00,306247.5195085099,5466521.149501068,677.8982005364978,0.3898262216327361,0.2855174362659454,5,"[""G3"", ""F4"", ""F3"", ""G4"", ""F2""]","[""/media/UofA/BU_Work/BayneLabWorkSpace/Katrine_workspace/AudioMothSync/OKLG-8-Sync2/OKLG-8-G3/OKLG-8-G3_20250615_123000.WAV"", ""/media/UofA/BU_Work/BayneLabWorkSpace/Katrine_workspace/AudioMothSync/OKLG-8-Sync2/OKLG-8-F4/OKLG-8-F4_20250615_123000.WAV"", ""/media/UofA/BU_Work/BayneLabWorkSpace/Katrine_workspace/AudioMothSync/OKLG-8-Sync2/OKLG-8-F3/OKLG-8-F3_20250615_123000.WAV"", ""/media/UofA/BU_Work/BayneLabWorkSpace/Katrine_workspace/AudioMothSync/OKLG-8-Sync2/OKLG-8-G4/OKLG-8-G4_20250615_123000.WAV"", ""/media/UofA/BU_Work/BayneLabWorkSpace/Katrine_workspace/AudioMothSync/OKLG-8-Sync2/OKLG-8-F2/OKLG-8-F2_20250615_123000.WAV""]","[[306286.6237, 5466518.56, 675.3752], [306250.9492, 5466481.06, 668.1608], [306250.0248, 5466517.354, 676.9194], [306285.9765, 5466480.944, 666.9948], [306252.7451, 5466552.269, 682.6024]]",False,True,inside_10m,2025-06-15 12:54:34.000,331,/media/UofA/BU_Work/BayneLabWorkSpace/Katrine_workspace/Localization_per_day/OKLG-8-20250615/minspec_clips/331.wav,True,2025-06-15 05:54:34.000,8.4449625,-11.290927,4.3645577,1.1500208,3.8586533,-1,4,4
2025-06-15 16:17:55.500000+00:00,306283.199719272,5466559.123504824,713.2351247458607,4.462461616640719,0.2155412683263421,5,"[""F2"", ""F1"", ""F3"", ""G1"", ""E2""]","[""/media/UofA/BU_Work/BayneLabWorkSpace/Katrine_workspace/AudioMothSync/OKLG-8-Sync2/OKLG-8-F2/OKLG-8-F2_20250615_160000.WAV"", ""/media/UofA/BU_Work/BayneLabWorkSpace/Katrine_workspace/AudioMothSync/OKLG-8-Sync2/OKLG-8-F1/OKLG-8-F1_20250615_160000.WAV"", ""/media/UofA/BU_Work/BayneLabWorkSpace/Katrine_workspace/AudioMothSync/OKLG-8-Sync2/OKLG-8-F3/OKLG-8-F3_20250615_160000.WAV"", ""/media/UofA/BU_Work/BayneLabWorkSpace/Katrine_workspace/AudioMothSync/OKLG-8-Sync2/OKLG-8-G1/OKLG-8-G1_20250615_160000.WAV"", ""/media/UofA/BU_Work/BayneLabWorkSpace/Katrine_workspace/AudioMothSync/OKLG-8-Sync2/OKLG-8-E2/OKLG-8-E2_20250615_160000.WAV""]","[[306252.7451, 5466552.269, 682.6024], [306254.0111, 5466588.298, 690.7812], [306250.0248, 5466517.354, 676.9194], [306287.4446, 5466588.531, 687.2285], [306217.0531, 5466551.09, 683.3621]]",False,True,inside_10m,2025-06-15 16:17:55.500,1029,/media/UofA/BU_Work/BayneLabWorkSpace/Katrine_workspace/Localization_per_day/OKLG-8-20250615/minspec_clips/1029.wav,True,2025-06-15 09:17:55.500,1.6829079,5.693844,-3.3380904,0.62275714,-1.6921239,15,9,6
2025-06-15 11:37:19.500000+00:00,306202.4415263795,5466524.070276078,679.4467900631862,0.6282593320343709,0.1567506185836262,9,"[""F3"", ""F2"", ""G4"", ""G2"", ""E4"", ""E3"", ""E2"", ""G3"", ""F4""]","[""/media/UofA/BU_Work/BayneLabWorkSpace/Katrine_workspace/AudioMothSync/OKLG-8-Sync2/OKLG-8-F3/OKLG-8-F3_20250615_110000.WAV"", ""/media/UofA/BU_Work/BayneLabWorkSpace/Katrine_workspace/AudioMothSync/OKLG-8-Sync2/OKLG-8-F2/OKLG-8-F2_20250615_110000.WAV"", ""/media/UofA/BU_Work/BayneLabWorkSpace/Katrine_workspace/AudioMothSync/OKLG-8-Sync2/OKLG-8-G4/OKLG-8-G4_20250615_110000.WAV"", ""/media/UofA/BU_Work/BayneLabWorkSpace/Katrine_workspace/AudioMothSync/OKLG-8-Sync2/OKLG-8-G2/OKLG-8-G2_20250615_110000.WAV"", ""/media/UofA/BU_Work/BayneLabWorkSpace/Katrine_workspace/AudioMothSync/OKLG-8-Sync2/OKLG-8-E4/OKLG-8-E4_20250615_110000.WAV"", ""/media/UofA/BU_Work/BayneLabWorkSpace/Katrine_workspace/AudioMothSync/OKLG-8-Sync2/OKLG-8-E3/OKLG-8-E3_20250615_110000.WAV"", ""/media/UofA/BU_Work/BayneLabWorkSpace/Katrine_workspace/AudioMothSync/OKLG-8-Sync2/OKLG-8-E2/OKLG-8-E2_20250615_110000.WAV"", ""/media/UofA/BU_Work/BayneLabWorkSpace/Katrine_workspace/AudioMothSync/OKLG-8-Sync2/OKLG-8-G3/OKLG-8-G3_20250615_110000.WAV"", ""/media/UofA/BU_Work/BayneLabWorkSpace/Katrine_workspace/AudioMothSync/OKLG-8-Sync2/OKLG-8-F4/OKLG-8-F4_20250615_110000.WAV""]","[[306250.0248, 5466517.354, 676.9194], [306252.7451, 5466552.269, 682.6024], [306285.9765, 5466480.944, 666.9948], [306286.9994, 5466553.45, 679.9404], [306216.821, 5466481.42, 669.0224], [306217.233, 5466515.538, 675.7704], [306217.0531, 5466551.09, 683.3621], [306286.6237, 5466518.56, 675.3752], [306250.9492, 5466481.06, 668.1608]]",False,True,between_10_15m,2025-06-15 11:37:19.500,36,/media/UofA/BU_Work/BayneLabWorkSpace/Katrine_workspace/Localization_per_day/OKLG-8-20250615/minspec_clips/36.wav,True,2025-06-15 04:37:19.500,-8.576127,5.912515,-2.0353181,-6.826078,-2.0661318,20,8,11
2025-06-15 11:51:25.500000+00:00,306178.6507553797,5466478.733489175,670.4809379128368,0.7492364355902779,0.1746131367981434,9,"[""D3"", ""C3"", ""E4"", ""E3"", ""D2"", ""E2"", ""C4"", ""C2"", ""D4""]","[""/media/UofA/BU_Work/BayneLabWorkSpace/Katrine_workspace/AudioMothSync/OKLG-8-Sync2/OKLG-8-D3/OKLG-8-D3_20250615_113000.WAV"", ""/media/UofA/BU_Work/BayneLabWorkSpace/Katrine_workspace/AudioMothSync/OKLG-8-Sync2/OKLG-8-C3/OKLG-8-C3_20250615_113000.WAV"", ""/media/UofA/BU_Work/BayneLabWorkSpace/Katrine_workspace/AudioMothSync/OKLG-8-Sync2/OKLG-8-E4/OKLG-8-E4_20250615_113000.WAV"", ""/media/UofA/BU_Work/BayneLabWorkSpace/Katrine_workspace/AudioMothSync/OKLG-8-Sync2/OKLG-8-E3/OKLG-8-E3_20250615_113000.WAV"", ""/media/UofA/BU_Work/BayneLabWorkSpace/Katrine_workspace/AudioMothSync/OKLG-8-Sync2/OKLG-8-D2/OKLG-8-D2_20250615_113000.WAV"", ""/media/UofA/BU_Work/BayneLabWorkSpace/Katrine_workspace/AudioMothSync/OKLG-8-Sync2/OKLG-8-E2/OKLG-8-E2_20250615_113000.WAV"", ""/media/UofA/BU_Work/BayneLabWorkSpace/Katrine_workspace/AudioMothSync/OKLG-8-Sync2/OKLG-8-C4/OKLG-8-C4_20250615_113000.WAV"", ""/media/UofA/BU_Work/BayneLabWorkSpace/Katrine_workspace/AudioMothSync/OKLG-8-Sync2/OKLG-8-C2/OKLG-8-C2_20250615_113000.WAV"", ""/media/UofA/BU_Work/BayneLabWorkSpace/Katrine_workspace/AudioMothSync/OKLG-8-Sync2/OKLG-8-D4/OKLG-8-D4_20250615_113000.WAV""]","[[306182.3222, 5466520.693, 678.7913], [306147.4214, 5466515.236, 678.7817], [306216.821, 5466481.42, 669.0224], [306217.233, 5466515.538, 675.7704], [306182.8221, 5466554.969, 686.2647], [306217.0531, 5466551.09, 683.3621], [306146.9112, 5466480.896, 672.6855], [306145.8727, 5466552.258, 686.3517], [306181.8788, 5466484.067, 671.3749]]",False,True,inside_10m,2025-06-15 11:51:25.500,100,/media/UofA/BU_Work/BayneLabWorkSpace/Katrine_workspace/Localization_per_day/OKLG-8-20250615/minspec_clips/100.wav,True,2025-06-15 04:51:25.500,10.142392,6.378637,-3.3517787,0.9142335,5.984183,17,10,5
2025-06-15 18:48:40+00:00,306172.13895140204,5466417.730778268,664.3287814578246,0.0972414145369539,0.1957640179565974,7,"[""C5"", ""B5"", ""D5"", ""C6"", ""D6"", ""C4"", ""B6""]","[""/media/UofA/BU_Work/BayneLabWorkSpace/Katrine_workspace/AudioMothSync/OKLG-8-Sync2/OKLG-8-C5/OKLG-8-C5_20250615_183000.WAV"", ""/media/UofA/BU_Work/BayneLabWorkSpace/Katrine_workspace/AudioMothSync/OKLG-8-Sync2/OKLG-8-B5/OKLG-8-B5_20250615_183000.WAV"", ""/media/UofA/BU_Work/BayneLabWorkSpace/Katrine_workspace/AudioMothSync/OKLG-8-Sync2/OKLG-8-D5/OKLG-8-D5_20250615_183000.WAV"", ""/media/UofA/BU_Work/BayneLabWorkSpace/Katrine_workspace/AudioMothSync/OKLG-8-Sync2/OKLG-8-C6/OKLG-8-C6_20250615_183000.WAV"", ""/media/UofA/BU_Work/BayneLabWorkSpace/Katrine_workspace/AudioMothSync/OKLG-8-Sync2/OKLG-8-D6/OKLG-8-D6_20250615_183000.WAV"", ""/media/UofA/BU_Work/BayneLabWorkSpace/Katrine_workspace/AudioMothSync/OKLG-8-Sync2/OKLG-8-C4/OKLG-8-C4_20250615_183000.WAV"", ""/media/UofA/BU_Work/BayneLabWorkSpace/Katrine_workspace/AudioMothSync/OKLG-8-Sync2/OKLG-8-B6/OKLG-8-B6_20250615_183000.WAV""]","[[306147.3596, 5466445.666, 666.7585], [306111.1537, 5466446.859, 669.597], [306182.6993, 5466449.16, 664.3166], [306148.1571, 5466410.403, 660.6896], [306182.7549, 5466414.233, 658.2178], [306146.9112, 5466480.896, 672.6855], [306110.7534, 5466413.013, 663.04]]",True,True,inside_10m,2025-06-15 18:48:40.000,1290,/media/UofA/BU_Work/BayneLabWorkSpace/Katrine_workspace/Localization_per_day/OKLG-8-20250615/minspec_clips/1290.wav,True,2025-06-15 11:48:40.000,-0.5488115,1.903583,-0.025154179,-2.159738,0.87797093,18,8,0
2025-06-15 11:30:19.500000+00:00,306242.2906140816,5466575.560571749,688.3468976672659,0.5597074622869368,0.1791494161718421,9,"[""F2"", ""G1"", ""F3"", ""G3"", ""E1"", ""E2"", ""E3"", ""G2"", ""F1""]","[""/media/UofA/BU_Work/BayneLabWorkSpace/Katrine_workspace/AudioMothSync/OKLG-8-Sync2/OKLG-8-F2/OKLG-8-F2_20250615_110000.WAV"", ""/media/UofA/BU_Work/BayneLabWorkSpace/Katrine_workspace/AudioMothSync/OKLG-8-Sync2/OKLG-8-G1/OKLG-8-G1_20250615_110000.WAV"", ""/media/UofA/BU_Work/BayneLabWorkSpace/Katrine_workspace/AudioMothSync/OKLG-8-Sync2/OKLG-8-F3/OKLG-8-F3_20250615_110000.WAV"", ""/media/UofA/BU_Work/BayneLabWorkSpace/Katrine_workspace/AudioMothSync/OKLG-8-Sync2/OKLG-8-G3/OKLG-8-G3_20250615_110000.WAV"", ""/media/UofA/BU_Work/BayneLabWorkSpace/Katrine_workspace/AudioMothSync/OKLG-8-Sync2/OKLG-8-E1/OKLG-8-E1_20250615_110000.WAV"", ""/media/UofA/BU_Work/BayneLabWorkSpace/Katrine_workspace/AudioMothSync/OKLG-8-Sync2/OKLG-8-E2/OKLG-8-E2_20250615_110000.WAV"", ""/media/UofA/BU_Work/BayneLabWorkSpace/Katrine_workspace/AudioMothSync/OKLG-8-Sync2/OKLG-8-E3/OKLG-8-E3_20250615_110000.WAV"", ""/media/UofA/BU_Work/BayneLabWorkSpace/Katrine_workspace/AudioMothSync/OKLG-8-Sync2/OKLG-8-G2/OKLG-8-G2_20250615_110000.WAV"", ""/media/UofA/BU_Work/BayneLabWorkSpace/Katrine_workspace/AudioMothSync/OKLG-8-Sync2/OKLG-8-F1/OKLG-8-F1_20250615_110000.WAV""]","[[306252.7451, 5466552.269, 682.6024], [306287.4446, 5466588.531, 687.2285], [306250.0248, 5466517.354, 676.9194], [306286.6237, 5466518.56, 675.3752], [306217.3318, 5466587.32, 691.8683], [306217.0531, 5466551.09, 683.3621], [306217.233, 5466515.538, 675.7704], [306286.9994, 5466553.45, 679.9404], [306254.0111, 5466588.298, 690.7812]]",True,True,inside_10m,2025-06-15 11:30:19.500,7,/media/UofA/BU_Work/BayneLabWorkSpace/Katrine_workspace/Localization_per_day/OKLG-8-20250615/minspec_clips/7.wav,True,2025-06-15 04:30:19.500,-3.458835,-13.695765,5.8348656,-0.7568406,-1.4419658,9,-1,2
2025-06-15 18:42:28+00:00,306247.86963242566,5466521.02489026,677.6854750583725,0.0623129351076489,0.2707983901103337,6,"[""F3"", ""E4"", ""E3"", ""F4"", ""F2"", ""E2""]","[""/media/UofA/BU_Work/BayneLabWorkSpace/Katrine_workspace/AudioMothSync/OKLG-8-Sync2/OKLG-8-F3/OKLG-8-F3_20250615_183000.WAV"", ""/media/UofA/BU_Work/BayneLabWorkSpace/Katrine_workspace/AudioMothSync/OKLG-8-Sync2/OKLG-8-E4/OKLG-8-E4_20250615_183000.WAV"", ""/media/UofA/BU_Work/BayneLabWorkSpace/Katrine_workspace/AudioMothSync/OKLG-8-Sync2/OKLG-8-E3/OKLG-8-E3_20250615_183000.WAV"", ""/media/UofA/BU_Work/BayneLabWorkSpace/Katrine_workspace/AudioMothSync/OKLG-8-Sync2/OKLG-8-F4/OKLG-8-F4_20250615_183000.WAV"", ""/media/UofA/BU_Work/BayneLabWorkSpace/Katrine_workspace/AudioMothSync/OKLG-8-Sync2/OKLG-8-F2/OKLG-8-F2_20250615_183000.WAV"", ""/media/UofA/BU_Work/BayneLabWorkSpace/Katrine_workspace/AudioMothSync/OKLG-8-Sync2/OKLG-8-E2/OKLG-8-E2_20250615_183000.WAV""]","[[306250.0248, 5466517.354, 676.9194], [306216.821, 5466481.42, 669.0224], [306217.233, 5466515.538, 675.7704], [306250.9492, 5466481.06, 668.1608], [306252.7451, 5466552.269, 682.6024], [306217.0531, 5466551.09, 683.3621]]",True,True,inside_10m,2025-06-15 18:42:28.000,1260,/media/UofA/BU_Work/BayneLabWorkSpace/Katrine_workspace/Localization_per_day/OKLG-8-20250615/minspec_clips/1260.wav,True,2025-06-15 11:42:28.000,-7.078829,-10.465479,11.324127,-3.3099947,-0.995276,10,1,2
2025-06-15 18:47:01.500000+00:00,306171.68559732015,5466418.632554736,659.5957160670963,0.0940202535471823,0.2005697470158338,8,"[""D5"", ""C4"", ""C6"", ""D4"", ""D6"", ""E5"", ""E6"", ""C5""]","[""/media/UofA/BU_Work/BayneLabWorkSpace/Katrine_workspace/AudioMothSync/OKLG-8-Sync2/OKLG-8-D5/OKLG-8-D5_20250615_183000.WAV"", ""/media/UofA/BU_Work/BayneLabWorkSpace/Katrine_workspace/AudioMothSync/OKLG-8-Sync2/OKLG-8-C4/OKLG-8-C4_20250615_183000.WAV"", ""/media/UofA/BU_Work/BayneLabWorkSpace/Katrine_workspace/AudioMothSync/OKLG-8-Sync2/OKLG-8-C6/OKLG-8-C6_20250615_183000.WAV"", ""/media/UofA/BU_Work/BayneLabWorkSpace/Katrine_workspace/AudioMothSync/OKLG-8-Sync2/OKLG-8-D4/OKLG-8-D4_20250615_183000.WAV"", ""/media/UofA/BU_Work/BayneLabWorkSpace/Katrine_workspace/AudioMothSync/OKLG-8-Sync2/OKLG-8-D6/OKLG-8-D6_20250615_183000.WAV"", ""/media/UofA/BU_Work/BayneLabWorkSpace/Katrine_workspace/AudioMothSync/OKLG-8-Sync2/OKLG-8-E5/OKLG-8-E5_20250615_183000.WAV"", ""/media/UofA/BU_Work/BayneLabWorkSpace/Katrine_workspace/AudioMothSync/OKLG-8-Sync2/OKLG-8-E6/OKLG-8-E6_20250615_183000.WAV"", ""/media/UofA/BU_Work/BayneLabWorkSpace/Katrine_workspace/AudioMothSync/OKLG-8-Sync2/OKLG-8-C5/OKLG-8-C5_20250615_183000.WAV""]","[[306182.6993, 5466449.16, 664.3166], [306146.9112, 5466480.896, 672.6855], [306148.1571, 5466410.403, 660.6896], [306181.8788, 5466484.067, 671.3749], [306182.7549, 5466414.233, 658.2178], [306217.4541, 5466446.981, 661.48], [306218.2784, 5466411.837, 654.7701], [306147.3596, 5466445.666, 666.7585]]",True,True,between_10_15m,2025-06-15 18:47:01.500,1286,/media/UofA/BU_Work/BayneLabWorkSpace/Katrine_workspace/Localization_per_day/OKLG-8-20250615/minspec_clips/1286.wav,True,2025-06-15 11:47:01.500,-6.962633,9.490011,-0.24565004,-6.1270933,0.07471685,23,8,11
2025-06-15 18:45:34+00:00,306171.63249990524,5466418.699444582,659.6583274833642,0.1983189548724862,0.2320647593587637,6,"[""E6"", ""E5"", ""E7"", ""D6"", ""F5"", ""D5""]","[""/media/UofA/BU_Work/BayneLabWorkSpace/Katrine_workspace/AudioMothSync/OKLG-8-Sync2/OKLG-8-E6/OKLG-8-E6_20250615_183000.WAV"", ""/media/UofA/BU_Work/BayneLabWorkSpace/Katrine_workspace/AudioMothSync/OKLG-8-Sync2/OKLG-8-E5/OKLG-8-E5_20250615_183000.WAV"", ""/media/UofA/BU_Work/BayneLabWorkSpace/Katrine_workspace/AudioMothSync/OKLG-8-Sync2/OKLG-8-E7/OKLG-8-E7_20250615_183000.WAV"", ""/media/UofA/BU_Work/BayneLabWorkSpace/Katrine_workspace/AudioMothSync/OKLG-8-Sync2/OKLG-8-D6/OKLG-8-D6_20250615_183000.WAV"", ""/media/UofA/BU_Work/BayneLabWorkSpace/Katrine_workspace/AudioMothSync/OKLG-8-Sync2/OKLG-8-F5/OKLG-8-F5_20250615_183000.WAV"", ""/media/UofA/BU_Work/BayneLabWorkSpace/Katrine_workspace/AudioMothSync/OKLG-8-Sync2/OKLG-8-D5/OKLG-8-D5_20250615_183000.WAV""]","[[306218.2784, 5466411.837, 654.7701], [306217.4541, 5466446.981, 661.48], [306218.0862, 5466376.386, 647.919], [306182.7549, 5466414.233, 658.2178], [306252.7138, 5466447.403, 661.4525], [306182.6993, 5466449.16, 664.3166]]",False,True,between_10_15m,2025-06-15 18:45:34.000,1276,/media/UofA/BU_Work/BayneLabWorkSpace/Katrine_workspace/Localization_per_day/OKLG-8-20250615/minspec_clips/1276.wav,True,2025-06-15 11:45:34.000,-5.307293,7.8324585,-0.5041495,-5.789664,2.3579118,-1,8,11
2025-06-15 11:41:34+00:00,306178.9438545912,5466479.330490659,670.6490209277923,0.6881565196549599,0.1594252267645465,9,"[""D4"", ""C4"", ""E5"", ""E3"", ""C5"", ""C3"", ""E4"", ""D3"", ""D5""]","[""/media/UofA/BU_Work/BayneLabWorkSpace/Katrine_workspace/AudioMothSync/OKLG-8-Sync2/OKLG-8-D4/OKLG-8-D4_20250615_113000.WAV"", ""/media/UofA/BU_Work/BayneLabWorkSpace/Katrine_workspace/AudioMothSync/OKLG-8-Sync2/OKLG-8-C4/OKLG-8-C4_20250615_113000.WAV"", ""/media/UofA/BU_Work/BayneLabWorkSpace/Katrine_workspace/AudioMothSync/OKLG-8-Sync2/OKLG-8-E5/OKLG-8-E5_20250615_113000.WAV"", ""/media/UofA/BU_Work/BayneLabWorkSpace/Katrine_workspace/AudioMothSync/OKLG-8-Sync2/OKLG-8-E3/OKLG-8-E3_20250615_113000.WAV"", ""/media/UofA/BU_Work/BayneLabWorkSpace/Katrine_workspace/AudioMothSync/OKLG-8-Sync2/OKLG-8-C5/OKLG-8-C5_20250615_113000.WAV"", ""/media/UofA/BU_Work/BayneLabWorkSpace/Katrine_workspace/AudioMothSync/OKLG-8-Sync2/OKLG-8-C3/OKLG-8-C3_20250615_113000.WAV"", ""/media/UofA/BU_Work/BayneLabWorkSpace/Katrine_workspace/AudioMothSync/OKLG-8-Sync2/OKLG-8-E4/OKLG-8-E4_20250615_113000.WAV"", ""/media/UofA/BU_Work/BayneLabWorkSpace/Katrine_workspace/AudioMothSync/OKLG-8-Sync2/OKLG-8-D3/OKLG-8-D3_20250615_113000.WAV"", ""/media/UofA/BU_Work/BayneLabWorkSpace/Katrine_workspace/AudioMothSync/OKLG-8-Sync2/OKLG-8-D5/OKLG-8-D5_20250615_113000.WAV""]","[[306181.8788, 5466484.067, 671.3749], [306146.9112, 5466480.896, 672.6855], [306217.4541, 5466446.981, 661.48], [306217.233, 5466515.538, 675.7704], [306147.3596, 5466445.666, 666.7585], [306147.4214, 5466515.236, 678.7817], [306216.821, 5466481.42, 669.0224], [306182.3222, 5466520.693, 678.7913], [306182.6993, 5466449.16, 664.3166]]",True,True,inside_10m,2025-06-15 11:41:34.000,62,/media/UofA/BU_Work/BayneLabWorkSpace/Katrine_workspace/Localization_per_day/OKLG-8-20250615/minspec_clips/62.wav,True,2025-06-15 04:41:34.000,-7.063214,-16.361393,9.116176,0.12744081,-3.5588946,1,1,2
2025-06-15 16:04:49.500000+00:00,306248.0746412788,5466521.053148869,676.2901393362071,0.2041131512271597,0.2147251426109246,7,"[""E2"", ""E1"", ""E3"", ""D3"", ""F3"", ""F2"", ""D2""]","[""/media/UofA/BU_Work/BayneLabWorkSpace/Katrine_workspace/AudioMothSync/OKLG-8-Sync2/OKLG-8-E2/OKLG-8-E2_20250615_153000.WAV"", ""/media/UofA/BU_Work/BayneLabWorkSpace/Katrine_workspace/AudioMothSync/OKLG-8-Sync2/OKLG-8-E1/OKLG-8-E1_20250615_153000.WAV"", ""/media/UofA/BU_Work/BayneLabWorkSpace/Katrine_workspace/AudioMothSync/OKLG-8-Sync2/OKLG-8-E3/OKLG-8-E3_20250615_153000.WAV"", ""/media/UofA/BU_Work/BayneLabWorkSpace/Katrine_workspace/AudioMothSync/OKLG-8-Sync2/OKLG-8-D3/OKLG-8-D3_20250615_153000.WAV"", ""/media/UofA/BU_Work/BayneLabWorkSpace/Katrine_workspace/AudioMothSync/OKLG-8-Sync2/OKLG-8-F3/OKLG-8-F3_20250615_153000.WAV"", ""/media/UofA/BU_Work/BayneLabWorkSpace/Katrine_workspace/AudioMothSync/OKLG-8-Sync2/OKLG-8-F2/OKLG-8-F2_20250615_153000.WAV"", ""/media/UofA/BU_Work/BayneLabWorkSpace/Katrine_workspace/AudioMothSync/OKLG-8-Sync2/OKLG-8-D2/OKLG-8-D2_20250615_153000.WAV""]","[[306217.0531, 5466551.09, 683.3621], [306217.3318, 5466587.32, 691.8683], [306217.233, 5466515.538, 675.7704], [306182.3222, 5466520.693, 678.7913], [306250.0248, 5466517.354, 676.9194], [306252.7451, 5466552.269, 682.6024], [306182.8221, 5466554.969, 686.2647]]",True,True,inside_10m,2025-06-15 16:04:49.500,1018,/media/UofA/BU_Work/BayneLabWorkSpace/Katrine_workspace/Localization_per_day/OKLG-8-20250615/minspec_clips/1018.wav,True,2025-06-15 09:04:49.500,7.431355,1.0910587,-1.2305337,4.5863748,3.251216,6,6,1
2025-06-15 15:02:04+00:00,306248.17139772,5466521.201416333,675.5573001722468,0.2865959847341824,0.2299794607928821,7,"[""E2"", ""E1"", ""D1"", ""F1"", ""E3"", ""F2"", ""F3""]","[""/media/UofA/BU_Work/BayneLabWorkSpace/Katrine_workspace/AudioMothSync/OKLG-8-Sync2/OKLG-8-E2/OKLG-8-E2_20250615_150000.WAV"", ""/media/UofA/BU_Work/BayneLabWorkSpace/Katrine_workspace/AudioMothSync/OKLG-8-Sync2/OKLG-8-E1/OKLG-8-E1_20250615_150000.WAV"", ""/media/UofA/BU_Work/BayneLabWorkSpace/Katrine_workspace/AudioMothSync/OKLG-8-Sync2/OKLG-8-D1/OKLG-8-D1_20250615_150000.WAV"", ""/media/UofA/BU_Work/BayneLabWorkSpace/Katrine_workspace/AudioMothSync/OKLG-8-Sync2/OKLG-8-F1/OKLG-8-F1_20250615_150000.WAV"", ""/media/UofA/BU_Work/BayneLabWorkSpace/Katrine_workspace/AudioMothSync/OKLG-8-Sync2/OKLG-8-E3/OKLG-8-E3_20250615_150000.WAV"", ""/media/UofA/BU_Work/BayneLabWorkSpace/Katrine_workspace/AudioMothSync/OKLG-8-Sync2/OKLG-8-F2/OKLG-8-F2_20250615_150000.WAV"", ""/media/UofA/BU_Work/BayneLabWorkSpace/Katrine_workspace/AudioMothSync/OKLG-8-Sync2/OKLG-8-F3/OKLG-8-F3_20250615_150000.WAV""]","[[306217.0531, 5466551.09, 683.3621], [306217.3318, 5466587.32, 691.8683], [306180.9972, 5466588.911, 693.9689], [306254.0111, 5466588.298, 690.7812], [306217.233, 5466515.538, 675.7704], [306252.7451, 5466552.269, 682.6024], [306250.0248, 5466517.354, 676.9194]]",True,True,inside_10m,2025-06-15 15:02:04.000,805,/media/UofA/BU_Work/BayneLabWorkSpace/Katrine_workspace/Localization_per_day/OKLG-8-20250615/minspec_clips/805.wav,True,2025-06-15 08:02:04.000,0.18592939,19.869076,-9.695437,-1.193254,-2.4841652,2,2,3
2025-06-15 18:30:43.500000+00:00,306247.9454139475,5466521.234669308,677.7517290030233,0.1197511057326489,0.201323722799619,6,"[""F3"", ""G3"", ""E4"", ""E3"", ""E2"", ""F2""]","[""/media/UofA/BU_Work/BayneLabWorkSpace/Katrine_workspace/AudioMothSync/OKLG-8-Sync2/OKLG-8-F3/OKLG-8-F3_20250615_183000.WAV"", ""/media/UofA/BU_Work/BayneLabWorkSpace/Katrine_workspace/AudioMothSync/OKLG-8-Sync2/OKLG-8-G3/OKLG-8-G3_20250615_183000.WAV"", ""/media/UofA/BU_Work/BayneLabWorkSpace/Katrine_workspace/AudioMothSync/OKLG-8-Sync2/OKLG-8-E4/OKLG-8-E4_20250615_183000.WAV"", ""/media/UofA/BU_Work/BayneLabWorkSpace/Katrine_workspace/AudioMothSync/OKLG-8-Sync2/OKLG-8-E3/OKLG-8-E3_20250615_183000.WAV"", ""/media/UofA/BU_Work/BayneLabWorkSpace/Katrine_workspace/AudioMothSync/OKLG-8-Sync2/OKLG-8-E2/OKLG-8-E2_20250615_183000.WAV"", ""/media/UofA/BU_Work/BayneLabWorkSpace/Katrine_workspace/AudioMothSync/OKLG-8-Sync2/OKLG-8-F2/OKLG-8-F2_20250615_183000.WAV""]","[[306250.0248, 5466517.354, 676.9194], [306286.6237, 5466518.56, 675.3752], [306216.821, 5466481.42, 669.0224], [306217.233, 5466515.538, 675.7704], [306217.0531, 5466551.09, 683.3621], [306252.7451, 5466552.269, 682.6024]]",True,True,inside_10m,2025-06-15 18:30:43.500,1229,/media/UofA/BU_Work/BayneLabWorkSpace/Katrine_workspace/Localization_per_day/OKLG-8-20250615/minspec_clips/1229.wav,True,2025-06-15 11:30:43.500,8.6147995,8.0422735,-4.021404,3.4081764,4.776225,17,10,5
2025-06-15 15:24:34+00:00,306248.1779866931,5466520.888200141,677.7643394761112,0.3175653580988196,0.2561940103769302,7,"[""F3"", ""E2"", ""G3"", ""F2"", ""E3"", ""E4"", ""F4""]","[""/media/UofA/BU_Work/BayneLabWorkSpace/Katrine_workspace/AudioMothSync/OKLG-8-Sync2/OKLG-8-F3/OKLG-8-F3_20250615_150000.WAV"", ""/media/UofA/BU_Work/BayneLabWorkSpace/Katrine_workspace/AudioMothSync/OKLG-8-Sync2/OKLG-8-E2/OKLG-8-E2_20250615_150000.WAV"", ""/media/UofA/BU_Work/BayneLabWorkSpace/Katrine_workspace/AudioMothSync/OKLG-8-Sync2/OKLG-8-G3/OKLG-8-G3_20250615_150000.WAV"", ""/media/UofA/BU_Work/BayneLabWorkSpace/Katrine_workspace/AudioMothSync/OKLG-8-Sync2/OKLG-8-F2/OKLG-8-F2_20250615_150000.WAV"", ""/media/UofA/BU_Work/BayneLabWorkSpace/Katrine_workspace/AudioMothSync/OKLG-8-Sync2/OKLG-8-E3/OKLG-8-E3_20250615_150000.WAV"", ""/media/UofA/BU_Work/BayneLabWorkSpace/Katrine_workspace/AudioMothSync/OKLG-8-Sync2/OKLG-8-E4/OKLG-8-E4_20250615_150000.WAV"", ""/media/UofA/BU_Work/BayneLabWorkSpace/Katrine_workspace/AudioMothSync/OKLG-8-Sync2/OKLG-8-F4/OKLG-8-F4_20250615_150000.WAV""]","[[306250.0248, 5466517.354, 676.9194], [306217.0531, 5466551.09, 683.3621], [306286.6237, 5466518.56, 675.3752], [306252.7451, 5466552.269, 682.6024], [306217.233, 5466515.538, 675.7704], [306216.821, 5466481.42, 669.0224], [306250.9492, 5466481.06, 668.1608]]",True,True,inside_10m,2025-06-15 15:24:34.000,890,/media/UofA/BU_Work/BayneLabWorkSpace/Katrine_workspace/Localization_per_day/OKLG-8-20250615/minspec_clips/890.wav,True,2025-06-15 08:24:34.000,-8.482461,-11.037629,10.409947,-4.075918,-1.1099489,10,1,2
2025-06-15 12:01:40+00:00,306247.9376157535,5466521.29920999,677.7670996637987,0.5140038633567615,0.1635151770897209,8,"[""F4"", ""F3"", ""F5"", ""G4"", ""E5"", ""E3"", ""G3"", ""E4""]","[""/media/UofA/BU_Work/BayneLabWorkSpace/Katrine_workspace/AudioMothSync/OKLG-8-Sync2/OKLG-8-F4/OKLG-8-F4_20250615_120000.WAV"", ""/media/UofA/BU_Work/BayneLabWorkSpace/Katrine_workspace/AudioMothSync/OKLG-8-Sync2/OKLG-8-F3/OKLG-8-F3_20250615_120000.WAV"", ""/media/UofA/BU_Work/BayneLabWorkSpace/Katrine_workspace/AudioMothSync/OKLG-8-Sync2/OKLG-8-F5/OKLG-8-F5_20250615_120000.WAV"", ""/media/UofA/BU_Work/BayneLabWorkSpace/Katrine_workspace/AudioMothSync/OKLG-8-Sync2/OKLG-8-G4/OKLG-8-G4_20250615_120000.WAV"", ""/media/UofA/BU_Work/BayneLabWorkSpace/Katrine_workspace/AudioMothSync/OKLG-8-Sync2/OKLG-8-E5/OKLG-8-E5_20250615_120000.WAV"", ""/media/UofA/BU_Work/BayneLabWorkSpace/Katrine_workspace/AudioMothSync/OKLG-8-Sync2/OKLG-8-E3/OKLG-8-E3_20250615_120000.WAV"", ""/media/UofA/BU_Work/BayneLabWorkSpace/Katrine_workspace/AudioMothSync/OKLG-8-Sync2/OKLG-8-G3/OKLG-8-G3_20250615_120000.WAV"", ""/media/UofA/BU_Work/BayneLabWorkSpace/Katrine_workspace/AudioMothSync/OKLG-8-Sync2/OKLG-8-E4/OKLG-8-E4_20250615_120000.WAV""]","[[306250.9492, 5466481.06, 668.1608], [306250.0248, 5466517.354, 676.9194], [306252.7138, 5466447.403, 661.4525], [306285.9765, 5466480.944, 666.9948], [306217.4541, 5466446.981, 661.48], [306217.233, 5466515.538, 675.7704], [306286.6237, 5466518.56, 675.3752], [306216.821, 5466481.42, 669.0224]]",False,True,inside_10m,2025-06-15 12:01:40.000,131,/media/UofA/BU_Work/BayneLabWorkSpace/Katrine_workspace/Localization_per_day/OKLG-8-20250615/minspec_clips/131.wav,True,2025-06-15 05:01:40.000,-7.8345947,8.612622,-1.3672942,-7.8662834,0.113655046,-1,8,11
2025-06-15 15:53:07.500000+00:00,306248.0301197847,5466521.440641673,677.371400524847,0.3489848029368003,0.1918246650861369,9,"[""E4"", ""D3"", ""F3"", ""E3"", ""F4"", ""D5"", ""F5"", ""D4"", ""E5""]","[""/media/UofA/BU_Work/BayneLabWorkSpace/Katrine_workspace/AudioMothSync/OKLG-8-Sync2/OKLG-8-E4/OKLG-8-E4_20250615_153000.WAV"", ""/media/UofA/BU_Work/BayneLabWorkSpace/Katrine_workspace/AudioMothSync/OKLG-8-Sync2/OKLG-8-D3/OKLG-8-D3_20250615_153000.WAV"", ""/media/UofA/BU_Work/BayneLabWorkSpace/Katrine_workspace/AudioMothSync/OKLG-8-Sync2/OKLG-8-F3/OKLG-8-F3_20250615_153000.WAV"", ""/media/UofA/BU_Work/BayneLabWorkSpace/Katrine_workspace/AudioMothSync/OKLG-8-Sync2/OKLG-8-E3/OKLG-8-E3_20250615_153000.WAV"", ""/media/UofA/BU_Work/BayneLabWorkSpace/Katrine_workspace/AudioMothSync/OKLG-8-Sync2/OKLG-8-F4/OKLG-8-F4_20250615_153000.WAV"", ""/media/UofA/BU_Work/BayneLabWorkSpace/Katrine_workspace/AudioMothSync/OKLG-8-Sync2/OKLG-8-D5/OKLG-8-D5_20250615_153000.WAV"", ""/media/UofA/BU_Work/BayneLabWorkSpace/Katrine_workspace/AudioMothSync/OKLG-8-Sync2/OKLG-8-F5/OKLG-8-F5_20250615_153000.WAV"", ""/media/UofA/BU_Work/BayneLabWorkSpace/Katrine_workspace/AudioMothSync/OKLG-8-Sync2/OKLG-8-D4/OKLG-8-D4_20250615_153000.WAV"", ""/media/UofA/BU_Work/BayneLabWorkSpace/Katrine_workspace/AudioMothSync/OKLG-8-Sync2/OKLG-8-E5/OKLG-8-E5_20250615_153000.WAV""]","[[306216.821, 5466481.42, 669.0224], [306182.3222, 5466520.693, 678.7913], [306250.0248, 5466517.354, 676.9194], [306217.233, 5466515.538, 675.7704], [306250.9492, 5466481.06, 668.1608], [306182.6993, 5466449.16, 664.3166], [306252.7138, 5466447.403, 661.4525], [306181.8788, 5466484.067, 671.3749], [306217.4541, 5466446.981, 661.48]]",False,True,inside_10m,2025-06-15 15:53:07.500,986,/media/UofA/BU_Work/BayneLabWorkSpace/Katrine_workspace/Localization_per_day/OKLG-8-20250615/minspec_clips/986.wav,True,2025-06-15 08:53:07.500,8.783101,7.1495247,-3.599406,2.069191,4.578555,17,10,5
2025-06-15 15:50:58+00:00,306247.9147165623,5466521.259162554,677.6964825674808,0.3966430503318813,0.1868433928383248,7,"[""F4"", ""E3"", ""F5"", ""E5"", ""G3"", ""E4"", ""F3""]","[""/media/UofA/BU_Work/BayneLabWorkSpace/Katrine_workspace/AudioMothSync/OKLG-8-Sync2/OKLG-8-F4/OKLG-8-F4_20250615_153000.WAV"", ""/media/UofA/BU_Work/BayneLabWorkSpace/Katrine_workspace/AudioMothSync/OKLG-8-Sync2/OKLG-8-E3/OKLG-8-E3_20250615_153000.WAV"", ""/media/UofA/BU_Work/BayneLabWorkSpace/Katrine_workspace/AudioMothSync/OKLG-8-Sync2/OKLG-8-F5/OKLG-8-F5_20250615_153000.WAV"", ""/media/UofA/BU_Work/BayneLabWorkSpace/Katrine_workspace/AudioMothSync/OKLG-8-Sync2/OKLG-8-E5/OKLG-8-E5_20250615_153000.WAV"", ""/media/UofA/BU_Work/BayneLabWorkSpace/Katrine_workspace/AudioMothSync/OKLG-8-Sync2/OKLG-8-G3/OKLG-8-G3_20250615_153000.WAV"", ""/media/UofA/BU_Work/BayneLabWorkSpace/Katrine_workspace/AudioMothSync/OKLG-8-Sync2/OKLG-8-E4/OKLG-8-E4_20250615_153000.WAV"", ""/media/UofA/BU_Work/BayneLabWorkSpace/Katrine_workspace/AudioMothSync/OKLG-8-Sync2/OKLG-8-F3/OKLG-8-F3_20250615_153000.WAV""]","[[306250.9492, 5466481.06, 668.1608], [306217.233, 5466515.538, 675.7704], [306252.7138, 5466447.403, 661.4525], [306217.4541, 5466446.981, 661.48], [306286.6237, 5466518.56, 675.3752], [306216.821, 5466481.42, 669.0224], [306250.0248, 5466517.354, 676.9194]]",False,True,inside_10m,2025-06-15 15:50:58.000,976,/media/UofA/BU_Work/BayneLabWorkSpace/Katrine_workspace/Localization_per_day/OKLG-8-20250615/minspec_clips/976.wav,True,2025-06-15 08:50:58.000,5.503059,-5.2316294,3.1513941,5.3814087,0.5689461,3,3,9
2025-06-15 15:54:04+00:00,306248.3441389492,5466521.943415828,677.8365739971943,0.2045243385518158,0.2278920486569404,6,"[""F4"", ""E5"", ""E3"", ""E4"", ""F3"", ""F5""]","[""/media/UofA/BU_Work/BayneLabWorkSpace/Katrine_workspace/AudioMothSync/OKLG-8-Sync2/OKLG-8-F4/OKLG-8-F4_20250615_153000.WAV"", ""/media/UofA/BU_Work/BayneLabWorkSpace/Katrine_workspace/AudioMothSync/OKLG-8-Sync2/OKLG-8-E5/OKLG-8-E5_20250615_153000.WAV"", ""/media/UofA/BU_Work/BayneLabWorkSpace/Katrine_workspace/AudioMothSync/OKLG-8-Sync2/OKLG-8-E3/OKLG-8-E3_20250615_153000.WAV"", ""/media/UofA/BU_Work/BayneLabWorkSpace/Katrine_workspace/AudioMothSync/OKLG-8-Sync2/OKLG-8-E4/OKLG-8-E4_20250615_153000.WAV"", ""/media/UofA/BU_Work/BayneLabWorkSpace/Katrine_workspace/AudioMothSync/OKLG-8-Sync2/OKLG-8-F3/OKLG-8-F3_20250615_153000.WAV"", ""/media/UofA/BU_Work/BayneLabWorkSpace/Katrine_workspace/AudioMothSync/OKLG-8-Sync2/OKLG-8-F5/OKLG-8-F5_20250615_153000.WAV""]","[[306250.9492, 5466481.06, 668.1608], [306217.4541, 5466446.981, 661.48], [306217.233, 5466515.538, 675.7704], [306216.821, 5466481.42, 669.0224], [306250.0248, 5466517.354, 676.9194], [306252.7138, 5466447.403, 661.4525]]",False,True,inside_10m,2025-06-15 15:54:04.000,990,/media/UofA/BU_Work/BayneLabWorkSpace/Katrine_workspace/Localization_per_day/OKLG-8-20250615/minspec_clips/990.wav,True,2025-06-15 08:54:04.000,9.991916,-8.890817,5.539597,3.6122587,5.19795,13,4,4
2025-06-15 17:37:52+00:00,306247.8294058315,5466521.345708358,677.2608612460773,0.1572673500858608,0.2335064963748057,6,"[""F2"", ""F1"", ""E3"", ""E2"", ""G3"", ""F3""]","[""/media/UofA/BU_Work/BayneLabWorkSpace/Katrine_workspace/AudioMothSync/OKLG-8-Sync2/OKLG-8-F2/OKLG-8-F2_20250615_170000.WAV"", ""/media/UofA/BU_Work/BayneLabWorkSpace/Katrine_workspace/AudioMothSync/OKLG-8-Sync2/OKLG-8-F1/OKLG-8-F1_20250615_170000.WAV"", ""/media/UofA/BU_Work/BayneLabWorkSpace/Katrine_workspace/AudioMothSync/OKLG-8-Sync2/OKLG-8-E3/OKLG-8-E3_20250615_170000.WAV"", ""/media/UofA/BU_Work/BayneLabWorkSpace/Katrine_workspace/AudioMothSync/OKLG-8-Sync2/OKLG-8-E2/OKLG-8-E2_20250615_170000.WAV"", ""/media/UofA/BU_Work/BayneLabWorkSpace/Katrine_workspace/AudioMothSync/OKLG-8-Sync2/OKLG-8-G3/OKLG-8-G3_20250615_170000.WAV"", ""/media/UofA/BU_Work/BayneLabWorkSpace/Katrine_workspace/AudioMothSync/OKLG-8-Sync2/OKLG-8-F3/OKLG-8-F3_20250615_170000.WAV""]","[[306252.7451, 5466552.269, 682.6024], [306254.0111, 5466588.298, 690.7812], [306217.233, 5466515.538, 675.7704], [306217.0531, 5466551.09, 683.3621], [306286.6237, 5466518.56, 675.3752], [306250.0248, 5466517.354, 676.9194]]",True,True,inside_10m,2025-06-15 17:37:52.000,1134,/media/UofA/BU_Work/BayneLabWorkSpace/Katrine_workspace/Localization_per_day/OKLG-8-20250615/minspec_clips/1134.wav,True,2025-06-15 10:37:52.000,-6.687705,-12.214851,10.173444,-2.35004,-2.4648137,10,1,2
2025-06-15 17:40:46+00:00,306231.4019806831,5466452.100422306,661.5177809215023,0.0450356679483806,0.2196371730949197,7,"[""E5"", ""F5"", ""D4"", ""E4"", ""D6"", ""D5"", ""F4""]","[""/media/UofA/BU_Work/BayneLabWorkSpace/Katrine_workspace/AudioMothSync/OKLG-8-Sync2/OKLG-8-E5/OKLG-8-E5_20250615_173000.WAV"", ""/media/UofA/BU_Work/BayneLabWorkSpace/Katrine_workspace/AudioMothSync/OKLG-8-Sync2/OKLG-8-F5/OKLG-8-F5_20250615_173000.WAV"", ""/media/UofA/BU_Work/BayneLabWorkSpace/Katrine_workspace/AudioMothSync/OKLG-8-Sync2/OKLG-8-D4/OKLG-8-D4_20250615_173000.WAV"", ""/media/UofA/BU_Work/BayneLabWorkSpace/Katrine_workspace/AudioMothSync/OKLG-8-Sync2/OKLG-8-E4/OKLG-8-E4_20250615_173000.WAV"", ""/media/UofA/BU_Work/BayneLabWorkSpace/Katrine_workspace/AudioMothSync/OKLG-8-Sync2/OKLG-8-D6/OKLG-8-D6_20250615_173000.WAV"", ""/media/UofA/BU_Work/BayneLabWorkSpace/Katrine_workspace/AudioMothSync/OKLG-8-Sync2/OKLG-8-D5/OKLG-8-D5_20250615_173000.WAV"", ""/media/UofA/BU_Work/BayneLabWorkSpace/Katrine_workspace/AudioMothSync/OKLG-8-Sync2/OKLG-8-F4/OKLG-8-F4_20250615_173000.WAV""]","[[306217.4541, 5466446.981, 661.48], [306252.7138, 5466447.403, 661.4525], [306181.8788, 5466484.067, 671.3749], [306216.821, 5466481.42, 669.0224], [306182.7549, 5466414.233, 658.2178], [306182.6993, 5466449.16, 664.3166], [306250.9492, 5466481.06, 668.1608]]",True,True,inside_10m,2025-06-15 17:40:46.000,1147,/media/UofA/BU_Work/BayneLabWorkSpace/Katrine_workspace/Localization_per_day/OKLG-8-20250615/minspec_clips/1147.wav,True,2025-06-15 10:40:46.000,9.261284,6.336849,-4.8512025,1.333365,4.7879114,17,10,5
2025-06-15 18:44:37.500000+00:00,306170.54512239934,5466418.413667711,660.1030125266891,0.2132199534525708,0.2905703438445925,4,"[""E6"", ""E5"", ""D5"", ""D6""]","[""/media/UofA/BU_Work/BayneLabWorkSpace/Katrine_workspace/AudioMothSync/OKLG-8-Sync2/OKLG-8-E6/OKLG-8-E6_20250615_183000.WAV"", ""/media/UofA/BU_Work/BayneLabWorkSpace/Katrine_workspace/AudioMothSync/OKLG-8-Sync2/OKLG-8-E5/OKLG-8-E5_20250615_183000.WAV"", ""/media/UofA/BU_Work/BayneLabWorkSpace/Katrine_workspace/AudioMothSync/OKLG-8-Sync2/OKLG-8-D5/OKLG-8-D5_20250615_183000.WAV"", ""/media/UofA/BU_Work/BayneLabWorkSpace/Katrine_workspace/AudioMothSync/OKLG-8-Sync2/OKLG-8-D6/OKLG-8-D6_20250615_183000.WAV""]","[[306218.2784, 5466411.837, 654.7701], [306217.4541, 5466446.981, 661.48], [306182.6993, 5466449.16, 664.3166], [306182.7549, 5466414.233, 658.2178]]",False,True,between_10_15m,2025-06-15 18:44:37.500,1271,/media/UofA/BU_Work/BayneLabWorkSpace/Katrine_workspace/Localization_per_day/OKLG-8-20250615/minspec_clips/1271.wav,True,2025-06-15 11:44:37.500,-4.2058654,6.0678287,-2.956784,-4.118067,1.4674537,21,8,11
2025-06-15 18:04:43.500000+00:00,306235.807875776,5466577.295482355,691.9811896860622,0.0192074551457275,0.3429830409586429,4,"[""E1"", ""F2"", ""E2"", ""F1""]","[""/media/UofA/BU_Work/BayneLabWorkSpace/Katrine_workspace/AudioMothSync/OKLG-8-Sync2/OKLG-8-E1/OKLG-8-E1_20250615_180000.WAV"", ""/media/UofA/BU_Work/BayneLabWorkSpace/Katrine_workspace/AudioMothSync/OKLG-8-Sync2/OKLG-8-F2/OKLG-8-F2_20250615_180000.WAV"", ""/media/UofA/BU_Work/BayneLabWorkSpace/Katrine_workspace/AudioMothSync/OKLG-8-Sync2/OKLG-8-E2/OKLG-8-E2_20250615_180000.WAV"", ""/media/UofA/BU_Work/BayneLabWorkSpace/Katrine_workspace/AudioMothSync/OKLG-8-Sync2/OKLG-8-F1/OKLG-8-F1_20250615_180000.WAV""]","[[306217.3318, 5466587.32, 691.8683], [306252.7451, 5466552.269, 682.6024], [306217.0531, 5466551.09, 683.3621], [306254.0111, 5466588.298, 690.7812]]",True,True,inside_10m,2025-06-15 18:04:43.500,1202,/media/UofA/BU_Work/BayneLabWorkSpace/Katrine_workspace/Localization_per_day/OKLG-8-20250615/minspec_clips/1202.wav,True,2025-06-15 11:04:43.500,-5.370596,-14.627115,6.899566,-1.756607,-3.2530553,10,1,2
2025-06-15 18:45:58+00:00,306170.69067246973,5466390.604032773,663.1578632425708,0.0561752952880352,0.2994028450921178,4,"[""C6"", ""D6"", ""C7"", ""D7""]","[""/media/UofA/BU_Work/BayneLabWorkSpace/Katrine_workspace/AudioMothSync/OKLG-8-Sync2/OKLG-8-C6/OKLG-8-C6_20250615_183000.WAV"", ""/media/UofA/BU_Work/BayneLabWorkSpace/Katrine_workspace/AudioMothSync/OKLG-8-Sync2/OKLG-8-D6/OKLG-8-D6_20250615_183000.WAV"", ""/media/UofA/BU_Work/BayneLabWorkSpace/Katrine_workspace/AudioMothSync/OKLG-8-Sync2/OKLG-8-C7/OKLG-8-C7_20250615_183000.WAV"", ""/media/UofA/BU_Work/BayneLabWorkSpace/Katrine_workspace/AudioMothSync/OKLG-8-Sync2/OKLG-8-D7/OKLG-8-D7_20250615_183000.WAV""]","[[306148.1571, 5466410.403, 660.6896], [306182.7549, 5466414.233, 658.2178], [306149.2931, 5466377.298, 652.462], [306182.4104, 5466378.292, 650.5595]]",True,True,inside_10m,2025-06-15 18:45:58.000,1281,/media/UofA/BU_Work/BayneLabWorkSpace/Katrine_workspace/Localization_per_day/OKLG-8-20250615/minspec_clips/1281.wav,True,2025-06-15 11:45:58.000,-7.0534225,-0.19254047,-3.5579255,-2.7653027,-5.0520444,11,7,7
2025-06-15 18:43:46+00:00,306247.620209246,5466521.073717844,677.8355442945159,0.091313634664217,0.26749531715177,4,"[""G3"", ""F4"", ""F2"", ""F3""]","[""/media/UofA/BU_Work/BayneLabWorkSpace/Katrine_workspace/AudioMothSync/OKLG-8-Sync2/OKLG-8-G3/OKLG-8-G3_20250615_183000.WAV"", ""/media/UofA/BU_Work/BayneLabWorkSpace/Katrine_workspace/AudioMothSync/OKLG-8-Sync2/OKLG-8-F4/OKLG-8-F4_20250615_183000.WAV"", ""/media/UofA/BU_Work/BayneLabWorkSpace/Katrine_workspace/AudioMothSync/OKLG-8-Sync2/OKLG-8-F2/OKLG-8-F2_20250615_183000.WAV"", ""/media/UofA/BU_Work/BayneLabWorkSpace/Katrine_workspace/AudioMothSync/OKLG-8-Sync2/OKLG-8-F3/OKLG-8-F3_20250615_183000.WAV""]","[[306286.6237, 5466518.56, 675.3752], [306250.9492, 5466481.06, 668.1608], [306252.7451, 5466552.269, 682.6024], [306250.0248, 5466517.354, 676.9194]]",False,True,inside_10m,2025-06-15 18:43:46.000,1267,/media/UofA/BU_Work/BayneLabWorkSpace/Katrine_workspace/Localization_per_day/OKLG-8-20250615/minspec_clips/1267.wav,True,2025-06-15 11:43:46.000,-5.6442614,5.1151633,-3.7088528,-4.7097044,-0.07106341,19,8,11
2025-06-15 11:39:22+00:00,306202.5380772545,5466524.121768228,677.7496463873825,0.5096777182171449,0.1713326042518019,8,"[""E3"", ""E2"", ""E4"", ""F2"", ""F4"", ""D2"", ""D3"", ""F3""]","[""/media/UofA/BU_Work/BayneLabWorkSpace/Katrine_workspace/AudioMothSync/OKLG-8-Sync2/OKLG-8-E3/OKLG-8-E3_20250615_110000.WAV"", ""/media/UofA/BU_Work/BayneLabWorkSpace/Katrine_workspace/AudioMothSync/OKLG-8-Sync2/OKLG-8-E2/OKLG-8-E2_20250615_110000.WAV"", ""/media/UofA/BU_Work/BayneLabWorkSpace/Katrine_workspace/AudioMothSync/OKLG-8-Sync2/OKLG-8-E4/OKLG-8-E4_20250615_110000.WAV"", ""/media/UofA/BU_Work/BayneLabWorkSpace/Katrine_workspace/AudioMothSync/OKLG-8-Sync2/OKLG-8-F2/OKLG-8-F2_20250615_110000.WAV"", ""/media/UofA/BU_Work/BayneLabWorkSpace/Katrine_workspace/AudioMothSync/OKLG-8-Sync2/OKLG-8-F4/OKLG-8-F4_20250615_110000.WAV"", ""/media/UofA/BU_Work/BayneLabWorkSpace/Katrine_workspace/AudioMothSync/OKLG-8-Sync2/OKLG-8-D2/OKLG-8-D2_20250615_110000.WAV"", ""/media/UofA/BU_Work/BayneLabWorkSpace/Katrine_workspace/AudioMothSync/OKLG-8-Sync2/OKLG-8-D3/OKLG-8-D3_20250615_110000.WAV"", ""/media/UofA/BU_Work/BayneLabWorkSpace/Katrine_workspace/AudioMothSync/OKLG-8-Sync2/OKLG-8-F3/OKLG-8-F3_20250615_110000.WAV""]","[[306217.233, 5466515.538, 675.7704], [306217.0531, 5466551.09, 683.3621], [306216.821, 5466481.42, 669.0224], [306252.7451, 5466552.269, 682.6024], [306250.9492, 5466481.06, 668.1608], [306182.8221, 5466554.969, 686.2647], [306182.3222, 5466520.693, 678.7913], [306250.0248, 5466517.354, 676.9194]]",True,True,inside_10m,2025-06-15 11:39:22.000,49,/media/UofA/BU_Work/BayneLabWorkSpace/Katrine_workspace/Localization_per_day/OKLG-8-20250615/minspec_clips/49.wav,True,2025-06-15 04:39:22.000,-5.412754,-19.408012,6.9561415,2.2858896,-5.9261074,0,0,8
2025-06-15 11:39:22+00:00,306202.5380772545,5466524.121768228,677.7496463873825,0.5096777182171449,0.1713326042518019,8,"[""E3"", ""E2"", ""E4"", ""F2"", ""F4"", ""D2"", ""D3"", ""F3""]","[""/media/UofA/BU_Work/BayneLabWorkSpace/Katrine_workspace/AudioMothSync/OKLG-8-Sync2/OKLG-8-E3/OKLG-8-E3_20250615_110000.WAV"", ""/media/UofA/BU_Work/BayneLabWorkSpace/Katrine_workspace/AudioMothSync/OKLG-8-Sync2/OKLG-8-E2/OKLG-8-E2_20250615_110000.WAV"", ""/media/UofA/BU_Work/BayneLabWorkSpace/Katrine_workspace/AudioMothSync/OKLG-8-Sync2/OKLG-8-E4/OKLG-8-E4_20250615_110000.WAV"", ""/media/UofA/BU_Work/BayneLabWorkSpace/Katrine_workspace/AudioMothSync/OKLG-8-Sync2/OKLG-8-F2/OKLG-8-F2_20250615_110000.WAV"", ""/media/UofA/BU_Work/BayneLabWorkSpace/Katrine_workspace/AudioMothSync/OKLG-8-Sync2/OKLG-8-F4/OKLG-8-F4_20250615_110000.WAV"", ""/media/UofA/BU_Work/BayneLabWorkSpace/Katrine_workspace/AudioMothSync/OKLG-8-Sync2/OKLG-8-D2/OKLG-8-D2_20250615_110000.WAV"", ""/media/UofA/BU_Work/BayneLabWorkSpace/Katrine_workspace/AudioMothSync/OKLG-8-Sync2/OKLG-8-D3/OKLG-8-D3_20250615_110000.WAV"", ""/media/UofA/BU_Work/BayneLabWorkSpace/Katrine_workspace/AudioMothSync/OKLG-8-Sync2/OKLG-8-F3/OKLG-8-F3_20250615_110000.WAV""]","[[306217.233, 5466515.538, 675.7704], [306217.0531, 5466551.09, 683.3621], [306216.821, 5466481.42, 669.0224], [306252.7451, 5466552.269, 682.6024], [306250.9492, 5466481.06, 668.1608], [306182.8221, 5466554.969, 686.2647], [306182.3222, 5466520.693, 678.7913], [306250.0248, 5466517.354, 676.9194]]",True,True,inside_10m,2025-06-15 11:39:22.000,49,/media/UofA/BU_Work/BayneLabWorkSpace/Katrine_workspace/Localization_per_day/OKLG-8-20250615/minspec_clips/49.wav,True,2025-06-15 04:39:22.000,-5.412754,-19.408012,6.9561415,2.2858896,-5.9261074,0,0,8
2025-06-15 14:54:10+00:00,306247.94011402654,5466521.235156892,677.6880633334986,0.505738393171259,0.1822590786032378,8,"[""F4"", ""E4"", ""E5"", ""G3"", ""F5"", ""G4"", ""F3"", ""E3""]","[""/media/UofA/BU_Work/BayneLabWorkSpace/Katrine_workspace/AudioMothSync/OKLG-8-Sync2/OKLG-8-F4/OKLG-8-F4_20250615_143000.WAV"", ""/media/UofA/BU_Work/BayneLabWorkSpace/Katrine_workspace/AudioMothSync/OKLG-8-Sync2/OKLG-8-E4/OKLG-8-E4_20250615_143000.WAV"", ""/media/UofA/BU_Work/BayneLabWorkSpace/Katrine_workspace/AudioMothSync/OKLG-8-Sync2/OKLG-8-E5/OKLG-8-E5_20250615_143000.WAV"", ""/media/UofA/BU_Work/BayneLabWorkSpace/Katrine_workspace/AudioMothSync/OKLG-8-Sync2/OKLG-8-G3/OKLG-8-G3_20250615_143000.WAV"", ""/media/UofA/BU_Work/BayneLabWorkSpace/Katrine_workspace/AudioMothSync/OKLG-8-Sync2/OKLG-8-F5/OKLG-8-F5_20250615_143000.WAV"", ""/media/UofA/BU_Work/BayneLabWorkSpace/Katrine_workspace/AudioMothSync/OKLG-8-Sync2/OKLG-8-G4/OKLG-8-G4_20250615_143000.WAV"", ""/media/UofA/BU_Work/BayneLabWorkSpace/Katrine_workspace/AudioMothSync/OKLG-8-Sync2/OKLG-8-F3/OKLG-8-F3_20250615_143000.WAV"", ""/media/UofA/BU_Work/BayneLabWorkSpace/Katrine_workspace/AudioMothSync/OKLG-8-Sync2/OKLG-8-E3/OKLG-8-E3_20250615_143000.WAV""]","[[306250.9492, 5466481.06, 668.1608], [306216.821, 5466481.42, 669.0224], [306217.4541, 5466446.981, 661.48], [306286.6237, 5466518.56, 675.3752], [306252.7138, 5466447.403, 661.4525], [306285.9765, 5466480.944, 666.9948], [306250.0248, 5466517.354, 676.9194], [306217.233, 5466515.538, 675.7704]]",False,True,inside_10m,2025-06-15 14:54:10.000,773,/media/UofA/BU_Work/BayneLabWorkSpace/Katrine_workspace/Localization_per_day/OKLG-8-20250615/minspec_clips/773.wav,True,2025-06-15 07:54:10.000,-8.813609,7.783493,-3.2795358,-8.001167,-0.0045591695,-1,8,11
2025-06-15 11:16:04+00:00,306242.24596210936,5466575.828017795,689.7090033776805,0.2981399230657811,0.2128259396801392,6,"[""F1"", ""E1"", ""G1"", ""F2"", ""G2"", ""E2""]","[""/media/UofA/BU_Work/BayneLabWorkSpace/Katrine_workspace/AudioMothSync/OKLG-8-Sync2/OKLG-8-F1/OKLG-8-F1_20250615_110000.WAV"", ""/media/UofA/BU_Work/BayneLabWorkSpace/Katrine_workspace/AudioMothSync/OKLG-8-Sync2/OKLG-8-E1/OKLG-8-E1_20250615_110000.WAV"", ""/media/UofA/BU_Work/BayneLabWorkSpace/Katrine_workspace/AudioMothSync/OKLG-8-Sync2/OKLG-8-G1/OKLG-8-G1_20250615_110000.WAV"", ""/media/UofA/BU_Work/BayneLabWorkSpace/Katrine_workspace/AudioMothSync/OKLG-8-Sync2/OKLG-8-F2/OKLG-8-F2_20250615_110000.WAV"", ""/media/UofA/BU_Work/BayneLabWorkSpace/Katrine_workspace/AudioMothSync/OKLG-8-Sync2/OKLG-8-G2/OKLG-8-G2_20250615_110000.WAV"", ""/media/UofA/BU_Work/BayneLabWorkSpace/Katrine_workspace/AudioMothSync/OKLG-8-Sync2/OKLG-8-E2/OKLG-8-E2_20250615_110000.WAV""]","[[306254.0111, 5466588.298, 690.7812], [306217.3318, 5466587.32, 691.8683], [306287.4446, 5466588.531, 687.2285], [306252.7451, 5466552.269, 682.6024], [306286.9994, 5466553.45, 679.9404], [306217.0531, 5466551.09, 683.3621]]",True,True,inside_10m,2025-06-15 11:16:04.000,0,/media/UofA/BU_Work/BayneLabWorkSpace/Katrine_workspace/Localization_per_day/OKLG-8-20250615/minspec_clips/0.wav,True,2025-06-15 04:16:04.000,-4.472201,-13.378934,6.81339,-1.3601301,-1.4374666,9,1,2
2025-06-15 18:51:49.500000+00:00,306171.40210948087,5466419.152926293,656.3099502988983,0.0503609303141849,0.2351667576779922,6,"[""C5"", ""C6"", ""D5"", ""C4"", ""D6"", ""B6""]","[""/media/UofA/BU_Work/BayneLabWorkSpace/Katrine_workspace/AudioMothSync/OKLG-8-Sync2/OKLG-8-C5/OKLG-8-C5_20250615_183000.WAV"", ""/media/UofA/BU_Work/BayneLabWorkSpace/Katrine_workspace/AudioMothSync/OKLG-8-Sync2/OKLG-8-C6/OKLG-8-C6_20250615_183000.WAV"", ""/media/UofA/BU_Work/BayneLabWorkSpace/Katrine_workspace/AudioMothSync/OKLG-8-Sync2/OKLG-8-D5/OKLG-8-D5_20250615_183000.WAV"", ""/media/UofA/BU_Work/BayneLabWorkSpace/Katrine_workspace/AudioMothSync/OKLG-8-Sync2/OKLG-8-C4/OKLG-8-C4_20250615_183000.WAV"", ""/media/UofA/BU_Work/BayneLabWorkSpace/Katrine_workspace/AudioMothSync/OKLG-8-Sync2/OKLG-8-D6/OKLG-8-D6_20250615_183000.WAV"", ""/media/UofA/BU_Work/BayneLabWorkSpace/Katrine_workspace/AudioMothSync/OKLG-8-Sync2/OKLG-8-B6/OKLG-8-B6_20250615_183000.WAV""]","[[306147.3596, 5466445.666, 666.7585], [306148.1571, 5466410.403, 660.6896], [306182.6993, 5466449.16, 664.3166], [306146.9112, 5466480.896, 672.6855], [306182.7549, 5466414.233, 658.2178], [306110.7534, 5466413.013, 663.04]]",True,True,inside_10m,2025-06-15 18:51:49.500,1297,/media/UofA/BU_Work/BayneLabWorkSpace/Katrine_workspace/Localization_per_day/OKLG-8-20250615/minspec_clips/1297.wav,True,2025-06-15 11:51:49.500,-5.8729753,7.830468,-1.8593644,-5.8346677,1.1513021,-1,8,11
2025-06-15 16:01:16+00:00,306247.70008849486,5466520.963621394,677.8038027082636,0.1737357014366571,0.3236089386045933,4,"[""G3"", ""F4"", ""F3"", ""F2""]","[""/media/UofA/BU_Work/BayneLabWorkSpace/Katrine_workspace/AudioMothSync/OKLG-8-Sync2/OKLG-8-G3/OKLG-8-G3_20250615_153000.WAV"", ""/media/UofA/BU_Work/BayneLabWorkSpace/Katrine_workspace/AudioMothSync/OKLG-8-Sync2/OKLG-8-F4/OKLG-8-F4_20250615_153000.WAV"", ""/media/UofA/BU_Work/BayneLabWorkSpace/Katrine_workspace/AudioMothSync/OKLG-8-Sync2/OKLG-8-F3/OKLG-8-F3_20250615_153000.WAV"", ""/media/UofA/BU_Work/BayneLabWorkSpace/Katrine_workspace/AudioMothSync/OKLG-8-Sync2/OKLG-8-F2/OKLG-8-F2_20250615_153000.WAV""]","[[306286.6237, 5466518.56, 675.3752], [306250.9492, 5466481.06, 668.1608], [306250.0248, 5466517.354, 676.9194], [306252.7451, 5466552.269, 682.6024]]",False,True,inside_10m,2025-06-15 16:01:16.000,1009,/media/UofA/BU_Work/BayneLabWorkSpace/Katrine_workspace/Localization_per_day/OKLG-8-20250615/minspec_clips/1009.wav,True,2025-06-15 09:01:16.000,4.700063,14.526831,-8.469483,4.0466857,0.8309291,5,5,10
2025-06-15 14:43:49.500000+00:00,306247.62202259013,5466521.512309825,677.9708231979129,0.3337806844520966,0.2731573671102524,5,"[""F4"", ""E3"", ""E4"", ""F3"", ""G3""]","[""/media/UofA/BU_Work/BayneLabWorkSpace/Katrine_workspace/AudioMothSync/OKLG-8-Sync2/OKLG-8-F4/OKLG-8-F4_20250615_143000.WAV"", ""/media/UofA/BU_Work/BayneLabWorkSpace/Katrine_workspace/AudioMothSync/OKLG-8-Sync2/OKLG-8-E3/OKLG-8-E3_20250615_143000.WAV"", ""/media/UofA/BU_Work/BayneLabWorkSpace/Katrine_workspace/AudioMothSync/OKLG-8-Sync2/OKLG-8-E4/OKLG-8-E4_20250615_143000.WAV"", ""/media/UofA/BU_Work/BayneLabWorkSpace/Katrine_workspace/AudioMothSync/OKLG-8-Sync2/OKLG-8-F3/OKLG-8-F3_20250615_143000.WAV"", ""/media/UofA/BU_Work/BayneLabWorkSpace/Katrine_workspace/AudioMothSync/OKLG-8-Sync2/OKLG-8-G3/OKLG-8-G3_20250615_143000.WAV""]","[[306250.9492, 5466481.06, 668.1608], [306217.233, 5466515.538, 675.7704], [306216.821, 5466481.42, 669.0224], [306250.0248, 5466517.354, 676.9194], [306286.6237, 5466518.56, 675.3752]]",False,True,inside_10m,2025-06-15 14:43:49.500,749,/media/UofA/BU_Work/BayneLabWorkSpace/Katrine_workspace/Localization_per_day/OKLG-8-20250615/minspec_clips/749.wav,True,2025-06-15 07:43:49.500,5.2589793,14.15374,-8.224479,4.714209,0.14077109,5,5,10
2025-06-15 13:01:25.500000+00:00,306248.2962603739,5466521.432854127,677.4421104739193,0.5938476579129511,0.1905021083851655,9,"[""E4"", ""D4"", ""E5"", ""E3"", ""F3"", ""D3"", ""F4"", ""D5"", ""F5""]","[""/media/UofA/BU_Work/BayneLabWorkSpace/Katrine_workspace/AudioMothSync/OKLG-8-Sync2/OKLG-8-E4/OKLG-8-E4_20250615_130000.WAV"", ""/media/UofA/BU_Work/BayneLabWorkSpace/Katrine_workspace/AudioMothSync/OKLG-8-Sync2/OKLG-8-D4/OKLG-8-D4_20250615_130000.WAV"", ""/media/UofA/BU_Work/BayneLabWorkSpace/Katrine_workspace/AudioMothSync/OKLG-8-Sync2/OKLG-8-E5/OKLG-8-E5_20250615_130000.WAV"", ""/media/UofA/BU_Work/BayneLabWorkSpace/Katrine_workspace/AudioMothSync/OKLG-8-Sync2/OKLG-8-E3/OKLG-8-E3_20250615_130000.WAV"", ""/media/UofA/BU_Work/BayneLabWorkSpace/Katrine_workspace/AudioMothSync/OKLG-8-Sync2/OKLG-8-F3/OKLG-8-F3_20250615_130000.WAV"", ""/media/UofA/BU_Work/BayneLabWorkSpace/Katrine_workspace/AudioMothSync/OKLG-8-Sync2/OKLG-8-D3/OKLG-8-D3_20250615_130000.WAV"", ""/media/UofA/BU_Work/BayneLabWorkSpace/Katrine_workspace/AudioMothSync/OKLG-8-Sync2/OKLG-8-F4/OKLG-8-F4_20250615_130000.WAV"", ""/media/UofA/BU_Work/BayneLabWorkSpace/Katrine_workspace/AudioMothSync/OKLG-8-Sync2/OKLG-8-D5/OKLG-8-D5_20250615_130000.WAV"", ""/media/UofA/BU_Work/BayneLabWorkSpace/Katrine_workspace/AudioMothSync/OKLG-8-Sync2/OKLG-8-F5/OKLG-8-F5_20250615_130000.WAV""]","[[306216.821, 5466481.42, 669.0224], [306181.8788, 5466484.067, 671.3749], [306217.4541, 5466446.981, 661.48], [306217.233, 5466515.538, 675.7704], [306250.0248, 5466517.354, 676.9194], [306182.3222, 5466520.693, 678.7913], [306250.9492, 5466481.06, 668.1608], [306182.6993, 5466449.16, 664.3166], [306252.7138, 5466447.403, 661.4525]]",False,True,inside_10m,2025-06-15 13:01:25.500,374,/media/UofA/BU_Work/BayneLabWorkSpace/Katrine_workspace/Localization_per_day/OKLG-8-20250615/minspec_clips/374.wav,True,2025-06-15 06:01:25.500,-8.082179,-12.734783,8.528966,-2.7315874,-0.8016348,10,1,2
2025-06-15 12:07:52+00:00,306247.8695609655,5466520.895780555,676.4384723931365,0.7360141665454649,0.2045169054634041,9,"[""E2"", ""F3"", ""D3"", ""D1"", ""D2"", ""E3"", ""F1"", ""E1"", ""F2""]","[""/media/UofA/BU_Work/BayneLabWorkSpace/Katrine_workspace/AudioMothSync/OKLG-8-Sync2/OKLG-8-E2/OKLG-8-E2_20250615_113000.WAV"", ""/media/UofA/BU_Work/BayneLabWorkSpace/Katrine_workspace/AudioMothSync/OKLG-8-Sync2/OKLG-8-F3/OKLG-8-F3_20250615_113000.WAV"", ""/media/UofA/BU_Work/BayneLabWorkSpace/Katrine_workspace/AudioMothSync/OKLG-8-Sync2/OKLG-8-D3/OKLG-8-D3_20250615_113000.WAV"", ""/media/UofA/BU_Work/BayneLabWorkSpace/Katrine_workspace/AudioMothSync/OKLG-8-Sync2/OKLG-8-D1/OKLG-8-D1_20250615_113000.WAV"", ""/media/UofA/BU_Work/BayneLabWorkSpace/Katrine_workspace/AudioMothSync/OKLG-8-Sync2/OKLG-8-D2/OKLG-8-D2_20250615_113000.WAV"", ""/media/UofA/BU_Work/BayneLabWorkSpace/Katrine_workspace/AudioMothSync/OKLG-8-Sync2/OKLG-8-E3/OKLG-8-E3_20250615_113000.WAV"", ""/media/UofA/BU_Work/BayneLabWorkSpace/Katrine_workspace/AudioMothSync/OKLG-8-Sync2/OKLG-8-F1/OKLG-8-F1_20250615_113000.WAV"", ""/media/UofA/BU_Work/BayneLabWorkSpace/Katrine_workspace/AudioMothSync/OKLG-8-Sync2/OKLG-8-E1/OKLG-8-E1_20250615_113000.WAV"", ""/media/UofA/BU_Work/BayneLabWorkSpace/Katrine_workspace/AudioMothSync/OKLG-8-Sync2/OKLG-8-F2/OKLG-8-F2_20250615_113000.WAV""]","[[306217.0531, 5466551.09, 683.3621], [306250.0248, 5466517.354, 676.9194], [306182.3222, 5466520.693, 678.7913], [306180.9972, 5466588.911, 693.9689], [306182.8221, 5466554.969, 686.2647], [306217.233, 5466515.538, 675.7704], [306254.0111, 5466588.298, 690.7812], [306217.3318, 5466587.32, 691.8683], [306252.7451, 5466552.269, 682.6024]]",True,True,inside_10m,2025-06-15 12:07:52.000,153,/media/UofA/BU_Work/BayneLabWorkSpace/Katrine_workspace/Localization_per_day/OKLG-8-20250615/minspec_clips/153.wav,True,2025-06-15 05:07:52.000,-1.0420823,20.155888,-10.453099,-0.22685902,-3.884076,2,2,3
2025-06-15 15:48:37.500000+00:00,306247.9948274368,5466521.352128707,677.5965428158761,0.276682997371553,0.2855406478047371,5,"[""E3"", ""E4"", ""F3"", ""F2"", ""E2""]","[""/media/UofA/BU_Work/BayneLabWorkSpace/Katrine_workspace/AudioMothSync/OKLG-8-Sync2/OKLG-8-E3/OKLG-8-E3_20250615_153000.WAV"", ""/media/UofA/BU_Work/BayneLabWorkSpace/Katrine_workspace/AudioMothSync/OKLG-8-Sync2/OKLG-8-E4/OKLG-8-E4_20250615_153000.WAV"", ""/media/UofA/BU_Work/BayneLabWorkSpace/Katrine_workspace/AudioMothSync/OKLG-8-Sync2/OKLG-8-F3/OKLG-8-F3_20250615_153000.WAV"", ""/media/UofA/BU_Work/BayneLabWorkSpace/Katrine_workspace/AudioMothSync/OKLG-8-Sync2/OKLG-8-F2/OKLG-8-F2_20250615_153000.WAV"", ""/media/UofA/BU_Work/BayneLabWorkSpace/Katrine_workspace/AudioMothSync/OKLG-8-Sync2/OKLG-8-E2/OKLG-8-E2_20250615_153000.WAV""]","[[306217.233, 5466515.538, 675.7704], [306216.821, 5466481.42, 669.0224], [306250.0248, 5466517.354, 676.9194], [306252.7451, 5466552.269, 682.6024], [306217.0531, 5466551.09, 683.3621]]",True,True,inside_10m,2025-06-15 15:48:37.500,967,/media/UofA/BU_Work/BayneLabWorkSpace/Katrine_workspace/Localization_per_day/OKLG-8-20250615/minspec_clips/967.wav,True,2025-06-15 08:48:37.500,-4.4091163,-19.255013,6.8179083,0.34051985,-5.534452,0,0,8
2025-06-15 17:30:46+00:00,306247.88838509726,5466521.154636115,676.9197297654233,0.0691024856502941,0.2057255073450505,8,"[""E2"", ""F3"", ""F2"", ""D3"", ""F1"", ""D2"", ""E3"", ""E1""]","[""/media/UofA/BU_Work/BayneLabWorkSpace/Katrine_workspace/AudioMothSync/OKLG-8-Sync2/OKLG-8-E2/OKLG-8-E2_20250615_173000.WAV"", ""/media/UofA/BU_Work/BayneLabWorkSpace/Katrine_workspace/AudioMothSync/OKLG-8-Sync2/OKLG-8-F3/OKLG-8-F3_20250615_173000.WAV"", ""/media/UofA/BU_Work/BayneLabWorkSpace/Katrine_workspace/AudioMothSync/OKLG-8-Sync2/OKLG-8-F2/OKLG-8-F2_20250615_173000.WAV"", ""/media/UofA/BU_Work/BayneLabWorkSpace/Katrine_workspace/AudioMothSync/OKLG-8-Sync2/OKLG-8-D3/OKLG-8-D3_20250615_173000.WAV"", ""/media/UofA/BU_Work/BayneLabWorkSpace/Katrine_workspace/AudioMothSync/OKLG-8-Sync2/OKLG-8-F1/OKLG-8-F1_20250615_173000.WAV"", ""/media/UofA/BU_Work/BayneLabWorkSpace/Katrine_workspace/AudioMothSync/OKLG-8-Sync2/OKLG-8-D2/OKLG-8-D2_20250615_173000.WAV"", ""/media/UofA/BU_Work/BayneLabWorkSpace/Katrine_workspace/AudioMothSync/OKLG-8-Sync2/OKLG-8-E3/OKLG-8-E3_20250615_173000.WAV"", ""/media/UofA/BU_Work/BayneLabWorkSpace/Katrine_workspace/AudioMothSync/OKLG-8-Sync2/OKLG-8-E1/OKLG-8-E1_20250615_173000.WAV""]","[[306217.0531, 5466551.09, 683.3621], [306250.0248, 5466517.354, 676.9194], [306252.7451, 5466552.269, 682.6024], [306182.3222, 5466520.693, 678.7913], [306254.0111, 5466588.298, 690.7812], [306182.8221, 5466554.969, 686.2647], [306217.233, 5466515.538, 675.7704], [306217.3318, 5466587.32, 691.8683]]",True,True,inside_10m,2025-06-15 17:30:46.000,1109,/media/UofA/BU_Work/BayneLabWorkSpace/Katrine_workspace/Localization_per_day/OKLG-8-20250615/minspec_clips/1109.wav,True,2025-06-15 10:30:46.000,9.291004,-10.469811,6.2532625,1.8706528,3.5645058,-1,4,4
2025-06-15 17:45:19.500000+00:00,306231.56781505985,5466452.062412077,661.3644991394959,0.1577268914398193,0.220869881766183,7,"[""E5"", ""F4"", ""E4"", ""D5"", ""D6"", ""D4"", ""F5""]","[""/media/UofA/BU_Work/BayneLabWorkSpace/Katrine_workspace/AudioMothSync/OKLG-8-Sync2/OKLG-8-E5/OKLG-8-E5_20250615_173000.WAV"", ""/media/UofA/BU_Work/BayneLabWorkSpace/Katrine_workspace/AudioMothSync/OKLG-8-Sync2/OKLG-8-F4/OKLG-8-F4_20250615_173000.WAV"", ""/media/UofA/BU_Work/BayneLabWorkSpace/Katrine_workspace/AudioMothSync/OKLG-8-Sync2/OKLG-8-E4/OKLG-8-E4_20250615_173000.WAV"", ""/media/UofA/BU_Work/BayneLabWorkSpace/Katrine_workspace/AudioMothSync/OKLG-8-Sync2/OKLG-8-D5/OKLG-8-D5_20250615_173000.WAV"", ""/media/UofA/BU_Work/BayneLabWorkSpace/Katrine_workspace/AudioMothSync/OKLG-8-Sync2/OKLG-8-D6/OKLG-8-D6_20250615_173000.WAV"", ""/media/UofA/BU_Work/BayneLabWorkSpace/Katrine_workspace/AudioMothSync/OKLG-8-Sync2/OKLG-8-D4/OKLG-8-D4_20250615_173000.WAV"", ""/media/UofA/BU_Work/BayneLabWorkSpace/Katrine_workspace/AudioMothSync/OKLG-8-Sync2/OKLG-8-F5/OKLG-8-F5_20250615_173000.WAV""]","[[306217.4541, 5466446.981, 661.48], [306250.9492, 5466481.06, 668.1608], [306216.821, 5466481.42, 669.0224], [306182.6993, 5466449.16, 664.3166], [306182.7549, 5466414.233, 658.2178], [306181.8788, 5466484.067, 671.3749], [306252.7138, 5466447.403, 661.4525]]",True,True,inside_10m,2025-06-15 17:45:19.500,1156,/media/UofA/BU_Work/BayneLabWorkSpace/Katrine_workspace/Localization_per_day/OKLG-8-20250615/minspec_clips/1156.wav,True,2025-06-15 10:45:19.500,9.203347,6.777568,-4.038306,1.8720875,5.021356,17,10,5
2025-06-15 17:37:49.500000+00:00,306247.8248862993,5466521.27728743,677.6676192606413,0.0859127707876549,0.2692533701658249,5,"[""F2"", ""F3"", ""G3"", ""E3"", ""E2""]","[""/media/UofA/BU_Work/BayneLabWorkSpace/Katrine_workspace/AudioMothSync/OKLG-8-Sync2/OKLG-8-F2/OKLG-8-F2_20250615_170000.WAV"", ""/media/UofA/BU_Work/BayneLabWorkSpace/Katrine_workspace/AudioMothSync/OKLG-8-Sync2/OKLG-8-F3/OKLG-8-F3_20250615_170000.WAV"", ""/media/UofA/BU_Work/BayneLabWorkSpace/Katrine_workspace/AudioMothSync/OKLG-8-Sync2/OKLG-8-G3/OKLG-8-G3_20250615_170000.WAV"", ""/media/UofA/BU_Work/BayneLabWorkSpace/Katrine_workspace/AudioMothSync/OKLG-8-Sync2/OKLG-8-E3/OKLG-8-E3_20250615_170000.WAV"", ""/media/UofA/BU_Work/BayneLabWorkSpace/Katrine_workspace/AudioMothSync/OKLG-8-Sync2/OKLG-8-E2/OKLG-8-E2_20250615_170000.WAV""]","[[306252.7451, 5466552.269, 682.6024], [306250.0248, 5466517.354, 676.9194], [306286.6237, 5466518.56, 675.3752], [306217.233, 5466515.538, 675.7704], [306217.0531, 5466551.09, 683.3621]]",True,True,inside_10m,2025-06-15 17:37:49.500,1133,/media/UofA/BU_Work/BayneLabWorkSpace/Katrine_workspace/Localization_per_day/OKLG-8-20250615/minspec_clips/1133.wav,True,2025-06-15 10:37:49.500,-6.7860465,-12.618532,9.810626,-1.6610585,-2.2483604,10,1,2
2025-06-15 14:26:19.500000+00:00,306249.9349249993,5466517.736079109,679.0646739836927,5.250684230402174,0.2303758369137843,6,"[""G3"", ""G4"", ""F3"", ""G2"", ""F4"", ""F2""]","[""/media/UofA/BU_Work/BayneLabWorkSpace/Katrine_workspace/AudioMothSync/OKLG-8-Sync2/OKLG-8-G3/OKLG-8-G3_20250615_140000.WAV"", ""/media/UofA/BU_Work/BayneLabWorkSpace/Katrine_workspace/AudioMothSync/OKLG-8-Sync2/OKLG-8-G4/OKLG-8-G4_20250615_140000.WAV"", ""/media/UofA/BU_Work/BayneLabWorkSpace/Katrine_workspace/AudioMothSync/OKLG-8-Sync2/OKLG-8-F3/OKLG-8-F3_20250615_140000.WAV"", ""/media/UofA/BU_Work/BayneLabWorkSpace/Katrine_workspace/AudioMothSync/OKLG-8-Sync2/OKLG-8-G2/OKLG-8-G2_20250615_140000.WAV"", ""/media/UofA/BU_Work/BayneLabWorkSpace/Katrine_workspace/AudioMothSync/OKLG-8-Sync2/OKLG-8-F4/OKLG-8-F4_20250615_140000.WAV"", ""/media/UofA/BU_Work/BayneLabWorkSpace/Katrine_workspace/AudioMothSync/OKLG-8-Sync2/OKLG-8-F2/OKLG-8-F2_20250615_140000.WAV""]","[[306286.6237, 5466518.56, 675.3752], [306285.9765, 5466480.944, 666.9948], [306250.0248, 5466517.354, 676.9194], [306286.9994, 5466553.45, 679.9404], [306250.9492, 5466481.06, 668.1608], [306252.7451, 5466552.269, 682.6024]]",False,True,inside_10m,2025-06-15 14:26:19.500,673,/media/UofA/BU_Work/BayneLabWorkSpace/Katrine_workspace/Localization_per_day/OKLG-8-20250615/minspec_clips/673.wav,True,2025-06-15 07:26:19.500,4.95075,5.5484257,-3.7738388,0.4248054,1.685584,16,10,6
2025-06-15 17:38:31.500000+00:00,306247.87441992137,5466521.257324505,677.3357953614932,0.2614635668563671,0.209995602656688,7,"[""F2"", ""E1"", ""E2"", ""F3"", ""G3"", ""F1"", ""E3""]","[""/media/UofA/BU_Work/BayneLabWorkSpace/Katrine_workspace/AudioMothSync/OKLG-8-Sync2/OKLG-8-F2/OKLG-8-F2_20250615_173000.WAV"", ""/media/UofA/BU_Work/BayneLabWorkSpace/Katrine_workspace/AudioMothSync/OKLG-8-Sync2/OKLG-8-E1/OKLG-8-E1_20250615_173000.WAV"", ""/media/UofA/BU_Work/BayneLabWorkSpace/Katrine_workspace/AudioMothSync/OKLG-8-Sync2/OKLG-8-E2/OKLG-8-E2_20250615_173000.WAV"", ""/media/UofA/BU_Work/BayneLabWorkSpace/Katrine_workspace/AudioMothSync/OKLG-8-Sync2/OKLG-8-F3/OKLG-8-F3_20250615_173000.WAV"", ""/media/UofA/BU_Work/BayneLabWorkSpace/Katrine_workspace/AudioMothSync/OKLG-8-Sync2/OKLG-8-G3/OKLG-8-G3_20250615_173000.WAV"", ""/media/UofA/BU_Work/BayneLabWorkSpace/Katrine_workspace/AudioMothSync/OKLG-8-Sync2/OKLG-8-F1/OKLG-8-F1_20250615_173000.WAV"", ""/media/UofA/BU_Work/BayneLabWorkSpace/Katrine_workspace/AudioMothSync/OKLG-8-Sync2/OKLG-8-E3/OKLG-8-E3_20250615_173000.WAV""]","[[306252.7451, 5466552.269, 682.6024], [306217.3318, 5466587.32, 691.8683], [306217.0531, 5466551.09, 683.3621], [306250.0248, 5466517.354, 676.9194], [306286.6237, 5466518.56, 675.3752], [306254.0111, 5466588.298, 690.7812], [306217.233, 5466515.538, 675.7704]]",True,True,inside_10m,2025-06-15 17:38:31.500,1138,/media/UofA/BU_Work/BayneLabWorkSpace/Katrine_workspace/Localization_per_day/OKLG-8-20250615/minspec_clips/1138.wav,True,2025-06-15 10:38:31.500,6.6186743,5.135402,-4.4851685,-0.19148593,2.8684359,-1,-1,5
2025-06-15 12:35:19.500000+00:00,306178.9266623586,5466479.303754267,670.6418937410406,0.6707391712866833,0.1896802667114469,9,"[""D4"", ""C4"", ""E3"", ""D5"", ""E4"", ""D3"", ""C3"", ""C5"", ""E5""]","[""/media/UofA/BU_Work/BayneLabWorkSpace/Katrine_workspace/AudioMothSync/OKLG-8-Sync2/OKLG-8-D4/OKLG-8-D4_20250615_120000.WAV"", ""/media/UofA/BU_Work/BayneLabWorkSpace/Katrine_workspace/AudioMothSync/OKLG-8-Sync2/OKLG-8-C4/OKLG-8-C4_20250615_120000.WAV"", ""/media/UofA/BU_Work/BayneLabWorkSpace/Katrine_workspace/AudioMothSync/OKLG-8-Sync2/OKLG-8-E3/OKLG-8-E3_20250615_120000.WAV"", ""/media/UofA/BU_Work/BayneLabWorkSpace/Katrine_workspace/AudioMothSync/OKLG-8-Sync2/OKLG-8-D5/OKLG-8-D5_20250615_120000.WAV"", ""/media/UofA/BU_Work/BayneLabWorkSpace/Katrine_workspace/AudioMothSync/OKLG-8-Sync2/OKLG-8-E4/OKLG-8-E4_20250615_120000.WAV"", ""/media/UofA/BU_Work/BayneLabWorkSpace/Katrine_workspace/AudioMothSync/OKLG-8-Sync2/OKLG-8-D3/OKLG-8-D3_20250615_120000.WAV"", ""/media/UofA/BU_Work/BayneLabWorkSpace/Katrine_workspace/AudioMothSync/OKLG-8-Sync2/OKLG-8-C3/OKLG-8-C3_20250615_120000.WAV"", ""/media/UofA/BU_Work/BayneLabWorkSpace/Katrine_workspace/AudioMothSync/OKLG-8-Sync2/OKLG-8-C5/OKLG-8-C5_20250615_120000.WAV"", ""/media/UofA/BU_Work/BayneLabWorkSpace/Katrine_workspace/AudioMothSync/OKLG-8-Sync2/OKLG-8-E5/OKLG-8-E5_20250615_120000.WAV""]","[[306181.8788, 5466484.067, 671.3749], [306146.9112, 5466480.896, 672.6855], [306217.233, 5466515.538, 675.7704], [306182.6993, 5466449.16, 664.3166], [306216.821, 5466481.42, 669.0224], [306182.3222, 5466520.693, 678.7913], [306147.4214, 5466515.236, 678.7817], [306147.3596, 5466445.666, 666.7585], [306217.4541, 5466446.981, 661.48]]",True,True,inside_10m,2025-06-15 12:35:19.500,236,/media/UofA/BU_Work/BayneLabWorkSpace/Katrine_workspace/Localization_per_day/OKLG-8-20250615/minspec_clips/236.wav,True,2025-06-15 05:35:19.500,-2.0275383,19.484028,-9.968783,0.98728234,-3.6986415,2,2,3
2025-06-15 12:35:19.500000+00:00,306178.9266623586,5466479.303754267,670.6418937410406,0.6707391712866833,0.1896802667114469,9,"[""D4"", ""C4"", ""E3"", ""D5"", ""E4"", ""D3"", ""C3"", ""C5"", ""E5""]","[""/media/UofA/BU_Work/BayneLabWorkSpace/Katrine_workspace/AudioMothSync/OKLG-8-Sync2/OKLG-8-D4/OKLG-8-D4_20250615_120000.WAV"", ""/media/UofA/BU_Work/BayneLabWorkSpace/Katrine_workspace/AudioMothSync/OKLG-8-Sync2/OKLG-8-C4/OKLG-8-C4_20250615_120000.WAV"", ""/media/UofA/BU_Work/BayneLabWorkSpace/Katrine_workspace/AudioMothSync/OKLG-8-Sync2/OKLG-8-E3/OKLG-8-E3_20250615_120000.WAV"", ""/media/UofA/BU_Work/BayneLabWorkSpace/Katrine_workspace/AudioMothSync/OKLG-8-Sync2/OKLG-8-D5/OKLG-8-D5_20250615_120000.WAV"", ""/media/UofA/BU_Work/BayneLabWorkSpace/Katrine_workspace/AudioMothSync/OKLG-8-Sync2/OKLG-8-E4/OKLG-8-E4_20250615_120000.WAV"", ""/media/UofA/BU_Work/BayneLabWorkSpace/Katrine_workspace/AudioMothSync/OKLG-8-Sync2/OKLG-8-D3/OKLG-8-D3_20250615_120000.WAV"", ""/media/UofA/BU_Work/BayneLabWorkSpace/Katrine_workspace/AudioMothSync/OKLG-8-Sync2/OKLG-8-C3/OKLG-8-C3_20250615_120000.WAV"", ""/media/UofA/BU_Work/BayneLabWorkSpace/Katrine_workspace/AudioMothSync/OKLG-8-Sync2/OKLG-8-C5/OKLG-8-C5_20250615_120000.WAV"", ""/media/UofA/BU_Work/BayneLabWorkSpace/Katrine_workspace/AudioMothSync/OKLG-8-Sync2/OKLG-8-E5/OKLG-8-E5_20250615_120000.WAV""]","[[306181.8788, 5466484.067, 671.3749], [306146.9112, 5466480.896, 672.6855], [306217.233, 5466515.538, 675.7704], [306182.6993, 5466449.16, 664.3166], [306216.821, 5466481.42, 669.0224], [306182.3222, 5466520.693, 678.7913], [306147.4214, 5466515.236, 678.7817], [306147.3596, 5466445.666, 666.7585], [306217.4541, 5466446.981, 661.48]]",True,True,inside_10m,2025-06-15 12:35:19.500,236,/media/UofA/BU_Work/BayneLabWorkSpace/Katrine_workspace/Localization_per_day/OKLG-8-20250615/minspec_clips/236.wav,True,2025-06-15 05:35:19.500,-2.0275383,19.484028,-9.968783,0.98728234,-3.6986415,2,2,3
2025-06-15 13:22:01.500000+00:00,306247.35383173777,5466522.037432083,678.0893908223209,0.5960598988249475,0.2986619338393211,5,"[""G4"", ""F4"", ""G3"", ""F3"", ""F5""]","[""/media/UofA/BU_Work/BayneLabWorkSpace/Katrine_workspace/AudioMothSync/OKLG-8-Sync2/OKLG-8-G4/OKLG-8-G4_20250615_130000.WAV"", ""/media/UofA/BU_Work/BayneLabWorkSpace/Katrine_workspace/AudioMothSync/OKLG-8-Sync2/OKLG-8-F4/OKLG-8-F4_20250615_130000.WAV"", ""/media/UofA/BU_Work/BayneLabWorkSpace/Katrine_workspace/AudioMothSync/OKLG-8-Sync2/OKLG-8-G3/OKLG-8-G3_20250615_130000.WAV"", ""/media/UofA/BU_Work/BayneLabWorkSpace/Katrine_workspace/AudioMothSync/OKLG-8-Sync2/OKLG-8-F3/OKLG-8-F3_20250615_130000.WAV"", ""/media/UofA/BU_Work/BayneLabWorkSpace/Katrine_workspace/AudioMothSync/OKLG-8-Sync2/OKLG-8-F5/OKLG-8-F5_20250615_130000.WAV""]","[[306285.9765, 5466480.944, 666.9948], [306250.9492, 5466481.06, 668.1608], [306286.6237, 5466518.56, 675.3752], [306250.0248, 5466517.354, 676.9194], [306252.7138, 5466447.403, 661.4525]]",False,True,inside_10m,2025-06-15 13:22:01.500,473,/media/UofA/BU_Work/BayneLabWorkSpace/Katrine_workspace/Localization_per_day/OKLG-8-20250615/minspec_clips/473.wav,True,2025-06-15 06:22:01.500,-4.08864,-18.065763,6.122078,1.5467985,-4.3223753,0,0,8
2025-06-15 18:03:25.500000+00:00,306231.444349423,5466452.164832225,661.4967817861321,0.1372722860376943,0.2121300814407212,7,"[""E5"", ""D5"", ""F4"", ""E4"", ""D4"", ""F5"", ""D6""]","[""/media/UofA/BU_Work/BayneLabWorkSpace/Katrine_workspace/AudioMothSync/OKLG-8-Sync2/OKLG-8-E5/OKLG-8-E5_20250615_173000.WAV"", ""/media/UofA/BU_Work/BayneLabWorkSpace/Katrine_workspace/AudioMothSync/OKLG-8-Sync2/OKLG-8-D5/OKLG-8-D5_20250615_173000.WAV"", ""/media/UofA/BU_Work/BayneLabWorkSpace/Katrine_workspace/AudioMothSync/OKLG-8-Sync2/OKLG-8-F4/OKLG-8-F4_20250615_173000.WAV"", ""/media/UofA/BU_Work/BayneLabWorkSpace/Katrine_workspace/AudioMothSync/OKLG-8-Sync2/OKLG-8-E4/OKLG-8-E4_20250615_173000.WAV"", ""/media/UofA/BU_Work/BayneLabWorkSpace/Katrine_workspace/AudioMothSync/OKLG-8-Sync2/OKLG-8-D4/OKLG-8-D4_20250615_173000.WAV"", ""/media/UofA/BU_Work/BayneLabWorkSpace/Katrine_workspace/AudioMothSync/OKLG-8-Sync2/OKLG-8-F5/OKLG-8-F5_20250615_173000.WAV"", ""/media/UofA/BU_Work/BayneLabWorkSpace/Katrine_workspace/AudioMothSync/OKLG-8-Sync2/OKLG-8-D6/OKLG-8-D6_20250615_173000.WAV""]","[[306217.4541, 5466446.981, 661.48], [306182.6993, 5466449.16, 664.3166], [306250.9492, 5466481.06, 668.1608], [306216.821, 5466481.42, 669.0224], [306181.8788, 5466484.067, 671.3749], [306252.7138, 5466447.403, 661.4525], [306182.7549, 5466414.233, 658.2178]]",True,True,inside_10m,2025-06-15 18:03:25.500,1197,/media/UofA/BU_Work/BayneLabWorkSpace/Katrine_workspace/Localization_per_day/OKLG-8-20250615/minspec_clips/1197.wav,True,2025-06-15 11:03:25.500,-6.70011,-13.111444,9.412019,-2.657229,-2.9195976,10,1,2
2025-06-15 17:48:40+00:00,306231.3926516535,5466452.326222524,661.5071955138438,0.1065594128539485,0.2301430776715278,6,"[""D4"", ""E4"", ""E5"", ""D5"", ""E3"", ""C5""]","[""/media/UofA/BU_Work/BayneLabWorkSpace/Katrine_workspace/AudioMothSync/OKLG-8-Sync2/OKLG-8-D4/OKLG-8-D4_20250615_173000.WAV"", ""/media/UofA/BU_Work/BayneLabWorkSpace/Katrine_workspace/AudioMothSync/OKLG-8-Sync2/OKLG-8-E4/OKLG-8-E4_20250615_173000.WAV"", ""/media/UofA/BU_Work/BayneLabWorkSpace/Katrine_workspace/AudioMothSync/OKLG-8-Sync2/OKLG-8-E5/OKLG-8-E5_20250615_173000.WAV"", ""/media/UofA/BU_Work/BayneLabWorkSpace/Katrine_workspace/AudioMothSync/OKLG-8-Sync2/OKLG-8-D5/OKLG-8-D5_20250615_173000.WAV"", ""/media/UofA/BU_Work/BayneLabWorkSpace/Katrine_workspace/AudioMothSync/OKLG-8-Sync2/OKLG-8-E3/OKLG-8-E3_20250615_173000.WAV"", ""/media/UofA/BU_Work/BayneLabWorkSpace/Katrine_workspace/AudioMothSync/OKLG-8-Sync2/OKLG-8-C5/OKLG-8-C5_20250615_173000.WAV""]","[[306181.8788, 5466484.067, 671.3749], [306216.821, 5466481.42, 669.0224], [306217.4541, 5466446.981, 661.48], [306182.6993, 5466449.16, 664.3166], [306217.233, 5466515.538, 675.7704], [306147.3596, 5466445.666, 666.7585]]",False,True,between_10_15m,2025-06-15 17:48:40.000,1171,/media/UofA/BU_Work/BayneLabWorkSpace/Katrine_workspace/Localization_per_day/OKLG-8-20250615/minspec_clips/1171.wav,True,2025-06-15 10:48:40.000,-0.97112787,21.546452,-9.223008,-1.5183278,-4.5949073,2,2,3
2025-06-15 14:06:07.500000+00:00,306067.6183753436,5466414.478046049,664.2642833664397,2.490841807133697,0.2216936361044645,5,"[""A6"", ""B6"", ""A5"", ""B5"", ""B7""]","[""/media/UofA/BU_Work/BayneLabWorkSpace/Katrine_workspace/AudioMothSync/OKLG-8-Sync2/OKLG-8-A6/OKLG-8-A6_20250615_140000.WAV"", ""/media/UofA/BU_Work/BayneLabWorkSpace/Katrine_workspace/AudioMothSync/OKLG-8-Sync2/OKLG-8-B6/OKLG-8-B6_20250615_140000.WAV"", ""/media/UofA/BU_Work/BayneLabWorkSpace/Katrine_workspace/AudioMothSync/OKLG-8-Sync2/OKLG-8-A5/OKLG-8-A5_20250615_140000.WAV"", ""/media/UofA/BU_Work/BayneLabWorkSpace/Katrine_workspace/AudioMothSync/OKLG-8-Sync2/OKLG-8-B5/OKLG-8-B5_20250615_140000.WAV"", ""/media/UofA/BU_Work/BayneLabWorkSpace/Katrine_workspace/AudioMothSync/OKLG-8-Sync2/OKLG-8-B7/OKLG-8-B7_20250615_133000.WAV""]","[[306078.4509, 5466411.013, 663.0902], [306110.7534, 5466413.013, 663.04], [306078.0093, 5466445.764, 669.6194], [306111.1537, 5466446.859, 669.597], [306110.1539, 5466376.762, 653.4109]]",False,True,between_10_15m,2025-06-15 14:06:07.500,631,/media/UofA/BU_Work/BayneLabWorkSpace/Katrine_workspace/Localization_per_day/OKLG-8-20250615/minspec_clips/631.wav,True,2025-06-15 07:06:07.500,1.869298,4.6116786,-3.73562,-0.6955802,-1.5364634,15,9,6
2025-06-15 18:41:10+00:00,306247.66666646925,5466520.755257989,677.7519806887493,0.0525670612128598,0.2725064374506473,5,"[""F3"", ""E4"", ""F4"", ""E2"", ""E3""]","[""/media/UofA/BU_Work/BayneLabWorkSpace/Katrine_workspace/AudioMothSync/OKLG-8-Sync2/OKLG-8-F3/OKLG-8-F3_20250615_183000.WAV"", ""/media/UofA/BU_Work/BayneLabWorkSpace/Katrine_workspace/AudioMothSync/OKLG-8-Sync2/OKLG-8-E4/OKLG-8-E4_20250615_183000.WAV"", ""/media/UofA/BU_Work/BayneLabWorkSpace/Katrine_workspace/AudioMothSync/OKLG-8-Sync2/OKLG-8-F4/OKLG-8-F4_20250615_183000.WAV"", ""/media/UofA/BU_Work/BayneLabWorkSpace/Katrine_workspace/AudioMothSync/OKLG-8-Sync2/OKLG-8-E2/OKLG-8-E2_20250615_183000.WAV"", ""/media/UofA/BU_Work/BayneLabWorkSpace/Katrine_workspace/AudioMothSync/OKLG-8-Sync2/OKLG-8-E3/OKLG-8-E3_20250615_183000.WAV""]","[[306250.0248, 5466517.354, 676.9194], [306216.821, 5466481.42, 669.0224], [306250.9492, 5466481.06, 668.1608], [306217.0531, 5466551.09, 683.3621], [306217.233, 5466515.538, 675.7704]]",False,True,between_10_15m,2025-06-15 18:41:10.000,1256,/media/UofA/BU_Work/BayneLabWorkSpace/Katrine_workspace/Localization_per_day/OKLG-8-20250615/minspec_clips/1256.wav,True,2025-06-15 11:41:10.000,-6.113867,-12.902322,9.249975,-3.5174134,-3.236521,10,1,2
2025-06-15 13:00:34+00:00,306247.7076486184,5466521.173327483,677.9123579926621,0.364607251173471,0.2955980539321899,5,"[""G3"", ""G4"", ""F4"", ""F3"", ""F2""]","[""/media/UofA/BU_Work/BayneLabWorkSpace/Katrine_workspace/AudioMothSync/OKLG-8-Sync2/OKLG-8-G3/OKLG-8-G3_20250615_130000.WAV"", ""/media/UofA/BU_Work/BayneLabWorkSpace/Katrine_workspace/AudioMothSync/OKLG-8-Sync2/OKLG-8-G4/OKLG-8-G4_20250615_130000.WAV"", ""/media/UofA/BU_Work/BayneLabWorkSpace/Katrine_workspace/AudioMothSync/OKLG-8-Sync2/OKLG-8-F4/OKLG-8-F4_20250615_130000.WAV"", ""/media/UofA/BU_Work/BayneLabWorkSpace/Katrine_workspace/AudioMothSync/OKLG-8-Sync2/OKLG-8-F3/OKLG-8-F3_20250615_130000.WAV"", ""/media/UofA/BU_Work/BayneLabWorkSpace/Katrine_workspace/AudioMothSync/OKLG-8-Sync2/OKLG-8-F2/OKLG-8-F2_20250615_130000.WAV""]","[[306286.6237, 5466518.56, 675.3752], [306285.9765, 5466480.944, 666.9948], [306250.9492, 5466481.06, 668.1608], [306250.0248, 5466517.354, 676.9194], [306252.7451, 5466552.269, 682.6024]]",False,True,inside_10m,2025-06-15 13:00:34.000,369,/media/UofA/BU_Work/BayneLabWorkSpace/Katrine_workspace/Localization_per_day/OKLG-8-20250615/minspec_clips/369.wav,True,2025-06-15 06:00:34.000,-1.3267204,19.982473,-10.787148,0.003140238,-3.1213853,2,2,3
2025-06-15 15:07:40+00:00,306248.02576462046,5466520.881628564,675.7709727723087,0.3425725062445333,0.2396675209913935,7,"[""E2"", ""E3"", ""F3"", ""F2"", ""F1"", ""E1"", ""D1""]","[""/media/UofA/BU_Work/BayneLabWorkSpace/Katrine_workspace/AudioMothSync/OKLG-8-Sync2/OKLG-8-E2/OKLG-8-E2_20250615_150000.WAV"", ""/media/UofA/BU_Work/BayneLabWorkSpace/Katrine_workspace/AudioMothSync/OKLG-8-Sync2/OKLG-8-E3/OKLG-8-E3_20250615_150000.WAV"", ""/media/UofA/BU_Work/BayneLabWorkSpace/Katrine_workspace/AudioMothSync/OKLG-8-Sync2/OKLG-8-F3/OKLG-8-F3_20250615_150000.WAV"", ""/media/UofA/BU_Work/BayneLabWorkSpace/Katrine_workspace/AudioMothSync/OKLG-8-Sync2/OKLG-8-F2/OKLG-8-F2_20250615_150000.WAV"", ""/media/UofA/BU_Work/BayneLabWorkSpace/Katrine_workspace/AudioMothSync/OKLG-8-Sync2/OKLG-8-F1/OKLG-8-F1_20250615_150000.WAV"", ""/media/UofA/BU_Work/BayneLabWorkSpace/Katrine_workspace/AudioMothSync/OKLG-8-Sync2/OKLG-8-E1/OKLG-8-E1_20250615_150000.WAV"", ""/media/UofA/BU_Work/BayneLabWorkSpace/Katrine_workspace/AudioMothSync/OKLG-8-Sync2/OKLG-8-D1/OKLG-8-D1_20250615_150000.WAV""]","[[306217.0531, 5466551.09, 683.3621], [306217.233, 5466515.538, 675.7704], [306250.0248, 5466517.354, 676.9194], [306252.7451, 5466552.269, 682.6024], [306254.0111, 5466588.298, 690.7812], [306217.3318, 5466587.32, 691.8683], [306180.9972, 5466588.911, 693.9689]]",True,True,inside_10m,2025-06-15 15:07:40.000,825,/media/UofA/BU_Work/BayneLabWorkSpace/Katrine_workspace/Localization_per_day/OKLG-8-20250615/minspec_clips/825.wav,True,2025-06-15 08:07:40.000,7.238241,-4.2689614,2.641369,6.593276,2.4311707,8,3,9
2025-06-15 11:55:49.500000+00:00,306178.88110708987,5466479.357061151,670.6295131223734,0.6350925445525188,0.1681019432014889,9,"[""D4"", ""E5"", ""D3"", ""E3"", ""D5"", ""C4"", ""E4"", ""C3"", ""C5""]","[""/media/UofA/BU_Work/BayneLabWorkSpace/Katrine_workspace/AudioMothSync/OKLG-8-Sync2/OKLG-8-D4/OKLG-8-D4_20250615_113000.WAV"", ""/media/UofA/BU_Work/BayneLabWorkSpace/Katrine_workspace/AudioMothSync/OKLG-8-Sync2/OKLG-8-E5/OKLG-8-E5_20250615_113000.WAV"", ""/media/UofA/BU_Work/BayneLabWorkSpace/Katrine_workspace/AudioMothSync/OKLG-8-Sync2/OKLG-8-D3/OKLG-8-D3_20250615_113000.WAV"", ""/media/UofA/BU_Work/BayneLabWorkSpace/Katrine_workspace/AudioMothSync/OKLG-8-Sync2/OKLG-8-E3/OKLG-8-E3_20250615_113000.WAV"", ""/media/UofA/BU_Work/BayneLabWorkSpace/Katrine_workspace/AudioMothSync/OKLG-8-Sync2/OKLG-8-D5/OKLG-8-D5_20250615_113000.WAV"", ""/media/UofA/BU_Work/BayneLabWorkSpace/Katrine_workspace/AudioMothSync/OKLG-8-Sync2/OKLG-8-C4/OKLG-8-C4_20250615_113000.WAV"", ""/media/UofA/BU_Work/BayneLabWorkSpace/Katrine_workspace/AudioMothSync/OKLG-8-Sync2/OKLG-8-E4/OKLG-8-E4_20250615_113000.WAV"", ""/media/UofA/BU_Work/BayneLabWorkSpace/Katrine_workspace/AudioMothSync/OKLG-8-Sync2/OKLG-8-C3/OKLG-8-C3_20250615_113000.WAV"", ""/media/UofA/BU_Work/BayneLabWorkSpace/Katrine_workspace/AudioMothSync/OKLG-8-Sync2/OKLG-8-C5/OKLG-8-C5_20250615_113000.WAV""]","[[306181.8788, 5466484.067, 671.3749], [306217.4541, 5466446.981, 661.48], [306182.3222, 5466520.693, 678.7913], [306217.233, 5466515.538, 675.7704], [306182.6993, 5466449.16, 664.3166], [306146.9112, 5466480.896, 672.6855], [306216.821, 5466481.42, 669.0224], [306147.4214, 5466515.236, 678.7817], [306147.3596, 5466445.666, 666.7585]]",True,True,inside_10m,2025-06-15 11:55:49.500,111,/media/UofA/BU_Work/BayneLabWorkSpace/Katrine_workspace/Localization_per_day/OKLG-8-20250615/minspec_clips/111.wav,True,2025-06-15 04:55:49.500,-8.480922,6.1978917,-2.0283642,-6.9194603,-1.589136,20,8,11
2025-06-15 18:38:46+00:00,306170.8957100893,5466390.79957455,663.6650509685956,0.0741987874364889,0.293737550266087,4,"[""C7"", ""D7"", ""D6"", ""C6""]","[""/media/UofA/BU_Work/BayneLabWorkSpace/Katrine_workspace/AudioMothSync/OKLG-8-Sync2/OKLG-8-C7/OKLG-8-C7_20250615_183000.WAV"", ""/media/UofA/BU_Work/BayneLabWorkSpace/Katrine_workspace/AudioMothSync/OKLG-8-Sync2/OKLG-8-D7/OKLG-8-D7_20250615_183000.WAV"", ""/media/UofA/BU_Work/BayneLabWorkSpace/Katrine_workspace/AudioMothSync/OKLG-8-Sync2/OKLG-8-D6/OKLG-8-D6_20250615_183000.WAV"", ""/media/UofA/BU_Work/BayneLabWorkSpace/Katrine_workspace/AudioMothSync/OKLG-8-Sync2/OKLG-8-C6/OKLG-8-C6_20250615_183000.WAV""]","[[306149.2931, 5466377.298, 652.462], [306182.4104, 5466378.292, 650.5595], [306182.7549, 5466414.233, 658.2178], [306148.1571, 5466410.403, 660.6896]]",True,True,inside_10m,2025-06-15 18:38:46.000,1245,/media/UofA/BU_Work/BayneLabWorkSpace/Katrine_workspace/Localization_per_day/OKLG-8-20250615/minspec_clips/1245.wav,True,2025-06-15 11:38:46.000,5.2592087,9.259479,-3.90003,4.2983994,1.9115621,4,5,1
2025-06-15 16:01:49.500000+00:00,306247.7819658044,5466520.921636593,677.880132753752,0.1590715500976058,0.3104743286967277,4,"[""G3"", ""F4"", ""F2"", ""F3""]","[""/media/UofA/BU_Work/BayneLabWorkSpace/Katrine_workspace/AudioMothSync/OKLG-8-Sync2/OKLG-8-G3/OKLG-8-G3_20250615_153000.WAV"", ""/media/UofA/BU_Work/BayneLabWorkSpace/Katrine_workspace/AudioMothSync/OKLG-8-Sync2/OKLG-8-F4/OKLG-8-F4_20250615_153000.WAV"", ""/media/UofA/BU_Work/BayneLabWorkSpace/Katrine_workspace/AudioMothSync/OKLG-8-Sync2/OKLG-8-F2/OKLG-8-F2_20250615_153000.WAV"", ""/media/UofA/BU_Work/BayneLabWorkSpace/Katrine_workspace/AudioMothSync/OKLG-8-Sync2/OKLG-8-F3/OKLG-8-F3_20250615_153000.WAV""]","[[306286.6237, 5466518.56, 675.3752], [306250.9492, 5466481.06, 668.1608], [306252.7451, 5466552.269, 682.6024], [306250.0248, 5466517.354, 676.9194]]",False,True,inside_10m,2025-06-15 16:01:49.500,1011,/media/UofA/BU_Work/BayneLabWorkSpace/Katrine_workspace/Localization_per_day/OKLG-8-20250615/minspec_clips/1011.wav,True,2025-06-15 09:01:49.500,5.031239,14.823169,-8.95616,4.352538,0.67551124,5,5,10
2025-06-15 12:03:55.500000+00:00,306247.972842628,5466520.701952258,675.786041566377,0.6224359349682498,0.2152961702086031,8,"[""E2"", ""D1"", ""E1"", ""E3"", ""F2"", ""D2"", ""F3"", ""F1""]","[""/media/UofA/BU_Work/BayneLabWorkSpace/Katrine_workspace/AudioMothSync/OKLG-8-Sync2/OKLG-8-E2/OKLG-8-E2_20250615_113000.WAV"", ""/media/UofA/BU_Work/BayneLabWorkSpace/Katrine_workspace/AudioMothSync/OKLG-8-Sync2/OKLG-8-D1/OKLG-8-D1_20250615_113000.WAV"", ""/media/UofA/BU_Work/BayneLabWorkSpace/Katrine_workspace/AudioMothSync/OKLG-8-Sync2/OKLG-8-E1/OKLG-8-E1_20250615_113000.WAV"", ""/media/UofA/BU_Work/BayneLabWorkSpace/Katrine_workspace/AudioMothSync/OKLG-8-Sync2/OKLG-8-E3/OKLG-8-E3_20250615_113000.WAV"", ""/media/UofA/BU_Work/BayneLabWorkSpace/Katrine_workspace/AudioMothSync/OKLG-8-Sync2/OKLG-8-F2/OKLG-8-F2_20250615_113000.WAV"", ""/media/UofA/BU_Work/BayneLabWorkSpace/Katrine_workspace/AudioMothSync/OKLG-8-Sync2/OKLG-8-D2/OKLG-8-D2_20250615_113000.WAV"", ""/media/UofA/BU_Work/BayneLabWorkSpace/Katrine_workspace/AudioMothSync/OKLG-8-Sync2/OKLG-8-F3/OKLG-8-F3_20250615_113000.WAV"", ""/media/UofA/BU_Work/BayneLabWorkSpace/Katrine_workspace/AudioMothSync/OKLG-8-Sync2/OKLG-8-F1/OKLG-8-F1_20250615_113000.WAV""]","[[306217.0531, 5466551.09, 683.3621], [306180.9972, 5466588.911, 693.9689], [306217.3318, 5466587.32, 691.8683], [306217.233, 5466515.538, 675.7704], [306252.7451, 5466552.269, 682.6024], [306182.8221, 5466554.969, 686.2647], [306250.0248, 5466517.354, 676.9194], [306254.0111, 5466588.298, 690.7812]]",True,True,inside_10m,2025-06-15 12:03:55.500,138,/media/UofA/BU_Work/BayneLabWorkSpace/Katrine_workspace/Localization_per_day/OKLG-8-20250615/minspec_clips/138.wav,True,2025-06-15 05:03:55.500,-8.693576,-11.290631,9.135732,-3.622295,-0.0161833,10,1,2
2025-06-15 18:40:07.500000+00:00,306169.6949058712,5466392.501387964,654.7872414893052,0.5173848013837079,0.3047210415825248,4,"[""D7"", ""E7"", ""C6"", ""C7""]","[""/media/UofA/BU_Work/BayneLabWorkSpace/Katrine_workspace/AudioMothSync/OKLG-8-Sync2/OKLG-8-D7/OKLG-8-D7_20250615_183000.WAV"", ""/media/UofA/BU_Work/BayneLabWorkSpace/Katrine_workspace/AudioMothSync/OKLG-8-Sync2/OKLG-8-E7/OKLG-8-E7_20250615_183000.WAV"", ""/media/UofA/BU_Work/BayneLabWorkSpace/Katrine_workspace/AudioMothSync/OKLG-8-Sync2/OKLG-8-C6/OKLG-8-C6_20250615_183000.WAV"", ""/media/UofA/BU_Work/BayneLabWorkSpace/Katrine_workspace/AudioMothSync/OKLG-8-Sync2/OKLG-8-C7/OKLG-8-C7_20250615_183000.WAV""]","[[306182.4104, 5466378.292, 650.5595], [306218.0862, 5466376.386, 647.919], [306148.1571, 5466410.403, 660.6896], [306149.2931, 5466377.298, 652.462]]",True,True,inside_10m,2025-06-15 18:40:07.500,1253,/media/UofA/BU_Work/BayneLabWorkSpace/Katrine_workspace/Localization_per_day/OKLG-8-20250615/minspec_clips/1253.wav,True,2025-06-15 11:40:07.500,5.332691,9.162303,-3.763156,4.289809,1.964925,4,5,1
2025-06-15 18:59:58+00:00,306231.51194555324,5466449.531432174,668.6682799943502,5.726280662609181,0.1720628844840186,7,"[""D5"", ""E5"", ""C5"", ""D6"", ""E4"", ""E6"", ""C4""]","[""/media/UofA/BU_Work/BayneLabWorkSpace/Katrine_workspace/AudioMothSync/OKLG-8-Sync2/OKLG-8-D5/OKLG-8-D5_20250615_183000.WAV"", ""/media/UofA/BU_Work/BayneLabWorkSpace/Katrine_workspace/AudioMothSync/OKLG-8-Sync2/OKLG-8-E5/OKLG-8-E5_20250615_183000.WAV"", ""/media/UofA/BU_Work/BayneLabWorkSpace/Katrine_workspace/AudioMothSync/OKLG-8-Sync2/OKLG-8-C5/OKLG-8-C5_20250615_183000.WAV"", ""/media/UofA/BU_Work/BayneLabWorkSpace/Katrine_workspace/AudioMothSync/OKLG-8-Sync2/OKLG-8-D6/OKLG-8-D6_20250615_183000.WAV"", ""/media/UofA/BU_Work/BayneLabWorkSpace/Katrine_workspace/AudioMothSync/OKLG-8-Sync2/OKLG-8-E4/OKLG-8-E4_20250615_183000.WAV"", ""/media/UofA/BU_Work/BayneLabWorkSpace/Katrine_workspace/AudioMothSync/OKLG-8-Sync2/OKLG-8-E6/OKLG-8-E6_20250615_183000.WAV"", ""/media/UofA/BU_Work/BayneLabWorkSpace/Katrine_workspace/AudioMothSync/OKLG-8-Sync2/OKLG-8-C4/OKLG-8-C4_20250615_183000.WAV""]","[[306182.6993, 5466449.16, 664.3166], [306217.4541, 5466446.981, 661.48], [306147.3596, 5466445.666, 666.7585], [306182.7549, 5466414.233, 658.2178], [306216.821, 5466481.42, 669.0224], [306218.2784, 5466411.837, 654.7701], [306146.9112, 5466480.896, 672.6855]]",False,True,between_10_15m,2025-06-15 18:59:58.000,1299,/media/UofA/BU_Work/BayneLabWorkSpace/Katrine_workspace/Localization_per_day/OKLG-8-20250615/minspec_clips/1299.wav,True,2025-06-15 11:59:58.000,4.787735,-4.7671347,2.4326305,5.30072,-0.21665171,3,3,9
2025-06-15 18:59:58+00:00,306231.51194555324,5466449.531432174,668.6682799943502,5.726280662609181,0.1720628844840186,7,"[""D5"", ""E5"", ""C5"", ""D6"", ""E4"", ""E6"", ""C4""]","[""/media/UofA/BU_Work/BayneLabWorkSpace/Katrine_workspace/AudioMothSync/OKLG-8-Sync2/OKLG-8-D5/OKLG-8-D5_20250615_183000.WAV"", ""/media/UofA/BU_Work/BayneLabWorkSpace/Katrine_workspace/AudioMothSync/OKLG-8-Sync2/OKLG-8-E5/OKLG-8-E5_20250615_183000.WAV"", ""/media/UofA/BU_Work/BayneLabWorkSpace/Katrine_workspace/AudioMothSync/OKLG-8-Sync2/OKLG-8-C5/OKLG-8-C5_20250615_183000.WAV"", ""/media/UofA/BU_Work/BayneLabWorkSpace/Katrine_workspace/AudioMothSync/OKLG-8-Sync2/OKLG-8-D6/OKLG-8-D6_20250615_183000.WAV"", ""/media/UofA/BU_Work/BayneLabWorkSpace/Katrine_workspace/AudioMothSync/OKLG-8-Sync2/OKLG-8-E4/OKLG-8-E4_20250615_183000.WAV"", ""/media/UofA/BU_Work/BayneLabWorkSpace/Katrine_workspace/AudioMothSync/OKLG-8-Sync2/OKLG-8-E6/OKLG-8-E6_20250615_183000.WAV"", ""/media/UofA/BU_Work/BayneLabWorkSpace/Katrine_workspace/AudioMothSync/OKLG-8-Sync2/OKLG-8-C4/OKLG-8-C4_20250615_183000.WAV""]","[[306182.6993, 5466449.16, 664.3166], [306217.4541, 5466446.981, 661.48], [306147.3596, 5466445.666, 666.7585], [306182.7549, 5466414.233, 658.2178], [306216.821, 5466481.42, 669.0224], [306218.2784, 5466411.837, 654.7701], [306146.9112, 5466480.896, 672.6855]]",False,True,between_10_15m,2025-06-15 18:59:58.000,1299,/media/UofA/BU_Work/BayneLabWorkSpace/Katrine_workspace/Localization_per_day/OKLG-8-20250615/minspec_clips/1299.wav,True,2025-06-15 11:59:58.000,4.7877216,-4.767166,2.432644,5.300725,-0.21665856,3,3,9
2025-06-15 12:11:25.500000+00:00,306248.5133673243,5466522.020336578,677.5578503217754,0.6010487948448702,0.2203345618077687,7,"[""E4"", ""F5"", ""E3"", ""D4"", ""F3"", ""F4"", ""D5""]","[""/media/UofA/BU_Work/BayneLabWorkSpace/Katrine_workspace/AudioMothSync/OKLG-8-Sync2/OKLG-8-E4/OKLG-8-E4_20250615_120000.WAV"", ""/media/UofA/BU_Work/BayneLabWorkSpace/Katrine_workspace/AudioMothSync/OKLG-8-Sync2/OKLG-8-F5/OKLG-8-F5_20250615_120000.WAV"", ""/media/UofA/BU_Work/BayneLabWorkSpace/Katrine_workspace/AudioMothSync/OKLG-8-Sync2/OKLG-8-E3/OKLG-8-E3_20250615_120000.WAV"", ""/media/UofA/BU_Work/BayneLabWorkSpace/Katrine_workspace/AudioMothSync/OKLG-8-Sync2/OKLG-8-D4/OKLG-8-D4_20250615_120000.WAV"", ""/media/UofA/BU_Work/BayneLabWorkSpace/Katrine_workspace/AudioMothSync/OKLG-8-Sync2/OKLG-8-F3/OKLG-8-F3_20250615_120000.WAV"", ""/media/UofA/BU_Work/BayneLabWorkSpace/Katrine_workspace/AudioMothSync/OKLG-8-Sync2/OKLG-8-F4/OKLG-8-F4_20250615_120000.WAV"", ""/media/UofA/BU_Work/BayneLabWorkSpace/Katrine_workspace/AudioMothSync/OKLG-8-Sync2/OKLG-8-D5/OKLG-8-D5_20250615_120000.WAV""]","[[306216.821, 5466481.42, 669.0224], [306252.7138, 5466447.403, 661.4525], [306217.233, 5466515.538, 675.7704], [306181.8788, 5466484.067, 671.3749], [306250.0248, 5466517.354, 676.9194], [306250.9492, 5466481.06, 668.1608], [306182.6993, 5466449.16, 664.3166]]",False,True,inside_10m,2025-06-15 12:11:25.500,171,/media/UofA/BU_Work/BayneLabWorkSpace/Katrine_workspace/Localization_per_day/OKLG-8-20250615/minspec_clips/171.wav,True,2025-06-15 05:11:25.500,9.534,-9.578857,5.388676,2.7003326,4.664126,13,4,4
2025-06-15 12:54:10+00:00,306247.8277743794,5466521.366965243,677.8098309814385,0.3851575304389431,0.1759738642722368,8,"[""F4"", ""F3"", ""E3"", ""G3"", ""G4"", ""E5"", ""F5"", ""E4""]","[""/media/UofA/BU_Work/BayneLabWorkSpace/Katrine_workspace/AudioMothSync/OKLG-8-Sync2/OKLG-8-F4/OKLG-8-F4_20250615_123000.WAV"", ""/media/UofA/BU_Work/BayneLabWorkSpace/Katrine_workspace/AudioMothSync/OKLG-8-Sync2/OKLG-8-F3/OKLG-8-F3_20250615_123000.WAV"", ""/media/UofA/BU_Work/BayneLabWorkSpace/Katrine_workspace/AudioMothSync/OKLG-8-Sync2/OKLG-8-E3/OKLG-8-E3_20250615_123000.WAV"", ""/media/UofA/BU_Work/BayneLabWorkSpace/Katrine_workspace/AudioMothSync/OKLG-8-Sync2/OKLG-8-G3/OKLG-8-G3_20250615_123000.WAV"", ""/media/UofA/BU_Work/BayneLabWorkSpace/Katrine_workspace/AudioMothSync/OKLG-8-Sync2/OKLG-8-G4/OKLG-8-G4_20250615_123000.WAV"", ""/media/UofA/BU_Work/BayneLabWorkSpace/Katrine_workspace/AudioMothSync/OKLG-8-Sync2/OKLG-8-E5/OKLG-8-E5_20250615_123000.WAV"", ""/media/UofA/BU_Work/BayneLabWorkSpace/Katrine_workspace/AudioMothSync/OKLG-8-Sync2/OKLG-8-F5/OKLG-8-F5_20250615_123000.WAV"", ""/media/UofA/BU_Work/BayneLabWorkSpace/Katrine_workspace/AudioMothSync/OKLG-8-Sync2/OKLG-8-E4/OKLG-8-E4_20250615_123000.WAV""]","[[306250.9492, 5466481.06, 668.1608], [306250.0248, 5466517.354, 676.9194], [306217.233, 5466515.538, 675.7704], [306286.6237, 5466518.56, 675.3752], [306285.9765, 5466480.944, 666.9948], [306217.4541, 5466446.981, 661.48], [306252.7138, 5466447.403, 661.4525], [306216.821, 5466481.42, 669.0224]]",False,True,inside_10m,2025-06-15 12:54:10.000,325,/media/UofA/BU_Work/BayneLabWorkSpace/Katrine_workspace/Localization_per_day/OKLG-8-20250615/minspec_clips/325.wav,True,2025-06-15 05:54:10.000,8.296401,-10.179562,4.6204376,2.3246663,3.270366,13,4,4
2025-06-15 18:44:16+00:00,306170.05379832844,5466392.712385446,655.8252499564645,0.0445287401889714,0.3045680653303861,4,"[""C6"", ""C7"", ""D7"", ""B7""]","[""/media/UofA/BU_Work/BayneLabWorkSpace/Katrine_workspace/AudioMothSync/OKLG-8-Sync2/OKLG-8-C6/OKLG-8-C6_20250615_183000.WAV"", ""/media/UofA/BU_Work/BayneLabWorkSpace/Katrine_workspace/AudioMothSync/OKLG-8-Sync2/OKLG-8-C7/OKLG-8-C7_20250615_183000.WAV"", ""/media/UofA/BU_Work/BayneLabWorkSpace/Katrine_workspace/AudioMothSync/OKLG-8-Sync2/OKLG-8-D7/OKLG-8-D7_20250615_183000.WAV"", ""/media/UofA/BU_Work/BayneLabWorkSpace/Katrine_workspace/AudioMothSync/OKLG-8-Sync2/OKLG-8-B7/OKLG-8-B7_20250615_183000.WAV""]","[[306148.1571, 5466410.403, 660.6896], [306149.2931, 5466377.298, 652.462], [306182.4104, 5466378.292, 650.5595], [306110.1539, 5466376.762, 653.4109]]",False,True,between_10_15m,2025-06-15 18:44:16.000,1269,/media/UofA/BU_Work/BayneLabWorkSpace/Katrine_workspace/Localization_per_day/OKLG-8-20250615/minspec_clips/1269.wav,True,2025-06-15 11:44:16.000,-6.868201,-0.732421,-2.9228866,-2.5387866,-5.6364017,11,7,7
2025-06-15 18:44:16+00:00,306170.05379832844,5466392.712385446,655.8252499564645,0.0445287401889714,0.3045680653303861,4,"[""C6"", ""C7"", ""D7"", ""B7""]","[""/media/UofA/BU_Work/BayneLabWorkSpace/Katrine_workspace/AudioMothSync/OKLG-8-Sync2/OKLG-8-C6/OKLG-8-C6_20250615_183000.WAV"", ""/media/UofA/BU_Work/BayneLabWorkSpace/Katrine_workspace/AudioMothSync/OKLG-8-Sync2/OKLG-8-C7/OKLG-8-C7_20250615_183000.WAV"", ""/media/UofA/BU_Work/BayneLabWorkSpace/Katrine_workspace/AudioMothSync/OKLG-8-Sync2/OKLG-8-D7/OKLG-8-D7_20250615_183000.WAV"", ""/media/UofA/BU_Work/BayneLabWorkSpace/Katrine_workspace/AudioMothSync/OKLG-8-Sync2/OKLG-8-B7/OKLG-8-B7_20250615_183000.WAV""]","[[306148.1571, 5466410.403, 660.6896], [306149.2931, 5466377.298, 652.462], [306182.4104, 5466378.292, 650.5595], [306110.1539, 5466376.762, 653.4109]]",False,True,between_10_15m,2025-06-15 18:44:16.000,1269,/media/UofA/BU_Work/BayneLabWorkSpace/Katrine_workspace/Localization_per_day/OKLG-8-20250615/minspec_clips/1269.wav,True,2025-06-15 11:44:16.000,-6.869012,-0.732918,-2.732224,-2.745017,-5.6502557,11,7,7
2025-06-15 12:32:04+00:00,306098.6846654896,5466455.00723831,671.8339706934794,0.3695577869952043,0.2581680218378703,6,"[""A5"", ""A4"", ""A6"", ""B6"", ""B4"", ""B5""]","[""/media/UofA/BU_Work/BayneLabWorkSpace/Katrine_workspace/AudioMothSync/OKLG-8-Sync2/OKLG-8-A5/OKLG-8-A5_20250615_120000.WAV"", ""/media/UofA/BU_Work/BayneLabWorkSpace/Katrine_workspace/AudioMothSync/OKLG-8-Sync2/OKLG-8-A4/OKLG-8-A4_20250615_120000.WAV"", ""/media/UofA/BU_Work/BayneLabWorkSpace/Katrine_workspace/AudioMothSync/OKLG-8-Sync2/OKLG-8-A6/OKLG-8-A6_20250615_120000.WAV"", ""/media/UofA/BU_Work/BayneLabWorkSpace/Katrine_workspace/AudioMothSync/OKLG-8-Sync2/OKLG-8-B6/OKLG-8-B6_20250615_120000.WAV"", ""/media/UofA/BU_Work/BayneLabWorkSpace/Katrine_workspace/AudioMothSync/OKLG-8-Sync2/OKLG-8-B4/OKLG-8-B4_20250615_120000.WAV"", ""/media/UofA/BU_Work/BayneLabWorkSpace/Katrine_workspace/AudioMothSync/OKLG-8-Sync2/OKLG-8-B5/OKLG-8-B5_20250615_120000.WAV""]","[[306078.0093, 5466445.764, 669.6194], [306078.1234, 5466479.932, 674.0501], [306078.4509, 5466411.013, 663.0902], [306110.7534, 5466413.013, 663.04], [306111.0449, 5466482.88, 674.4223], [306111.1537, 5466446.859, 669.597]]",True,True,inside_10m,2025-06-15 12:32:04.000,225,/media/UofA/BU_Work/BayneLabWorkSpace/Katrine_workspace/Localization_per_day/OKLG-8-20250615/minspec_clips/225.wav,True,2025-06-15 05:32:04.000,-5.5122714,-12.190368,7.7501607,-1.892016,-0.5298988,10,1,2
2025-06-15 15:44:49.500000+00:00,306247.84638061817,5466521.384352061,677.0667547938141,0.2914495557941333,0.2133053706160613,7,"[""F2"", ""F1"", ""E1"", ""F3"", ""E3"", ""E2"", ""G3""]","[""/media/UofA/BU_Work/BayneLabWorkSpace/Katrine_workspace/AudioMothSync/OKLG-8-Sync2/OKLG-8-F2/OKLG-8-F2_20250615_153000.WAV"", ""/media/UofA/BU_Work/BayneLabWorkSpace/Katrine_workspace/AudioMothSync/OKLG-8-Sync2/OKLG-8-F1/OKLG-8-F1_20250615_153000.WAV"", ""/media/UofA/BU_Work/BayneLabWorkSpace/Katrine_workspace/AudioMothSync/OKLG-8-Sync2/OKLG-8-E1/OKLG-8-E1_20250615_153000.WAV"", ""/media/UofA/BU_Work/BayneLabWorkSpace/Katrine_workspace/AudioMothSync/OKLG-8-Sync2/OKLG-8-F3/OKLG-8-F3_20250615_153000.WAV"", ""/media/UofA/BU_Work/BayneLabWorkSpace/Katrine_workspace/AudioMothSync/OKLG-8-Sync2/OKLG-8-E3/OKLG-8-E3_20250615_153000.WAV"", ""/media/UofA/BU_Work/BayneLabWorkSpace/Katrine_workspace/AudioMothSync/OKLG-8-Sync2/OKLG-8-E2/OKLG-8-E2_20250615_153000.WAV"", ""/media/UofA/BU_Work/BayneLabWorkSpace/Katrine_workspace/AudioMothSync/OKLG-8-Sync2/OKLG-8-G3/OKLG-8-G3_20250615_153000.WAV""]","[[306252.7451, 5466552.269, 682.6024], [306254.0111, 5466588.298, 690.7812], [306217.3318, 5466587.32, 691.8683], [306250.0248, 5466517.354, 676.9194], [306217.233, 5466515.538, 675.7704], [306217.0531, 5466551.09, 683.3621], [306286.6237, 5466518.56, 675.3752]]",True,True,between_10_15m,2025-06-15 15:44:49.500,953,/media/UofA/BU_Work/BayneLabWorkSpace/Katrine_workspace/Localization_per_day/OKLG-8-20250615/minspec_clips/953.wav,True,2025-06-15 08:44:49.500,8.981751,0.82322603,-0.15836564,3.1423266,3.9865685,6,6,1
2025-06-15 12:35:43.500000+00:00,306178.92279421183,5466479.311552621,670.6291617082613,0.67309323781948,0.1958680186006758,9,"[""D4"", ""E3"", ""C5"", ""E4"", ""D5"", ""D3"", ""E5"", ""C4"", ""C3""]","[""/media/UofA/BU_Work/BayneLabWorkSpace/Katrine_workspace/AudioMothSync/OKLG-8-Sync2/OKLG-8-D4/OKLG-8-D4_20250615_120000.WAV"", ""/media/UofA/BU_Work/BayneLabWorkSpace/Katrine_workspace/AudioMothSync/OKLG-8-Sync2/OKLG-8-E3/OKLG-8-E3_20250615_120000.WAV"", ""/media/UofA/BU_Work/BayneLabWorkSpace/Katrine_workspace/AudioMothSync/OKLG-8-Sync2/OKLG-8-C5/OKLG-8-C5_20250615_120000.WAV"", ""/media/UofA/BU_Work/BayneLabWorkSpace/Katrine_workspace/AudioMothSync/OKLG-8-Sync2/OKLG-8-E4/OKLG-8-E4_20250615_120000.WAV"", ""/media/UofA/BU_Work/BayneLabWorkSpace/Katrine_workspace/AudioMothSync/OKLG-8-Sync2/OKLG-8-D5/OKLG-8-D5_20250615_120000.WAV"", ""/media/UofA/BU_Work/BayneLabWorkSpace/Katrine_workspace/AudioMothSync/OKLG-8-Sync2/OKLG-8-D3/OKLG-8-D3_20250615_120000.WAV"", ""/media/UofA/BU_Work/BayneLabWorkSpace/Katrine_workspace/AudioMothSync/OKLG-8-Sync2/OKLG-8-E5/OKLG-8-E5_20250615_120000.WAV"", ""/media/UofA/BU_Work/BayneLabWorkSpace/Katrine_workspace/AudioMothSync/OKLG-8-Sync2/OKLG-8-C4/OKLG-8-C4_20250615_120000.WAV"", ""/media/UofA/BU_Work/BayneLabWorkSpace/Katrine_workspace/AudioMothSync/OKLG-8-Sync2/OKLG-8-C3/OKLG-8-C3_20250615_120000.WAV""]","[[306181.8788, 5466484.067, 671.3749], [306217.233, 5466515.538, 675.7704], [306147.3596, 5466445.666, 666.7585], [306216.821, 5466481.42, 669.0224], [306182.6993, 5466449.16, 664.3166], [306182.3222, 5466520.693, 678.7913], [306217.4541, 5466446.981, 661.48], [306146.9112, 5466480.896, 672.6855], [306147.4214, 5466515.236, 678.7817]]",True,True,inside_10m,2025-06-15 12:35:43.500,240,/media/UofA/BU_Work/BayneLabWorkSpace/Katrine_workspace/Localization_per_day/OKLG-8-20250615/minspec_clips/240.wav,True,2025-06-15 05:35:43.500,-1.7668784,19.166145,-9.214783,0.87411374,-3.9323444,2,2,3
2025-06-15 17:46:19.500000+00:00,306231.44309195736,5466451.91185699,662.4855425883375,0.2403409889164043,0.1629004357382655,8,"[""F4"", ""G4"", ""E4"", ""G3"", ""F5"", ""E3"", ""F3"", ""E5""]","[""/media/UofA/BU_Work/BayneLabWorkSpace/Katrine_workspace/AudioMothSync/OKLG-8-Sync2/OKLG-8-F4/OKLG-8-F4_20250615_173000.WAV"", ""/media/UofA/BU_Work/BayneLabWorkSpace/Katrine_workspace/AudioMothSync/OKLG-8-Sync2/OKLG-8-G4/OKLG-8-G4_20250615_173000.WAV"", ""/media/UofA/BU_Work/BayneLabWorkSpace/Katrine_workspace/AudioMothSync/OKLG-8-Sync2/OKLG-8-E4/OKLG-8-E4_20250615_173000.WAV"", ""/media/UofA/BU_Work/BayneLabWorkSpace/Katrine_workspace/AudioMothSync/OKLG-8-Sync2/OKLG-8-G3/OKLG-8-G3_20250615_173000.WAV"", ""/media/UofA/BU_Work/BayneLabWorkSpace/Katrine_workspace/AudioMothSync/OKLG-8-Sync2/OKLG-8-F5/OKLG-8-F5_20250615_173000.WAV"", ""/media/UofA/BU_Work/BayneLabWorkSpace/Katrine_workspace/AudioMothSync/OKLG-8-Sync2/OKLG-8-E3/OKLG-8-E3_20250615_173000.WAV"", ""/media/UofA/BU_Work/BayneLabWorkSpace/Katrine_workspace/AudioMothSync/OKLG-8-Sync2/OKLG-8-F3/OKLG-8-F3_20250615_173000.WAV"", ""/media/UofA/BU_Work/BayneLabWorkSpace/Katrine_workspace/AudioMothSync/OKLG-8-Sync2/OKLG-8-E5/OKLG-8-E5_20250615_173000.WAV""]","[[306250.9492, 5466481.06, 668.1608], [306285.9765, 5466480.944, 666.9948], [306216.821, 5466481.42, 669.0224], [306286.6237, 5466518.56, 675.3752], [306252.7138, 5466447.403, 661.4525], [306217.233, 5466515.538, 675.7704], [306250.0248, 5466517.354, 676.9194], [306217.4541, 5466446.981, 661.48]]",True,True,between_10_15m,2025-06-15 17:46:19.500,1158,/media/UofA/BU_Work/BayneLabWorkSpace/Katrine_workspace/Localization_per_day/OKLG-8-20250615/minspec_clips/1158.wav,True,2025-06-15 10:46:19.500,10.732984,6.126846,-5.725501,1.0326945,5.048177,17,10,5
2025-06-15 17:31:49.500000+00:00,306247.95687934273,5466521.689994566,677.5154376502823,0.3483363448626462,0.1790676569300038,7,"[""E4"", ""D3"", ""F3"", ""E3"", ""F5"", ""D5"", ""F4""]","[""/media/UofA/BU_Work/BayneLabWorkSpace/Katrine_workspace/AudioMothSync/OKLG-8-Sync2/OKLG-8-E4/OKLG-8-E4_20250615_173000.WAV"", ""/media/UofA/BU_Work/BayneLabWorkSpace/Katrine_workspace/AudioMothSync/OKLG-8-Sync2/OKLG-8-D3/OKLG-8-D3_20250615_173000.WAV"", ""/media/UofA/BU_Work/BayneLabWorkSpace/Katrine_workspace/AudioMothSync/OKLG-8-Sync2/OKLG-8-F3/OKLG-8-F3_20250615_173000.WAV"", ""/media/UofA/BU_Work/BayneLabWorkSpace/Katrine_workspace/AudioMothSync/OKLG-8-Sync2/OKLG-8-E3/OKLG-8-E3_20250615_173000.WAV"", ""/media/UofA/BU_Work/BayneLabWorkSpace/Katrine_workspace/AudioMothSync/OKLG-8-Sync2/OKLG-8-F5/OKLG-8-F5_20250615_173000.WAV"", ""/media/UofA/BU_Work/BayneLabWorkSpace/Katrine_workspace/AudioMothSync/OKLG-8-Sync2/OKLG-8-D5/OKLG-8-D5_20250615_173000.WAV"", ""/media/UofA/BU_Work/BayneLabWorkSpace/Katrine_workspace/AudioMothSync/OKLG-8-Sync2/OKLG-8-F4/OKLG-8-F4_20250615_173000.WAV""]","[[306216.821, 5466481.42, 669.0224], [306182.3222, 5466520.693, 678.7913], [306250.0248, 5466517.354, 676.9194], [306217.233, 5466515.538, 675.7704], [306252.7138, 5466447.403, 661.4525], [306182.6993, 5466449.16, 664.3166], [306250.9492, 5466481.06, 668.1608]]",False,True,inside_10m,2025-06-15 17:31:49.500,1111,/media/UofA/BU_Work/BayneLabWorkSpace/Katrine_workspace/Localization_per_day/OKLG-8-20250615/minspec_clips/1111.wav,True,2025-06-15 10:31:49.500,10.082921,-8.067337,4.951466,4.4163857,5.100935,13,4,4
2025-06-15 15:56:19.500000+00:00,306248.07781918964,5466521.026812462,675.6822221777337,0.1825219909527279,0.203326063696295,8,"[""E2"", ""D1"", ""D3"", ""E3"", ""E1"", ""D2"", ""F3"", ""F2""]","[""/media/UofA/BU_Work/BayneLabWorkSpace/Katrine_workspace/AudioMothSync/OKLG-8-Sync2/OKLG-8-E2/OKLG-8-E2_20250615_153000.WAV"", ""/media/UofA/BU_Work/BayneLabWorkSpace/Katrine_workspace/AudioMothSync/OKLG-8-Sync2/OKLG-8-D1/OKLG-8-D1_20250615_153000.WAV"", ""/media/UofA/BU_Work/BayneLabWorkSpace/Katrine_workspace/AudioMothSync/OKLG-8-Sync2/OKLG-8-D3/OKLG-8-D3_20250615_153000.WAV"", ""/media/UofA/BU_Work/BayneLabWorkSpace/Katrine_workspace/AudioMothSync/OKLG-8-Sync2/OKLG-8-E3/OKLG-8-E3_20250615_153000.WAV"", ""/media/UofA/BU_Work/BayneLabWorkSpace/Katrine_workspace/AudioMothSync/OKLG-8-Sync2/OKLG-8-E1/OKLG-8-E1_20250615_153000.WAV"", ""/media/UofA/BU_Work/BayneLabWorkSpace/Katrine_workspace/AudioMothSync/OKLG-8-Sync2/OKLG-8-D2/OKLG-8-D2_20250615_153000.WAV"", ""/media/UofA/BU_Work/BayneLabWorkSpace/Katrine_workspace/AudioMothSync/OKLG-8-Sync2/OKLG-8-F3/OKLG-8-F3_20250615_153000.WAV"", ""/media/UofA/BU_Work/BayneLabWorkSpace/Katrine_workspace/AudioMothSync/OKLG-8-Sync2/OKLG-8-F2/OKLG-8-F2_20250615_153000.WAV""]","[[306217.0531, 5466551.09, 683.3621], [306180.9972, 5466588.911, 693.9689], [306182.3222, 5466520.693, 678.7913], [306217.233, 5466515.538, 675.7704], [306217.3318, 5466587.32, 691.8683], [306182.8221, 5466554.969, 686.2647], [306250.0248, 5466517.354, 676.9194], [306252.7451, 5466552.269, 682.6024]]",True,True,inside_10m,2025-06-15 15:56:19.500,999,/media/UofA/BU_Work/BayneLabWorkSpace/Katrine_workspace/Localization_per_day/OKLG-8-20250615/minspec_clips/999.wav,True,2025-06-15 08:56:19.500,-6.299934,9.181424,-0.41525167,-6.3815947,1.1799484,23,8,11
2025-06-15 17:49:19.500000+00:00,306231.56193021056,5466452.181316693,661.5401061424024,0.1166184099531648,0.2440543813364846,7,"[""E5"", ""F5"", ""D5"", ""D6"", ""E4"", ""F4"", ""D4""]","[""/media/UofA/BU_Work/BayneLabWorkSpace/Katrine_workspace/AudioMothSync/OKLG-8-Sync2/OKLG-8-E5/OKLG-8-E5_20250615_173000.WAV"", ""/media/UofA/BU_Work/BayneLabWorkSpace/Katrine_workspace/AudioMothSync/OKLG-8-Sync2/OKLG-8-F5/OKLG-8-F5_20250615_173000.WAV"", ""/media/UofA/BU_Work/BayneLabWorkSpace/Katrine_workspace/AudioMothSync/OKLG-8-Sync2/OKLG-8-D5/OKLG-8-D5_20250615_173000.WAV"", ""/media/UofA/BU_Work/BayneLabWorkSpace/Katrine_workspace/AudioMothSync/OKLG-8-Sync2/OKLG-8-D6/OKLG-8-D6_20250615_173000.WAV"", ""/media/UofA/BU_Work/BayneLabWorkSpace/Katrine_workspace/AudioMothSync/OKLG-8-Sync2/OKLG-8-E4/OKLG-8-E4_20250615_173000.WAV"", ""/media/UofA/BU_Work/BayneLabWorkSpace/Katrine_workspace/AudioMothSync/OKLG-8-Sync2/OKLG-8-F4/OKLG-8-F4_20250615_173000.WAV"", ""/media/UofA/BU_Work/BayneLabWorkSpace/Katrine_workspace/AudioMothSync/OKLG-8-Sync2/OKLG-8-D4/OKLG-8-D4_20250615_173000.WAV""]","[[306217.4541, 5466446.981, 661.48], [306252.7138, 5466447.403, 661.4525], [306182.6993, 5466449.16, 664.3166], [306182.7549, 5466414.233, 658.2178], [306216.821, 5466481.42, 669.0224], [306250.9492, 5466481.06, 668.1608], [306181.8788, 5466484.067, 671.3749]]",True,True,inside_10m,2025-06-15 17:49:19.500,1174,/media/UofA/BU_Work/BayneLabWorkSpace/Katrine_workspace/Localization_per_day/OKLG-8-20250615/minspec_clips/1174.wav,True,2025-06-15 10:49:19.500,-1.6238797,20.829395,-8.760952,-0.7356833,-4.3109365,2,2,3
2025-06-15 12:44:22+00:00,306241.35081751033,5466537.093378807,680.400867642722,2.6614783467650125,0.2355000831186771,5,"[""F1"", ""F2"", ""E2"", ""E1"", ""G1""]","[""/media/UofA/BU_Work/BayneLabWorkSpace/Katrine_workspace/AudioMothSync/OKLG-8-Sync2/OKLG-8-F1/OKLG-8-F1_20250615_123000.WAV"", ""/media/UofA/BU_Work/BayneLabWorkSpace/Katrine_workspace/AudioMothSync/OKLG-8-Sync2/OKLG-8-F2/OKLG-8-F2_20250615_123000.WAV"", ""/media/UofA/BU_Work/BayneLabWorkSpace/Katrine_workspace/AudioMothSync/OKLG-8-Sync2/OKLG-8-E2/OKLG-8-E2_20250615_123000.WAV"", ""/media/UofA/BU_Work/BayneLabWorkSpace/Katrine_workspace/AudioMothSync/OKLG-8-Sync2/OKLG-8-E1/OKLG-8-E1_20250615_123000.WAV"", ""/media/UofA/BU_Work/BayneLabWorkSpace/Katrine_workspace/AudioMothSync/OKLG-8-Sync2/OKLG-8-G1/OKLG-8-G1_20250615_123000.WAV""]","[[306254.0111, 5466588.298, 690.7812], [306252.7451, 5466552.269, 682.6024], [306217.0531, 5466551.09, 683.3621], [306217.3318, 5466587.32, 691.8683], [306287.4446, 5466588.531, 687.2285]]",False,True,between_10_15m,2025-06-15 12:44:22.000,267,/media/UofA/BU_Work/BayneLabWorkSpace/Katrine_workspace/Localization_per_day/OKLG-8-20250615/minspec_clips/267.wav,True,2025-06-15 05:44:22.000,10.307921,7.65612,-2.463824,1.5994834,5.437785,17,10,5
2025-06-15 15:29:37.500000+00:00,306248.17602326686,5466521.185330894,676.4370464358802,0.2790798382797159,0.1974740447476506,8,"[""E2"", ""D1"", ""F2"", ""E3"", ""F1"", ""D3"", ""F3"", ""E1""]","[""/media/UofA/BU_Work/BayneLabWorkSpace/Katrine_workspace/AudioMothSync/OKLG-8-Sync2/OKLG-8-E2/OKLG-8-E2_20250615_150000.WAV"", ""/media/UofA/BU_Work/BayneLabWorkSpace/Katrine_workspace/AudioMothSync/OKLG-8-Sync2/OKLG-8-D1/OKLG-8-D1_20250615_150000.WAV"", ""/media/UofA/BU_Work/BayneLabWorkSpace/Katrine_workspace/AudioMothSync/OKLG-8-Sync2/OKLG-8-F2/OKLG-8-F2_20250615_150000.WAV"", ""/media/UofA/BU_Work/BayneLabWorkSpace/Katrine_workspace/AudioMothSync/OKLG-8-Sync2/OKLG-8-E3/OKLG-8-E3_20250615_150000.WAV"", ""/media/UofA/BU_Work/BayneLabWorkSpace/Katrine_workspace/AudioMothSync/OKLG-8-Sync2/OKLG-8-F1/OKLG-8-F1_20250615_150000.WAV"", ""/media/UofA/BU_Work/BayneLabWorkSpace/Katrine_workspace/AudioMothSync/OKLG-8-Sync2/OKLG-8-D3/OKLG-8-D3_20250615_150000.WAV"", ""/media/UofA/BU_Work/BayneLabWorkSpace/Katrine_workspace/AudioMothSync/OKLG-8-Sync2/OKLG-8-F3/OKLG-8-F3_20250615_150000.WAV"", ""/media/UofA/BU_Work/BayneLabWorkSpace/Katrine_workspace/AudioMothSync/OKLG-8-Sync2/OKLG-8-E1/OKLG-8-E1_20250615_150000.WAV""]","[[306217.0531, 5466551.09, 683.3621], [306180.9972, 5466588.911, 693.9689], [306252.7451, 5466552.269, 682.6024], [306217.233, 5466515.538, 675.7704], [306254.0111, 5466588.298, 690.7812], [306182.3222, 5466520.693, 678.7913], [306250.0248, 5466517.354, 676.9194], [306217.3318, 5466587.32, 691.8683]]",True,True,inside_10m,2025-06-15 15:29:37.500,911,/media/UofA/BU_Work/BayneLabWorkSpace/Katrine_workspace/Localization_per_day/OKLG-8-20250615/minspec_clips/911.wav,True,2025-06-15 08:29:37.500,-6.472772,9.82872,0.23101293,-6.844156,0.86168754,23,8,11
2025-06-15 15:47:25.500000+00:00,306248.19899392186,5466521.320200959,675.7597569118528,0.2203082444490896,0.228705879833017,7,"[""E2"", ""D1"", ""F2"", ""E3"", ""F1"", ""D2"", ""F3""]","[""/media/UofA/BU_Work/BayneLabWorkSpace/Katrine_workspace/AudioMothSync/OKLG-8-Sync2/OKLG-8-E2/OKLG-8-E2_20250615_153000.WAV"", ""/media/UofA/BU_Work/BayneLabWorkSpace/Katrine_workspace/AudioMothSync/OKLG-8-Sync2/OKLG-8-D1/OKLG-8-D1_20250615_153000.WAV"", ""/media/UofA/BU_Work/BayneLabWorkSpace/Katrine_workspace/AudioMothSync/OKLG-8-Sync2/OKLG-8-F2/OKLG-8-F2_20250615_153000.WAV"", ""/media/UofA/BU_Work/BayneLabWorkSpace/Katrine_workspace/AudioMothSync/OKLG-8-Sync2/OKLG-8-E3/OKLG-8-E3_20250615_153000.WAV"", ""/media/UofA/BU_Work/BayneLabWorkSpace/Katrine_workspace/AudioMothSync/OKLG-8-Sync2/OKLG-8-F1/OKLG-8-F1_20250615_153000.WAV"", ""/media/UofA/BU_Work/BayneLabWorkSpace/Katrine_workspace/AudioMothSync/OKLG-8-Sync2/OKLG-8-D2/OKLG-8-D2_20250615_153000.WAV"", ""/media/UofA/BU_Work/BayneLabWorkSpace/Katrine_workspace/AudioMothSync/OKLG-8-Sync2/OKLG-8-F3/OKLG-8-F3_20250615_153000.WAV""]","[[306217.0531, 5466551.09, 683.3621], [306180.9972, 5466588.911, 693.9689], [306252.7451, 5466552.269, 682.6024], [306217.233, 5466515.538, 675.7704], [306254.0111, 5466588.298, 690.7812], [306182.8221, 5466554.969, 686.2647], [306250.0248, 5466517.354, 676.9194]]",True,True,inside_10m,2025-06-15 15:47:25.500,962,/media/UofA/BU_Work/BayneLabWorkSpace/Katrine_workspace/Localization_per_day/OKLG-8-20250615/minspec_clips/962.wav,True,2025-06-15 08:47:25.500,-0.52071863,19.857168,-9.913035,-0.6109794,-3.066169,2,2,3
2025-06-15 18:04:01.500000+00:00,306235.8387305775,5466577.316835643,691.925360394627,0.0276295433802838,0.3217097148299217,4,"[""E1"", ""F1"", ""F2"", ""E2""]","[""/media/UofA/BU_Work/BayneLabWorkSpace/Katrine_workspace/AudioMothSync/OKLG-8-Sync2/OKLG-8-E1/OKLG-8-E1_20250615_180000.WAV"", ""/media/UofA/BU_Work/BayneLabWorkSpace/Katrine_workspace/AudioMothSync/OKLG-8-Sync2/OKLG-8-F1/OKLG-8-F1_20250615_180000.WAV"", ""/media/UofA/BU_Work/BayneLabWorkSpace/Katrine_workspace/AudioMothSync/OKLG-8-Sync2/OKLG-8-F2/OKLG-8-F2_20250615_180000.WAV"", ""/media/UofA/BU_Work/BayneLabWorkSpace/Katrine_workspace/AudioMothSync/OKLG-8-Sync2/OKLG-8-E2/OKLG-8-E2_20250615_180000.WAV""]","[[306217.3318, 5466587.32, 691.8683], [306254.0111, 5466588.298, 690.7812], [306252.7451, 5466552.269, 682.6024], [306217.0531, 5466551.09, 683.3621]]",True,True,inside_10m,2025-06-15 18:04:01.500,1199,/media/UofA/BU_Work/BayneLabWorkSpace/Katrine_workspace/Localization_per_day/OKLG-8-20250615/minspec_clips/1199.wav,True,2025-06-15 11:04:01.500,-6.489439,-14.727789,8.237001,-2.1084003,-3.9497995,10,1,2
2025-06-15 17:48:13.500000+00:00,306231.81555842893,5466452.259380936,661.1213607983495,0.0749966789697537,0.2642543062567711,5,"[""D4"", ""D5"", ""C5"", ""E4"", ""E5""]","[""/media/UofA/BU_Work/BayneLabWorkSpace/Katrine_workspace/AudioMothSync/OKLG-8-Sync2/OKLG-8-D4/OKLG-8-D4_20250615_173000.WAV"", ""/media/UofA/BU_Work/BayneLabWorkSpace/Katrine_workspace/AudioMothSync/OKLG-8-Sync2/OKLG-8-D5/OKLG-8-D5_20250615_173000.WAV"", ""/media/UofA/BU_Work/BayneLabWorkSpace/Katrine_workspace/AudioMothSync/OKLG-8-Sync2/OKLG-8-C5/OKLG-8-C5_20250615_173000.WAV"", ""/media/UofA/BU_Work/BayneLabWorkSpace/Katrine_workspace/AudioMothSync/OKLG-8-Sync2/OKLG-8-E4/OKLG-8-E4_20250615_173000.WAV"", ""/media/UofA/BU_Work/BayneLabWorkSpace/Katrine_workspace/AudioMothSync/OKLG-8-Sync2/OKLG-8-E5/OKLG-8-E5_20250615_173000.WAV""]","[[306181.8788, 5466484.067, 671.3749], [306182.6993, 5466449.16, 664.3166], [306147.3596, 5466445.666, 666.7585], [306216.821, 5466481.42, 669.0224], [306217.4541, 5466446.981, 661.48]]",False,True,between_10_15m,2025-06-15 17:48:13.500,1169,/media/UofA/BU_Work/BayneLabWorkSpace/Katrine_workspace/Localization_per_day/OKLG-8-20250615/minspec_clips/1169.wav,True,2025-06-15 10:48:13.500,-1.4096761,21.575178,-9.587645,-1.0256468,-5.2209873,2,2,3
2025-06-15 12:21:19.500000+00:00,306248.0029207091,5466521.062656663,677.4188808673508,0.7468544651672162,0.1625591201914681,9,"[""F2"", ""G1"", ""F1"", ""E2"", ""G3"", ""F3"", ""G2"", ""E1"", ""E3""]","[""/media/UofA/BU_Work/BayneLabWorkSpace/Katrine_workspace/AudioMothSync/OKLG-8-Sync2/OKLG-8-F2/OKLG-8-F2_20250615_120000.WAV"", ""/media/UofA/BU_Work/BayneLabWorkSpace/Katrine_workspace/AudioMothSync/OKLG-8-Sync2/OKLG-8-G1/OKLG-8-G1_20250615_120000.WAV"", ""/media/UofA/BU_Work/BayneLabWorkSpace/Katrine_workspace/AudioMothSync/OKLG-8-Sync2/OKLG-8-F1/OKLG-8-F1_20250615_120000.WAV"", ""/media/UofA/BU_Work/BayneLabWorkSpace/Katrine_workspace/AudioMothSync/OKLG-8-Sync2/OKLG-8-E2/OKLG-8-E2_20250615_120000.WAV"", ""/media/UofA/BU_Work/BayneLabWorkSpace/Katrine_workspace/AudioMothSync/OKLG-8-Sync2/OKLG-8-G3/OKLG-8-G3_20250615_120000.WAV"", ""/media/UofA/BU_Work/BayneLabWorkSpace/Katrine_workspace/AudioMothSync/OKLG-8-Sync2/OKLG-8-F3/OKLG-8-F3_20250615_120000.WAV"", ""/media/UofA/BU_Work/BayneLabWorkSpace/Katrine_workspace/AudioMothSync/OKLG-8-Sync2/OKLG-8-G2/OKLG-8-G2_20250615_120000.WAV"", ""/media/UofA/BU_Work/BayneLabWorkSpace/Katrine_workspace/AudioMothSync/OKLG-8-Sync2/OKLG-8-E1/OKLG-8-E1_20250615_120000.WAV"", ""/media/UofA/BU_Work/BayneLabWorkSpace/Katrine_workspace/AudioMothSync/OKLG-8-Sync2/OKLG-8-E3/OKLG-8-E3_20250615_120000.WAV""]","[[306252.7451, 5466552.269, 682.6024], [306287.4446, 5466588.531, 687.2285], [306254.0111, 5466588.298, 690.7812], [306217.0531, 5466551.09, 683.3621], [306286.6237, 5466518.56, 675.3752], [306250.0248, 5466517.354, 676.9194], [306286.9994, 5466553.45, 679.9404], [306217.3318, 5466587.32, 691.8683], [306217.233, 5466515.538, 675.7704]]",True,True,between_10_15m,2025-06-15 12:21:19.500,202,/media/UofA/BU_Work/BayneLabWorkSpace/Katrine_workspace/Localization_per_day/OKLG-8-20250615/minspec_clips/202.wav,True,2025-06-15 05:21:19.500,3.2914424,13.650429,-7.638688,2.6267924,-0.3511862,5,5,10
2025-06-15 17:42:52+00:00,306231.8527114153,5466451.743349179,662.0730921441314,0.4746676290801809,0.2244839915074408,6,"[""F4"", ""F3"", ""E4"", ""E5"", ""E3"", ""F5""]","[""/media/UofA/BU_Work/BayneLabWorkSpace/Katrine_workspace/AudioMothSync/OKLG-8-Sync2/OKLG-8-F4/OKLG-8-F4_20250615_173000.WAV"", ""/media/UofA/BU_Work/BayneLabWorkSpace/Katrine_workspace/AudioMothSync/OKLG-8-Sync2/OKLG-8-F3/OKLG-8-F3_20250615_173000.WAV"", ""/media/UofA/BU_Work/BayneLabWorkSpace/Katrine_workspace/AudioMothSync/OKLG-8-Sync2/OKLG-8-E4/OKLG-8-E4_20250615_173000.WAV"", ""/media/UofA/BU_Work/BayneLabWorkSpace/Katrine_workspace/AudioMothSync/OKLG-8-Sync2/OKLG-8-E5/OKLG-8-E5_20250615_173000.WAV"", ""/media/UofA/BU_Work/BayneLabWorkSpace/Katrine_workspace/AudioMothSync/OKLG-8-Sync2/OKLG-8-E3/OKLG-8-E3_20250615_173000.WAV"", ""/media/UofA/BU_Work/BayneLabWorkSpace/Katrine_workspace/AudioMothSync/OKLG-8-Sync2/OKLG-8-F5/OKLG-8-F5_20250615_173000.WAV""]","[[306250.9492, 5466481.06, 668.1608], [306250.0248, 5466517.354, 676.9194], [306216.821, 5466481.42, 669.0224], [306217.4541, 5466446.981, 661.48], [306217.233, 5466515.538, 675.7704], [306252.7138, 5466447.403, 661.4525]]",True,True,between_10_15m,2025-06-15 17:42:52.000,1153,/media/UofA/BU_Work/BayneLabWorkSpace/Katrine_workspace/Localization_per_day/OKLG-8-20250615/minspec_clips/1153.wav,True,2025-06-15 10:42:52.000,10.918466,4.6942067,-5.601376,0.08619064,6.5869675,17,10,5
2025-06-15 17:38:16+00:00,306248.1413127306,5466521.456129656,675.3303198884297,0.1339990389002298,0.2676807813346386,5,"[""F2"", ""E3"", ""F1"", ""E2"", ""F3""]","[""/media/UofA/BU_Work/BayneLabWorkSpace/Katrine_workspace/AudioMothSync/OKLG-8-Sync2/OKLG-8-F2/OKLG-8-F2_20250615_170000.WAV"", ""/media/UofA/BU_Work/BayneLabWorkSpace/Katrine_workspace/AudioMothSync/OKLG-8-Sync2/OKLG-8-E3/OKLG-8-E3_20250615_170000.WAV"", ""/media/UofA/BU_Work/BayneLabWorkSpace/Katrine_workspace/AudioMothSync/OKLG-8-Sync2/OKLG-8-F1/OKLG-8-F1_20250615_170000.WAV"", ""/media/UofA/BU_Work/BayneLabWorkSpace/Katrine_workspace/AudioMothSync/OKLG-8-Sync2/OKLG-8-E2/OKLG-8-E2_20250615_170000.WAV"", ""/media/UofA/BU_Work/BayneLabWorkSpace/Katrine_workspace/AudioMothSync/OKLG-8-Sync2/OKLG-8-F3/OKLG-8-F3_20250615_170000.WAV""]","[[306252.7451, 5466552.269, 682.6024], [306217.233, 5466515.538, 675.7704], [306254.0111, 5466588.298, 690.7812], [306217.0531, 5466551.09, 683.3621], [306250.0248, 5466517.354, 676.9194]]",True,True,inside_10m,2025-06-15 17:38:16.000,1136,/media/UofA/BU_Work/BayneLabWorkSpace/Katrine_workspace/Localization_per_day/OKLG-8-20250615/minspec_clips/1136.wav,True,2025-06-15 10:38:16.000,-6.8557477,-11.672972,10.3804035,-3.0167081,-2.0745149,10,1,2
2025-06-15 14:27:13.500000+00:00,306248.1368550036,5466520.963562966,676.5732361098749,0.3740565798851808,0.2326068663969636,8,"[""E2"", ""E3"", ""E1"", ""F2"", ""D3"", ""F1"", ""D2"", ""F3""]","[""/media/UofA/BU_Work/BayneLabWorkSpace/Katrine_workspace/AudioMothSync/OKLG-8-Sync2/OKLG-8-E2/OKLG-8-E2_20250615_140000.WAV"", ""/media/UofA/BU_Work/BayneLabWorkSpace/Katrine_workspace/AudioMothSync/OKLG-8-Sync2/OKLG-8-E3/OKLG-8-E3_20250615_140000.WAV"", ""/media/UofA/BU_Work/BayneLabWorkSpace/Katrine_workspace/AudioMothSync/OKLG-8-Sync2/OKLG-8-E1/OKLG-8-E1_20250615_140000.WAV"", ""/media/UofA/BU_Work/BayneLabWorkSpace/Katrine_workspace/AudioMothSync/OKLG-8-Sync2/OKLG-8-F2/OKLG-8-F2_20250615_140000.WAV"", ""/media/UofA/BU_Work/BayneLabWorkSpace/Katrine_workspace/AudioMothSync/OKLG-8-Sync2/OKLG-8-D3/OKLG-8-D3_20250615_140000.WAV"", ""/media/UofA/BU_Work/BayneLabWorkSpace/Katrine_workspace/AudioMothSync/OKLG-8-Sync2/OKLG-8-F1/OKLG-8-F1_20250615_140000.WAV"", ""/media/UofA/BU_Work/BayneLabWorkSpace/Katrine_workspace/AudioMothSync/OKLG-8-Sync2/OKLG-8-D2/OKLG-8-D2_20250615_140000.WAV"", ""/media/UofA/BU_Work/BayneLabWorkSpace/Katrine_workspace/AudioMothSync/OKLG-8-Sync2/OKLG-8-F3/OKLG-8-F3_20250615_140000.WAV""]","[[306217.0531, 5466551.09, 683.3621], [306217.233, 5466515.538, 675.7704], [306217.3318, 5466587.32, 691.8683], [306252.7451, 5466552.269, 682.6024], [306182.3222, 5466520.693, 678.7913], [306254.0111, 5466588.298, 690.7812], [306182.8221, 5466554.969, 686.2647], [306250.0248, 5466517.354, 676.9194]]",True,True,inside_10m,2025-06-15 14:27:13.500,676,/media/UofA/BU_Work/BayneLabWorkSpace/Katrine_workspace/Localization_per_day/OKLG-8-20250615/minspec_clips/676.wav,True,2025-06-15 07:27:13.500,8.809948,-9.330536,5.413582,3.0644174,3.4987555,13,4,4
2025-06-15 14:27:13.500000+00:00,306248.1368550036,5466520.963562966,676.5732361098749,0.3740565798851808,0.2326068663969636,8,"[""E2"", ""E3"", ""E1"", ""F2"", ""D3"", ""F1"", ""D2"", ""F3""]","[""/media/UofA/BU_Work/BayneLabWorkSpace/Katrine_workspace/AudioMothSync/OKLG-8-Sync2/OKLG-8-E2/OKLG-8-E2_20250615_140000.WAV"", ""/media/UofA/BU_Work/BayneLabWorkSpace/Katrine_workspace/AudioMothSync/OKLG-8-Sync2/OKLG-8-E3/OKLG-8-E3_20250615_140000.WAV"", ""/media/UofA/BU_Work/BayneLabWorkSpace/Katrine_workspace/AudioMothSync/OKLG-8-Sync2/OKLG-8-E1/OKLG-8-E1_20250615_140000.WAV"", ""/media/UofA/BU_Work/BayneLabWorkSpace/Katrine_workspace/AudioMothSync/OKLG-8-Sync2/OKLG-8-F2/OKLG-8-F2_20250615_140000.WAV"", ""/media/UofA/BU_Work/BayneLabWorkSpace/Katrine_workspace/AudioMothSync/OKLG-8-Sync2/OKLG-8-D3/OKLG-8-D3_20250615_140000.WAV"", ""/media/UofA/BU_Work/BayneLabWorkSpace/Katrine_workspace/AudioMothSync/OKLG-8-Sync2/OKLG-8-F1/OKLG-8-F1_20250615_140000.WAV"", ""/media/UofA/BU_Work/BayneLabWorkSpace/Katrine_workspace/AudioMothSync/OKLG-8-Sync2/OKLG-8-D2/OKLG-8-D2_20250615_140000.WAV"", ""/media/UofA/BU_Work/BayneLabWorkSpace/Katrine_workspace/AudioMothSync/OKLG-8-Sync2/OKLG-8-F3/OKLG-8-F3_20250615_140000.WAV""]","[[306217.0531, 5466551.09, 683.3621], [306217.233, 5466515.538, 675.7704], [306217.3318, 5466587.32, 691.8683], [306252.7451, 5466552.269, 682.6024], [306182.3222, 5466520.693, 678.7913], [306254.0111, 5466588.298, 690.7812], [306182.8221, 5466554.969, 686.2647], [306250.0248, 5466517.354, 676.9194]]",True,True,inside_10m,2025-06-15 14:27:13.500,676,/media/UofA/BU_Work/BayneLabWorkSpace/Katrine_workspace/Localization_per_day/OKLG-8-20250615/minspec_clips/676.wav,True,2025-06-15 07:27:13.500,8.809948,-9.330537,5.4151254,3.0761025,3.5021563,13,4,4
2025-06-15 15:46:22+00:00,306248.0695068625,5466521.302850056,676.4663390565831,0.1276220515342184,0.2713715843856334,5,"[""E2"", ""F2"", ""F3"", ""F1"", ""E3""]","[""/media/UofA/BU_Work/BayneLabWorkSpace/Katrine_workspace/AudioMothSync/OKLG-8-Sync2/OKLG-8-E2/OKLG-8-E2_20250615_153000.WAV"", ""/media/UofA/BU_Work/BayneLabWorkSpace/Katrine_workspace/AudioMothSync/OKLG-8-Sync2/OKLG-8-F2/OKLG-8-F2_20250615_153000.WAV"", ""/media/UofA/BU_Work/BayneLabWorkSpace/Katrine_workspace/AudioMothSync/OKLG-8-Sync2/OKLG-8-F3/OKLG-8-F3_20250615_153000.WAV"", ""/media/UofA/BU_Work/BayneLabWorkSpace/Katrine_workspace/AudioMothSync/OKLG-8-Sync2/OKLG-8-F1/OKLG-8-F1_20250615_153000.WAV"", ""/media/UofA/BU_Work/BayneLabWorkSpace/Katrine_workspace/AudioMothSync/OKLG-8-Sync2/OKLG-8-E3/OKLG-8-E3_20250615_153000.WAV""]","[[306217.0531, 5466551.09, 683.3621], [306252.7451, 5466552.269, 682.6024], [306250.0248, 5466517.354, 676.9194], [306254.0111, 5466588.298, 690.7812], [306217.233, 5466515.538, 675.7704]]",True,True,inside_10m,2025-06-15 15:46:22.000,958,/media/UofA/BU_Work/BayneLabWorkSpace/Katrine_workspace/Localization_per_day/OKLG-8-20250615/minspec_clips/958.wav,True,2025-06-15 08:46:22.000,-1.0443354,19.40149,-8.928413,-0.13627255,-3.5323117,2,2,3
2025-06-15 17:39:10+00:00,306248.1088129657,5466521.48882777,675.7216989304039,0.1292373895010451,0.2749395370483398,5,"[""F2"", ""F3"", ""F1"", ""E3"", ""E2""]","[""/media/UofA/BU_Work/BayneLabWorkSpace/Katrine_workspace/AudioMothSync/OKLG-8-Sync2/OKLG-8-F2/OKLG-8-F2_20250615_170000.WAV"", ""/media/UofA/BU_Work/BayneLabWorkSpace/Katrine_workspace/AudioMothSync/OKLG-8-Sync2/OKLG-8-F3/OKLG-8-F3_20250615_170000.WAV"", ""/media/UofA/BU_Work/BayneLabWorkSpace/Katrine_workspace/AudioMothSync/OKLG-8-Sync2/OKLG-8-F1/OKLG-8-F1_20250615_170000.WAV"", ""/media/UofA/BU_Work/BayneLabWorkSpace/Katrine_workspace/AudioMothSync/OKLG-8-Sync2/OKLG-8-E3/OKLG-8-E3_20250615_170000.WAV"", ""/media/UofA/BU_Work/BayneLabWorkSpace/Katrine_workspace/AudioMothSync/OKLG-8-Sync2/OKLG-8-E2/OKLG-8-E2_20250615_170000.WAV""]","[[306252.7451, 5466552.269, 682.6024], [306250.0248, 5466517.354, 676.9194], [306254.0111, 5466588.298, 690.7812], [306217.233, 5466515.538, 675.7704], [306217.0531, 5466551.09, 683.3621]]",True,True,inside_10m,2025-06-15 17:39:10.000,1145,/media/UofA/BU_Work/BayneLabWorkSpace/Katrine_workspace/Localization_per_day/OKLG-8-20250615/minspec_clips/1145.wav,True,2025-06-15 10:39:10.000,-8.368208,-9.80541,10.506311,-4.242071,0.5460688,10,1,2
2025-06-15 18:45:10+00:00,306170.38142262213,5466418.157899601,659.7687242358501,0.0832971405376961,0.2695640064775944,5,"[""E6"", ""D6"", ""D5"", ""F5"", ""E5""]","[""/media/UofA/BU_Work/BayneLabWorkSpace/Katrine_workspace/AudioMothSync/OKLG-8-Sync2/OKLG-8-E6/OKLG-8-E6_20250615_183000.WAV"", ""/media/UofA/BU_Work/BayneLabWorkSpace/Katrine_workspace/AudioMothSync/OKLG-8-Sync2/OKLG-8-D6/OKLG-8-D6_20250615_183000.WAV"", ""/media/UofA/BU_Work/BayneLabWorkSpace/Katrine_workspace/AudioMothSync/OKLG-8-Sync2/OKLG-8-D5/OKLG-8-D5_20250615_183000.WAV"", ""/media/UofA/BU_Work/BayneLabWorkSpace/Katrine_workspace/AudioMothSync/OKLG-8-Sync2/OKLG-8-F5/OKLG-8-F5_20250615_183000.WAV"", ""/media/UofA/BU_Work/BayneLabWorkSpace/Katrine_workspace/AudioMothSync/OKLG-8-Sync2/OKLG-8-E5/OKLG-8-E5_20250615_183000.WAV""]","[[306218.2784, 5466411.837, 654.7701], [306182.7549, 5466414.233, 658.2178], [306182.6993, 5466449.16, 664.3166], [306252.7138, 5466447.403, 661.4525], [306217.4541, 5466446.981, 661.48]]",False,True,between_10_15m,2025-06-15 18:45:10.000,1274,/media/UofA/BU_Work/BayneLabWorkSpace/Katrine_workspace/Localization_per_day/OKLG-8-20250615/minspec_clips/1274.wav,True,2025-06-15 11:45:10.000,-4.557398,5.7603197,-3.512674,-4.336311,1.1531272,21,8,11
2025-06-15 18:45:10+00:00,306170.38142262213,5466418.157899601,659.7687242358501,0.0832971405376961,0.2695640064775944,5,"[""E6"", ""D6"", ""D5"", ""F5"", ""E5""]","[""/media/UofA/BU_Work/BayneLabWorkSpace/Katrine_workspace/AudioMothSync/OKLG-8-Sync2/OKLG-8-E6/OKLG-8-E6_20250615_183000.WAV"", ""/media/UofA/BU_Work/BayneLabWorkSpace/Katrine_workspace/AudioMothSync/OKLG-8-Sync2/OKLG-8-D6/OKLG-8-D6_20250615_183000.WAV"", ""/media/UofA/BU_Work/BayneLabWorkSpace/Katrine_workspace/AudioMothSync/OKLG-8-Sync2/OKLG-8-D5/OKLG-8-D5_20250615_183000.WAV"", ""/media/UofA/BU_Work/BayneLabWorkSpace/Katrine_workspace/AudioMothSync/OKLG-8-Sync2/OKLG-8-F5/OKLG-8-F5_20250615_183000.WAV"", ""/media/UofA/BU_Work/BayneLabWorkSpace/Katrine_workspace/AudioMothSync/OKLG-8-Sync2/OKLG-8-E5/OKLG-8-E5_20250615_183000.WAV""]","[[306218.2784, 5466411.837, 654.7701], [306182.7549, 5466414.233, 658.2178], [306182.6993, 5466449.16, 664.3166], [306252.7138, 5466447.403, 661.4525], [306217.4541, 5466446.981, 661.48]]",False,True,between_10_15m,2025-06-15 18:45:10.000,1274,/media/UofA/BU_Work/BayneLabWorkSpace/Katrine_workspace/Localization_per_day/OKLG-8-20250615/minspec_clips/1274.wav,True,2025-06-15 11:45:10.000,-4.557398,5.7603197,-3.512674,-4.336311,1.1531272,21,8,11
2025-06-15 16:30:07.500000+00:00,306184.3460802677,5466535.527314287,682.3070337491282,0.230528730007682,0.2048649167908089,7,"[""D2"", ""C3"", ""E3"", ""D3"", ""D1"", ""C1"", ""C2""]","[""/media/UofA/BU_Work/BayneLabWorkSpace/Katrine_workspace/AudioMothSync/OKLG-8-Sync2/OKLG-8-D2/OKLG-8-D2_20250615_163000.WAV"", ""/media/UofA/BU_Work/BayneLabWorkSpace/Katrine_workspace/AudioMothSync/OKLG-8-Sync2/OKLG-8-C3/OKLG-8-C3_20250615_163000.WAV"", ""/media/UofA/BU_Work/BayneLabWorkSpace/Katrine_workspace/AudioMothSync/OKLG-8-Sync2/OKLG-8-E3/OKLG-8-E3_20250615_163000.WAV"", ""/media/UofA/BU_Work/BayneLabWorkSpace/Katrine_workspace/AudioMothSync/OKLG-8-Sync2/OKLG-8-D3/OKLG-8-D3_20250615_163000.WAV"", ""/media/UofA/BU_Work/BayneLabWorkSpace/Katrine_workspace/AudioMothSync/OKLG-8-Sync2/OKLG-8-D1/OKLG-8-D1_20250615_163000.WAV"", ""/media/UofA/BU_Work/BayneLabWorkSpace/Katrine_workspace/AudioMothSync/OKLG-8-Sync2/OKLG-8-C1/OKLG-8-C1_20250615_163000.WAV"", ""/media/UofA/BU_Work/BayneLabWorkSpace/Katrine_workspace/AudioMothSync/OKLG-8-Sync2/OKLG-8-C2/OKLG-8-C2_20250615_163000.WAV""]","[[306182.8221, 5466554.969, 686.2647], [306147.4214, 5466515.236, 678.7817], [306217.233, 5466515.538, 675.7704], [306182.3222, 5466520.693, 678.7913], [306180.9972, 5466588.911, 693.9689], [306147.1555, 5466586.577, 693.7995], [306145.8727, 5466552.258, 686.3517]]",True,True,inside_10m,2025-06-15 16:30:07.500,1045,/media/UofA/BU_Work/BayneLabWorkSpace/Katrine_workspace/Localization_per_day/OKLG-8-20250615/minspec_clips/1045.wav,True,2025-06-15 09:30:07.500,6.957563,5.3986793,-4.2011967,0.2415516,3.0779164,17,10,5
2025-06-15 14:56:19.500000+00:00,306248.03843699367,5466521.053519133,677.0091696961529,0.3676268133801094,0.205744454903262,7,"[""F2"", ""E3"", ""G3"", ""F3"", ""F1"", ""E1"", ""E2""]","[""/media/UofA/BU_Work/BayneLabWorkSpace/Katrine_workspace/AudioMothSync/OKLG-8-Sync2/OKLG-8-F2/OKLG-8-F2_20250615_143000.WAV"", ""/media/UofA/BU_Work/BayneLabWorkSpace/Katrine_workspace/AudioMothSync/OKLG-8-Sync2/OKLG-8-E3/OKLG-8-E3_20250615_143000.WAV"", ""/media/UofA/BU_Work/BayneLabWorkSpace/Katrine_workspace/AudioMothSync/OKLG-8-Sync2/OKLG-8-G3/OKLG-8-G3_20250615_143000.WAV"", ""/media/UofA/BU_Work/BayneLabWorkSpace/Katrine_workspace/AudioMothSync/OKLG-8-Sync2/OKLG-8-F3/OKLG-8-F3_20250615_143000.WAV"", ""/media/UofA/BU_Work/BayneLabWorkSpace/Katrine_workspace/AudioMothSync/OKLG-8-Sync2/OKLG-8-F1/OKLG-8-F1_20250615_143000.WAV"", ""/media/UofA/BU_Work/BayneLabWorkSpace/Katrine_workspace/AudioMothSync/OKLG-8-Sync2/OKLG-8-E1/OKLG-8-E1_20250615_143000.WAV"", ""/media/UofA/BU_Work/BayneLabWorkSpace/Katrine_workspace/AudioMothSync/OKLG-8-Sync2/OKLG-8-E2/OKLG-8-E2_20250615_143000.WAV""]","[[306252.7451, 5466552.269, 682.6024], [306217.233, 5466515.538, 675.7704], [306286.6237, 5466518.56, 675.3752], [306250.0248, 5466517.354, 676.9194], [306254.0111, 5466588.298, 690.7812], [306217.3318, 5466587.32, 691.8683], [306217.0531, 5466551.09, 683.3621]]",True,True,inside_10m,2025-06-15 14:56:19.500,786,/media/UofA/BU_Work/BayneLabWorkSpace/Katrine_workspace/Localization_per_day/OKLG-8-20250615/minspec_clips/786.wav,True,2025-06-15 07:56:19.500,-3.2570434,-19.999847,5.393124,0.55579406,-6.8015485,0,0,8
2025-06-15 11:25:43.500000+00:00,306242.2963524157,5466575.563022625,688.2772543371508,0.5056074474181668,0.1581173580553796,9,"[""F2"", ""F1"", ""E3"", ""F3"", ""E1"", ""G1"", ""E2"", ""G2"", ""G3""]","[""/media/UofA/BU_Work/BayneLabWorkSpace/Katrine_workspace/AudioMothSync/OKLG-8-Sync2/OKLG-8-F2/OKLG-8-F2_20250615_110000.WAV"", ""/media/UofA/BU_Work/BayneLabWorkSpace/Katrine_workspace/AudioMothSync/OKLG-8-Sync2/OKLG-8-F1/OKLG-8-F1_20250615_110000.WAV"", ""/media/UofA/BU_Work/BayneLabWorkSpace/Katrine_workspace/AudioMothSync/OKLG-8-Sync2/OKLG-8-E3/OKLG-8-E3_20250615_110000.WAV"", ""/media/UofA/BU_Work/BayneLabWorkSpace/Katrine_workspace/AudioMothSync/OKLG-8-Sync2/OKLG-8-F3/OKLG-8-F3_20250615_110000.WAV"", ""/media/UofA/BU_Work/BayneLabWorkSpace/Katrine_workspace/AudioMothSync/OKLG-8-Sync2/OKLG-8-E1/OKLG-8-E1_20250615_110000.WAV"", ""/media/UofA/BU_Work/BayneLabWorkSpace/Katrine_workspace/AudioMothSync/OKLG-8-Sync2/OKLG-8-G1/OKLG-8-G1_20250615_110000.WAV"", ""/media/UofA/BU_Work/BayneLabWorkSpace/Katrine_workspace/AudioMothSync/OKLG-8-Sync2/OKLG-8-E2/OKLG-8-E2_20250615_110000.WAV"", ""/media/UofA/BU_Work/BayneLabWorkSpace/Katrine_workspace/AudioMothSync/OKLG-8-Sync2/OKLG-8-G2/OKLG-8-G2_20250615_110000.WAV"", ""/media/UofA/BU_Work/BayneLabWorkSpace/Katrine_workspace/AudioMothSync/OKLG-8-Sync2/OKLG-8-G3/OKLG-8-G3_20250615_110000.WAV""]","[[306252.7451, 5466552.269, 682.6024], [306254.0111, 5466588.298, 690.7812], [306217.233, 5466515.538, 675.7704], [306250.0248, 5466517.354, 676.9194], [306217.3318, 5466587.32, 691.8683], [306287.4446, 5466588.531, 687.2285], [306217.0531, 5466551.09, 683.3621], [306286.9994, 5466553.45, 679.9404], [306286.6237, 5466518.56, 675.3752]]",True,True,inside_10m,2025-06-15 11:25:43.500,5,/media/UofA/BU_Work/BayneLabWorkSpace/Katrine_workspace/Localization_per_day/OKLG-8-20250615/minspec_clips/5.wav,True,2025-06-15 04:25:43.500,-7.7360935,7.109989,-2.565223,-8.512969,1.9262782,24,8,11
2025-06-15 11:47:19.500000+00:00,306178.1735029983,5466479.494144157,669.8954280543151,0.5004070659064169,0.1824169652536511,8,"[""E5"", ""F5"", ""D4"", ""D5"", ""F4"", ""E6"", ""E4"", ""D6""]","[""/media/UofA/BU_Work/BayneLabWorkSpace/Katrine_workspace/AudioMothSync/OKLG-8-Sync2/OKLG-8-E5/OKLG-8-E5_20250615_113000.WAV"", ""/media/UofA/BU_Work/BayneLabWorkSpace/Katrine_workspace/AudioMothSync/OKLG-8-Sync2/OKLG-8-F5/OKLG-8-F5_20250615_113000.WAV"", ""/media/UofA/BU_Work/BayneLabWorkSpace/Katrine_workspace/AudioMothSync/OKLG-8-Sync2/OKLG-8-D4/OKLG-8-D4_20250615_113000.WAV"", ""/media/UofA/BU_Work/BayneLabWorkSpace/Katrine_workspace/AudioMothSync/OKLG-8-Sync2/OKLG-8-D5/OKLG-8-D5_20250615_113000.WAV"", ""/media/UofA/BU_Work/BayneLabWorkSpace/Katrine_workspace/AudioMothSync/OKLG-8-Sync2/OKLG-8-F4/OKLG-8-F4_20250615_113000.WAV"", ""/media/UofA/BU_Work/BayneLabWorkSpace/Katrine_workspace/AudioMothSync/OKLG-8-Sync2/OKLG-8-E6/OKLG-8-E6_20250615_113000.WAV"", ""/media/UofA/BU_Work/BayneLabWorkSpace/Katrine_workspace/AudioMothSync/OKLG-8-Sync2/OKLG-8-E4/OKLG-8-E4_20250615_113000.WAV"", ""/media/UofA/BU_Work/BayneLabWorkSpace/Katrine_workspace/AudioMothSync/OKLG-8-Sync2/OKLG-8-D6/OKLG-8-D6_20250615_113000.WAV""]","[[306217.4541, 5466446.981, 661.48], [306252.7138, 5466447.403, 661.4525], [306181.8788, 5466484.067, 671.3749], [306182.6993, 5466449.16, 664.3166], [306250.9492, 5466481.06, 668.1608], [306218.2784, 5466411.837, 654.7701], [306216.821, 5466481.42, 669.0224], [306182.7549, 5466414.233, 658.2178]]",False,True,inside_10m,2025-06-15 11:47:19.500,86,/media/UofA/BU_Work/BayneLabWorkSpace/Katrine_workspace/Localization_per_day/OKLG-8-20250615/minspec_clips/86.wav,True,2025-06-15 04:47:19.500,-1.985773,20.161356,-10.600232,0.3400386,-4.489119,2,2,3
2025-06-15 15:03:34+00:00,306248.1662880626,5466521.248860344,676.1909849975168,0.3598887547235997,0.1898280554451048,8,"[""E2"", ""F2"", ""E3"", ""D1"", ""F1"", ""F3"", ""D3"", ""E1""]","[""/media/UofA/BU_Work/BayneLabWorkSpace/Katrine_workspace/AudioMothSync/OKLG-8-Sync2/OKLG-8-E2/OKLG-8-E2_20250615_150000.WAV"", ""/media/UofA/BU_Work/BayneLabWorkSpace/Katrine_workspace/AudioMothSync/OKLG-8-Sync2/OKLG-8-F2/OKLG-8-F2_20250615_150000.WAV"", ""/media/UofA/BU_Work/BayneLabWorkSpace/Katrine_workspace/AudioMothSync/OKLG-8-Sync2/OKLG-8-E3/OKLG-8-E3_20250615_150000.WAV"", ""/media/UofA/BU_Work/BayneLabWorkSpace/Katrine_workspace/AudioMothSync/OKLG-8-Sync2/OKLG-8-D1/OKLG-8-D1_20250615_150000.WAV"", ""/media/UofA/BU_Work/BayneLabWorkSpace/Katrine_workspace/AudioMothSync/OKLG-8-Sync2/OKLG-8-F1/OKLG-8-F1_20250615_150000.WAV"", ""/media/UofA/BU_Work/BayneLabWorkSpace/Katrine_workspace/AudioMothSync/OKLG-8-Sync2/OKLG-8-F3/OKLG-8-F3_20250615_150000.WAV"", ""/media/UofA/BU_Work/BayneLabWorkSpace/Katrine_workspace/AudioMothSync/OKLG-8-Sync2/OKLG-8-D3/OKLG-8-D3_20250615_150000.WAV"", ""/media/UofA/BU_Work/BayneLabWorkSpace/Katrine_workspace/AudioMothSync/OKLG-8-Sync2/OKLG-8-E1/OKLG-8-E1_20250615_150000.WAV""]","[[306217.0531, 5466551.09, 683.3621], [306252.7451, 5466552.269, 682.6024], [306217.233, 5466515.538, 675.7704], [306180.9972, 5466588.911, 693.9689], [306254.0111, 5466588.298, 690.7812], [306250.0248, 5466517.354, 676.9194], [306182.3222, 5466520.693, 678.7913], [306217.3318, 5466587.32, 691.8683]]",True,True,inside_10m,2025-06-15 15:03:34.000,811,/media/UofA/BU_Work/BayneLabWorkSpace/Katrine_workspace/Localization_per_day/OKLG-8-20250615/minspec_clips/811.wav,True,2025-06-15 08:03:34.000,-6.862682,9.617661,-0.23075837,-7.088526,0.32565457,23,8,11
2025-06-15 18:41:34+00:00,306247.6246654716,5466520.738200107,677.7549132643275,0.0550760971392186,0.2896467745304107,5,"[""F3"", ""E3"", ""E2"", ""E4"", ""F4""]","[""/media/UofA/BU_Work/BayneLabWorkSpace/Katrine_workspace/AudioMothSync/OKLG-8-Sync2/OKLG-8-F3/OKLG-8-F3_20250615_183000.WAV"", ""/media/UofA/BU_Work/BayneLabWorkSpace/Katrine_workspace/AudioMothSync/OKLG-8-Sync2/OKLG-8-E3/OKLG-8-E3_20250615_183000.WAV"", ""/media/UofA/BU_Work/BayneLabWorkSpace/Katrine_workspace/AudioMothSync/OKLG-8-Sync2/OKLG-8-E2/OKLG-8-E2_20250615_183000.WAV"", ""/media/UofA/BU_Work/BayneLabWorkSpace/Katrine_workspace/AudioMothSync/OKLG-8-Sync2/OKLG-8-E4/OKLG-8-E4_20250615_183000.WAV"", ""/media/UofA/BU_Work/BayneLabWorkSpace/Katrine_workspace/AudioMothSync/OKLG-8-Sync2/OKLG-8-F4/OKLG-8-F4_20250615_183000.WAV""]","[[306250.0248, 5466517.354, 676.9194], [306217.233, 5466515.538, 675.7704], [306217.0531, 5466551.09, 683.3621], [306216.821, 5466481.42, 669.0224], [306250.9492, 5466481.06, 668.1608]]",False,True,inside_10m,2025-06-15 18:41:34.000,1258,/media/UofA/BU_Work/BayneLabWorkSpace/Katrine_workspace/Localization_per_day/OKLG-8-20250615/minspec_clips/1258.wav,True,2025-06-15 11:41:34.000,-7.591393,-14.466027,9.282495,-2.7231855,-4.11973,10,1,2
2025-06-15 16:47:49.500000+00:00,306232.8493026487,5466402.569332538,651.9179374952254,0.1346415696670324,0.2767357351258397,4,"[""E6"", ""F7"", ""D5"", ""D6""]","[""/media/UofA/BU_Work/BayneLabWorkSpace/Katrine_workspace/AudioMothSync/OKLG-8-Sync2/OKLG-8-E6/OKLG-8-E6_20250615_163000.WAV"", ""/media/UofA/BU_Work/BayneLabWorkSpace/Katrine_workspace/AudioMothSync/OKLG-8-Sync2/OKLG-8-F7/OKLG-8-F7_20250615_163000.WAV"", ""/media/UofA/BU_Work/BayneLabWorkSpace/Katrine_workspace/AudioMothSync/OKLG-8-Sync2/OKLG-8-D5/OKLG-8-D5_20250615_163000.WAV"", ""/media/UofA/BU_Work/BayneLabWorkSpace/Katrine_workspace/AudioMothSync/OKLG-8-Sync2/OKLG-8-D6/OKLG-8-D6_20250615_163000.WAV""]","[[306218.2784, 5466411.837, 654.7701], [306252.6819, 5466376.297, 646.3673], [306182.6993, 5466449.16, 664.3166], [306182.7549, 5466414.233, 658.2178]]",False,True,inside_10m,2025-06-15 16:47:49.500,1069,/media/UofA/BU_Work/BayneLabWorkSpace/Katrine_workspace/Localization_per_day/OKLG-8-20250615/minspec_clips/1069.wav,True,2025-06-15 09:47:49.500,0.72980493,5.891698,-2.1730583,0.6572445,-2.1501744,15,9,6
2025-06-15 12:01:07.500000+00:00,306179.06142681127,5466478.450583245,670.4387783905029,0.863909781283864,0.1824714168906211,8,"[""C3"", ""D4"", ""D3"", ""C4"", ""D2"", ""B3"", ""B4"", ""B2""]","[""/media/UofA/BU_Work/BayneLabWorkSpace/Katrine_workspace/AudioMothSync/OKLG-8-Sync2/OKLG-8-C3/OKLG-8-C3_20250615_113000.WAV"", ""/media/UofA/BU_Work/BayneLabWorkSpace/Katrine_workspace/AudioMothSync/OKLG-8-Sync2/OKLG-8-D4/OKLG-8-D4_20250615_113000.WAV"", ""/media/UofA/BU_Work/BayneLabWorkSpace/Katrine_workspace/AudioMothSync/OKLG-8-Sync2/OKLG-8-D3/OKLG-8-D3_20250615_113000.WAV"", ""/media/UofA/BU_Work/BayneLabWorkSpace/Katrine_workspace/AudioMothSync/OKLG-8-Sync2/OKLG-8-C4/OKLG-8-C4_20250615_113000.WAV"", ""/media/UofA/BU_Work/BayneLabWorkSpace/Katrine_workspace/AudioMothSync/OKLG-8-Sync2/OKLG-8-D2/OKLG-8-D2_20250615_113000.WAV"", ""/media/UofA/BU_Work/BayneLabWorkSpace/Katrine_workspace/AudioMothSync/OKLG-8-Sync2/OKLG-8-B3/OKLG-8-B3_20250615_113000.WAV"", ""/media/UofA/BU_Work/BayneLabWorkSpace/Katrine_workspace/AudioMothSync/OKLG-8-Sync2/OKLG-8-B4/OKLG-8-B4_20250615_113000.WAV"", ""/media/UofA/BU_Work/BayneLabWorkSpace/Katrine_workspace/AudioMothSync/OKLG-8-Sync2/OKLG-8-B2/OKLG-8-B2_20250615_113000.WAV""]","[[306147.4214, 5466515.236, 678.7817], [306181.8788, 5466484.067, 671.3749], [306182.3222, 5466520.693, 678.7913], [306146.9112, 5466480.896, 672.6855], [306182.8221, 5466554.969, 686.2647], [306110.3586, 5466518.038, 679.7918], [306111.0449, 5466482.88, 674.4223], [306110.5215, 5466552.536, 686.6071]]",False,True,inside_10m,2025-06-15 12:01:07.500,125,/media/UofA/BU_Work/BayneLabWorkSpace/Katrine_workspace/Localization_per_day/OKLG-8-20250615/minspec_clips/125.wav,True,2025-06-15 05:01:07.500,6.8512177,-3.9850242,2.257889,6.834928,1.752548,8,3,9
2025-06-15 12:01:07.500000+00:00,306179.06142681127,5466478.450583245,670.4387783905029,0.863909781283864,0.1824714168906211,8,"[""C3"", ""D4"", ""D3"", ""C4"", ""D2"", ""B3"", ""B4"", ""B2""]","[""/media/UofA/BU_Work/BayneLabWorkSpace/Katrine_workspace/AudioMothSync/OKLG-8-Sync2/OKLG-8-C3/OKLG-8-C3_20250615_113000.WAV"", ""/media/UofA/BU_Work/BayneLabWorkSpace/Katrine_workspace/AudioMothSync/OKLG-8-Sync2/OKLG-8-D4/OKLG-8-D4_20250615_113000.WAV"", ""/media/UofA/BU_Work/BayneLabWorkSpace/Katrine_workspace/AudioMothSync/OKLG-8-Sync2/OKLG-8-D3/OKLG-8-D3_20250615_113000.WAV"", ""/media/UofA/BU_Work/BayneLabWorkSpace/Katrine_workspace/AudioMothSync/OKLG-8-Sync2/OKLG-8-C4/OKLG-8-C4_20250615_113000.WAV"", ""/media/UofA/BU_Work/BayneLabWorkSpace/Katrine_workspace/AudioMothSync/OKLG-8-Sync2/OKLG-8-D2/OKLG-8-D2_20250615_113000.WAV"", ""/media/UofA/BU_Work/BayneLabWorkSpace/Katrine_workspace/AudioMothSync/OKLG-8-Sync2/OKLG-8-B3/OKLG-8-B3_20250615_113000.WAV"", ""/media/UofA/BU_Work/BayneLabWorkSpace/Katrine_workspace/AudioMothSync/OKLG-8-Sync2/OKLG-8-B4/OKLG-8-B4_20250615_113000.WAV"", ""/media/UofA/BU_Work/BayneLabWorkSpace/Katrine_workspace/AudioMothSync/OKLG-8-Sync2/OKLG-8-B2/OKLG-8-B2_20250615_113000.WAV""]","[[306147.4214, 5466515.236, 678.7817], [306181.8788, 5466484.067, 671.3749], [306182.3222, 5466520.693, 678.7913], [306146.9112, 5466480.896, 672.6855], [306182.8221, 5466554.969, 686.2647], [306110.3586, 5466518.038, 679.7918], [306111.0449, 5466482.88, 674.4223], [306110.5215, 5466552.536, 686.6071]]",False,True,inside_10m,2025-06-15 12:01:07.500,125,/media/UofA/BU_Work/BayneLabWorkSpace/Katrine_workspace/Localization_per_day/OKLG-8-20250615/minspec_clips/125.wav,True,2025-06-15 05:01:07.500,6.851252,-3.985077,2.7247396,6.703275,1.6940049,8,3,9
2025-06-15 12:01:07.500000+00:00,306179.06142681127,5466478.450583245,670.4387783905029,0.863909781283864,0.1824714168906211,8,"[""C3"", ""D4"", ""D3"", ""C4"", ""D2"", ""B3"", ""B4"", ""B2""]","[""/media/UofA/BU_Work/BayneLabWorkSpace/Katrine_workspace/AudioMothSync/OKLG-8-Sync2/OKLG-8-C3/OKLG-8-C3_20250615_113000.WAV"", ""/media/UofA/BU_Work/BayneLabWorkSpace/Katrine_workspace/AudioMothSync/OKLG-8-Sync2/OKLG-8-D4/OKLG-8-D4_20250615_113000.WAV"", ""/media/UofA/BU_Work/BayneLabWorkSpace/Katrine_workspace/AudioMothSync/OKLG-8-Sync2/OKLG-8-D3/OKLG-8-D3_20250615_113000.WAV"", ""/media/UofA/BU_Work/BayneLabWorkSpace/Katrine_workspace/AudioMothSync/OKLG-8-Sync2/OKLG-8-C4/OKLG-8-C4_20250615_113000.WAV"", ""/media/UofA/BU_Work/BayneLabWorkSpace/Katrine_workspace/AudioMothSync/OKLG-8-Sync2/OKLG-8-D2/OKLG-8-D2_20250615_113000.WAV"", ""/media/UofA/BU_Work/BayneLabWorkSpace/Katrine_workspace/AudioMothSync/OKLG-8-Sync2/OKLG-8-B3/OKLG-8-B3_20250615_113000.WAV"", ""/media/UofA/BU_Work/BayneLabWorkSpace/Katrine_workspace/AudioMothSync/OKLG-8-Sync2/OKLG-8-B4/OKLG-8-B4_20250615_113000.WAV"", ""/media/UofA/BU_Work/BayneLabWorkSpace/Katrine_workspace/AudioMothSync/OKLG-8-Sync2/OKLG-8-B2/OKLG-8-B2_20250615_113000.WAV""]","[[306147.4214, 5466515.236, 678.7817], [306181.8788, 5466484.067, 671.3749], [306182.3222, 5466520.693, 678.7913], [306146.9112, 5466480.896, 672.6855], [306182.8221, 5466554.969, 686.2647], [306110.3586, 5466518.038, 679.7918], [306111.0449, 5466482.88, 674.4223], [306110.5215, 5466552.536, 686.6071]]",False,True,inside_10m,2025-06-15 12:01:07.500,125,/media/UofA/BU_Work/BayneLabWorkSpace/Katrine_workspace/Localization_per_day/OKLG-8-20250615/minspec_clips/125.wav,True,2025-06-15 05:01:07.500,6.851255,-3.9850626,2.4830892,6.788062,1.6747229,8,3,9
2025-06-15 12:48:28+00:00,306248.09786810033,5466521.190889174,677.1459385425892,1.036169477777562,0.193947077030316,8,"[""F2"", ""F1"", ""E1"", ""G1"", ""G3"", ""F3"", ""E3"", ""E2""]","[""/media/UofA/BU_Work/BayneLabWorkSpace/Katrine_workspace/AudioMothSync/OKLG-8-Sync2/OKLG-8-F2/OKLG-8-F2_20250615_123000.WAV"", ""/media/UofA/BU_Work/BayneLabWorkSpace/Katrine_workspace/AudioMothSync/OKLG-8-Sync2/OKLG-8-F1/OKLG-8-F1_20250615_123000.WAV"", ""/media/UofA/BU_Work/BayneLabWorkSpace/Katrine_workspace/AudioMothSync/OKLG-8-Sync2/OKLG-8-E1/OKLG-8-E1_20250615_123000.WAV"", ""/media/UofA/BU_Work/BayneLabWorkSpace/Katrine_workspace/AudioMothSync/OKLG-8-Sync2/OKLG-8-G1/OKLG-8-G1_20250615_123000.WAV"", ""/media/UofA/BU_Work/BayneLabWorkSpace/Katrine_workspace/AudioMothSync/OKLG-8-Sync2/OKLG-8-G3/OKLG-8-G3_20250615_123000.WAV"", ""/media/UofA/BU_Work/BayneLabWorkSpace/Katrine_workspace/AudioMothSync/OKLG-8-Sync2/OKLG-8-F3/OKLG-8-F3_20250615_123000.WAV"", ""/media/UofA/BU_Work/BayneLabWorkSpace/Katrine_workspace/AudioMothSync/OKLG-8-Sync2/OKLG-8-E3/OKLG-8-E3_20250615_123000.WAV"", ""/media/UofA/BU_Work/BayneLabWorkSpace/Katrine_workspace/AudioMothSync/OKLG-8-Sync2/OKLG-8-E2/OKLG-8-E2_20250615_123000.WAV""]","[[306252.7451, 5466552.269, 682.6024], [306254.0111, 5466588.298, 690.7812], [306217.3318, 5466587.32, 691.8683], [306287.4446, 5466588.531, 687.2285], [306286.6237, 5466518.56, 675.3752], [306250.0248, 5466517.354, 676.9194], [306217.233, 5466515.538, 675.7704], [306217.0531, 5466551.09, 683.3621]]",True,True,inside_10m,2025-06-15 12:48:28.000,286,/media/UofA/BU_Work/BayneLabWorkSpace/Katrine_workspace/Localization_per_day/OKLG-8-20250615/minspec_clips/286.wav,True,2025-06-15 05:48:28.000,-3.891766,-19.34664,6.116563,0.8952372,-5.890105,0,0,8
2025-06-15 15:27:16+00:00,306247.9428047408,5466521.219324677,677.7061010546335,0.2898052881740624,0.2374436215807994,6,"[""E3"", ""F3"", ""F4"", ""F2"", ""E2"", ""E4""]","[""/media/UofA/BU_Work/BayneLabWorkSpace/Katrine_workspace/AudioMothSync/OKLG-8-Sync2/OKLG-8-E3/OKLG-8-E3_20250615_150000.WAV"", ""/media/UofA/BU_Work/BayneLabWorkSpace/Katrine_workspace/AudioMothSync/OKLG-8-Sync2/OKLG-8-F3/OKLG-8-F3_20250615_150000.WAV"", ""/media/UofA/BU_Work/BayneLabWorkSpace/Katrine_workspace/AudioMothSync/OKLG-8-Sync2/OKLG-8-F4/OKLG-8-F4_20250615_150000.WAV"", ""/media/UofA/BU_Work/BayneLabWorkSpace/Katrine_workspace/AudioMothSync/OKLG-8-Sync2/OKLG-8-F2/OKLG-8-F2_20250615_150000.WAV"", ""/media/UofA/BU_Work/BayneLabWorkSpace/Katrine_workspace/AudioMothSync/OKLG-8-Sync2/OKLG-8-E2/OKLG-8-E2_20250615_150000.WAV"", ""/media/UofA/BU_Work/BayneLabWorkSpace/Katrine_workspace/AudioMothSync/OKLG-8-Sync2/OKLG-8-E4/OKLG-8-E4_20250615_150000.WAV""]","[[306217.233, 5466515.538, 675.7704], [306250.0248, 5466517.354, 676.9194], [306250.9492, 5466481.06, 668.1608], [306252.7451, 5466552.269, 682.6024], [306217.0531, 5466551.09, 683.3621], [306216.821, 5466481.42, 669.0224]]",True,True,inside_10m,2025-06-15 15:27:16.000,900,/media/UofA/BU_Work/BayneLabWorkSpace/Katrine_workspace/Localization_per_day/OKLG-8-20250615/minspec_clips/900.wav,True,2025-06-15 08:27:16.000,-5.0696797,-18.417282,7.4403086,1.0279098,-4.8450637,0,0,8
2025-06-15 17:50:10+00:00,306231.565803663,5466452.091316375,662.5516240468085,0.2094950288557096,0.2276371983545167,7,"[""F4"", ""E3"", ""G4"", ""E4"", ""F3"", ""F5"", ""E5""]","[""/media/UofA/BU_Work/BayneLabWorkSpace/Katrine_workspace/AudioMothSync/OKLG-8-Sync2/OKLG-8-F4/OKLG-8-F4_20250615_173000.WAV"", ""/media/UofA/BU_Work/BayneLabWorkSpace/Katrine_workspace/AudioMothSync/OKLG-8-Sync2/OKLG-8-E3/OKLG-8-E3_20250615_173000.WAV"", ""/media/UofA/BU_Work/BayneLabWorkSpace/Katrine_workspace/AudioMothSync/OKLG-8-Sync2/OKLG-8-G4/OKLG-8-G4_20250615_173000.WAV"", ""/media/UofA/BU_Work/BayneLabWorkSpace/Katrine_workspace/AudioMothSync/OKLG-8-Sync2/OKLG-8-E4/OKLG-8-E4_20250615_173000.WAV"", ""/media/UofA/BU_Work/BayneLabWorkSpace/Katrine_workspace/AudioMothSync/OKLG-8-Sync2/OKLG-8-F3/OKLG-8-F3_20250615_173000.WAV"", ""/media/UofA/BU_Work/BayneLabWorkSpace/Katrine_workspace/AudioMothSync/OKLG-8-Sync2/OKLG-8-F5/OKLG-8-F5_20250615_173000.WAV"", ""/media/UofA/BU_Work/BayneLabWorkSpace/Katrine_workspace/AudioMothSync/OKLG-8-Sync2/OKLG-8-E5/OKLG-8-E5_20250615_173000.WAV""]","[[306250.9492, 5466481.06, 668.1608], [306217.233, 5466515.538, 675.7704], [306285.9765, 5466480.944, 666.9948], [306216.821, 5466481.42, 669.0224], [306250.0248, 5466517.354, 676.9194], [306252.7138, 5466447.403, 661.4525], [306217.4541, 5466446.981, 661.48]]",True,True,inside_10m,2025-06-15 17:50:10.000,1178,/media/UofA/BU_Work/BayneLabWorkSpace/Katrine_workspace/Localization_per_day/OKLG-8-20250615/minspec_clips/1178.wav,True,2025-06-15 10:50:10.000,0.53220826,20.665867,-10.873732,-1.920995,-3.3092816,2,2,3
2025-06-15 15:48:19.500000+00:00,306248.0309489001,5466521.347082586,676.9674144312952,0.290285900181523,0.2914117636779944,6,"[""E3"", ""E4"", ""F2"", ""D2"", ""F3"", ""E2""]","[""/media/UofA/BU_Work/BayneLabWorkSpace/Katrine_workspace/AudioMothSync/OKLG-8-Sync2/OKLG-8-E3/OKLG-8-E3_20250615_153000.WAV"", ""/media/UofA/BU_Work/BayneLabWorkSpace/Katrine_workspace/AudioMothSync/OKLG-8-Sync2/OKLG-8-E4/OKLG-8-E4_20250615_153000.WAV"", ""/media/UofA/BU_Work/BayneLabWorkSpace/Katrine_workspace/AudioMothSync/OKLG-8-Sync2/OKLG-8-F2/OKLG-8-F2_20250615_153000.WAV"", ""/media/UofA/BU_Work/BayneLabWorkSpace/Katrine_workspace/AudioMothSync/OKLG-8-Sync2/OKLG-8-D2/OKLG-8-D2_20250615_153000.WAV"", ""/media/UofA/BU_Work/BayneLabWorkSpace/Katrine_workspace/AudioMothSync/OKLG-8-Sync2/OKLG-8-F3/OKLG-8-F3_20250615_153000.WAV"", ""/media/UofA/BU_Work/BayneLabWorkSpace/Katrine_workspace/AudioMothSync/OKLG-8-Sync2/OKLG-8-E2/OKLG-8-E2_20250615_153000.WAV""]","[[306217.233, 5466515.538, 675.7704], [306216.821, 5466481.42, 669.0224], [306252.7451, 5466552.269, 682.6024], [306182.8221, 5466554.969, 686.2647], [306250.0248, 5466517.354, 676.9194], [306217.0531, 5466551.09, 683.3621]]",True,True,inside_10m,2025-06-15 15:48:19.500,965,/media/UofA/BU_Work/BayneLabWorkSpace/Katrine_workspace/Localization_per_day/OKLG-8-20250615/minspec_clips/965.wav,True,2025-06-15 08:48:19.500,-2.9039958,-18.795132,4.6580358,1.126229,-5.459687,0,0,8
2025-06-15 15:55:22+00:00,306247.8802128416,5466520.937054831,676.2194243320638,0.2366531634722199,0.1735331258840031,9,"[""E2"", ""D3"", ""F3"", ""E3"", ""F1"", ""D1"", ""E1"", ""D2"", ""F2""]","[""/media/UofA/BU_Work/BayneLabWorkSpace/Katrine_workspace/AudioMothSync/OKLG-8-Sync2/OKLG-8-E2/OKLG-8-E2_20250615_153000.WAV"", ""/media/UofA/BU_Work/BayneLabWorkSpace/Katrine_workspace/AudioMothSync/OKLG-8-Sync2/OKLG-8-D3/OKLG-8-D3_20250615_153000.WAV"", ""/media/UofA/BU_Work/BayneLabWorkSpace/Katrine_workspace/AudioMothSync/OKLG-8-Sync2/OKLG-8-F3/OKLG-8-F3_20250615_153000.WAV"", ""/media/UofA/BU_Work/BayneLabWorkSpace/Katrine_workspace/AudioMothSync/OKLG-8-Sync2/OKLG-8-E3/OKLG-8-E3_20250615_153000.WAV"", ""/media/UofA/BU_Work/BayneLabWorkSpace/Katrine_workspace/AudioMothSync/OKLG-8-Sync2/OKLG-8-F1/OKLG-8-F1_20250615_153000.WAV"", ""/media/UofA/BU_Work/BayneLabWorkSpace/Katrine_workspace/AudioMothSync/OKLG-8-Sync2/OKLG-8-D1/OKLG-8-D1_20250615_153000.WAV"", ""/media/UofA/BU_Work/BayneLabWorkSpace/Katrine_workspace/AudioMothSync/OKLG-8-Sync2/OKLG-8-E1/OKLG-8-E1_20250615_153000.WAV"", ""/media/UofA/BU_Work/BayneLabWorkSpace/Katrine_workspace/AudioMothSync/OKLG-8-Sync2/OKLG-8-D2/OKLG-8-D2_20250615_153000.WAV"", ""/media/UofA/BU_Work/BayneLabWorkSpace/Katrine_workspace/AudioMothSync/OKLG-8-Sync2/OKLG-8-F2/OKLG-8-F2_20250615_153000.WAV""]","[[306217.0531, 5466551.09, 683.3621], [306182.3222, 5466520.693, 678.7913], [306250.0248, 5466517.354, 676.9194], [306217.233, 5466515.538, 675.7704], [306254.0111, 5466588.298, 690.7812], [306180.9972, 5466588.911, 693.9689], [306217.3318, 5466587.32, 691.8683], [306182.8221, 5466554.969, 686.2647], [306252.7451, 5466552.269, 682.6024]]",True,True,inside_10m,2025-06-15 15:55:22.000,995,/media/UofA/BU_Work/BayneLabWorkSpace/Katrine_workspace/Localization_per_day/OKLG-8-20250615/minspec_clips/995.wav,True,2025-06-15 08:55:22.000,-6.7516036,8.632119,-1.341552,-6.4860625,0.37563267,23,8,11
2025-06-15 17:38:43.500000+00:00,306247.8263772069,5466521.343404972,677.7401112637334,0.131282229413484,0.2669590786099434,5,"[""F2"", ""E2"", ""G3"", ""E3"", ""F3""]","[""/media/UofA/BU_Work/BayneLabWorkSpace/Katrine_workspace/AudioMothSync/OKLG-8-Sync2/OKLG-8-F2/OKLG-8-F2_20250615_170000.WAV"", ""/media/UofA/BU_Work/BayneLabWorkSpace/Katrine_workspace/AudioMothSync/OKLG-8-Sync2/OKLG-8-E2/OKLG-8-E2_20250615_170000.WAV"", ""/media/UofA/BU_Work/BayneLabWorkSpace/Katrine_workspace/AudioMothSync/OKLG-8-Sync2/OKLG-8-G3/OKLG-8-G3_20250615_170000.WAV"", ""/media/UofA/BU_Work/BayneLabWorkSpace/Katrine_workspace/AudioMothSync/OKLG-8-Sync2/OKLG-8-E3/OKLG-8-E3_20250615_170000.WAV"", ""/media/UofA/BU_Work/BayneLabWorkSpace/Katrine_workspace/AudioMothSync/OKLG-8-Sync2/OKLG-8-F3/OKLG-8-F3_20250615_170000.WAV""]","[[306252.7451, 5466552.269, 682.6024], [306217.0531, 5466551.09, 683.3621], [306286.6237, 5466518.56, 675.3752], [306217.233, 5466515.538, 675.7704], [306250.0248, 5466517.354, 676.9194]]",True,True,inside_10m,2025-06-15 17:38:43.500,1142,/media/UofA/BU_Work/BayneLabWorkSpace/Katrine_workspace/Localization_per_day/OKLG-8-20250615/minspec_clips/1142.wav,True,2025-06-15 10:38:43.500,-6.480621,-13.574248,9.111706,-1.8288269,-3.0123792,10,1,2
2025-06-15 19:01:16+00:00,306231.4492223706,5466451.679492408,664.1562008908388,0.0643517318279741,0.2306264460086822,5,"[""F4"", ""F5"", ""E4"", ""E5"", ""E3""]","[""/media/UofA/BU_Work/BayneLabWorkSpace/Katrine_workspace/AudioMothSync/OKLG-8-Sync2/OKLG-8-F4/OKLG-8-F4_20250615_183000.WAV"", ""/media/UofA/BU_Work/BayneLabWorkSpace/Katrine_workspace/AudioMothSync/OKLG-8-Sync2/OKLG-8-F5/OKLG-8-F5_20250615_183000.WAV"", ""/media/UofA/BU_Work/BayneLabWorkSpace/Katrine_workspace/AudioMothSync/OKLG-8-Sync2/OKLG-8-E4/OKLG-8-E4_20250615_183000.WAV"", ""/media/UofA/BU_Work/BayneLabWorkSpace/Katrine_workspace/AudioMothSync/OKLG-8-Sync2/OKLG-8-E5/OKLG-8-E5_20250615_183000.WAV"", ""/media/UofA/BU_Work/BayneLabWorkSpace/Katrine_workspace/AudioMothSync/OKLG-8-Sync2/OKLG-8-E3/OKLG-8-E3_20250615_183000.WAV""]","[[306250.9492, 5466481.06, 668.1608], [306252.7138, 5466447.403, 661.4525], [306216.821, 5466481.42, 669.0224], [306217.4541, 5466446.981, 661.48], [306217.233, 5466515.538, 675.7704]]",True,True,between_10_15m,2025-06-15 19:01:16.000,1300,/media/UofA/BU_Work/BayneLabWorkSpace/Katrine_workspace/Localization_per_day/OKLG-8-20250615/minspec_clips/1300.wav,True,2025-06-15 12:01:16.000,4.60966,13.172983,-7.194321,5.0326214,0.7363044,5,5,10
2025-06-15 17:43:31.500000+00:00,306231.02140988864,5466451.849165987,661.1181231495334,0.1039438886648132,0.213442673596243,6,"[""D6"", ""C5"", ""D5"", ""C6"", ""E5"", ""E6""]","[""/media/UofA/BU_Work/BayneLabWorkSpace/Katrine_workspace/AudioMothSync/OKLG-8-Sync2/OKLG-8-D6/OKLG-8-D6_20250615_173000.WAV"", ""/media/UofA/BU_Work/BayneLabWorkSpace/Katrine_workspace/AudioMothSync/OKLG-8-Sync2/OKLG-8-C5/OKLG-8-C5_20250615_173000.WAV"", ""/media/UofA/BU_Work/BayneLabWorkSpace/Katrine_workspace/AudioMothSync/OKLG-8-Sync2/OKLG-8-D5/OKLG-8-D5_20250615_173000.WAV"", ""/media/UofA/BU_Work/BayneLabWorkSpace/Katrine_workspace/AudioMothSync/OKLG-8-Sync2/OKLG-8-C6/OKLG-8-C6_20250615_173000.WAV"", ""/media/UofA/BU_Work/BayneLabWorkSpace/Katrine_workspace/AudioMothSync/OKLG-8-Sync2/OKLG-8-E5/OKLG-8-E5_20250615_173000.WAV"", ""/media/UofA/BU_Work/BayneLabWorkSpace/Katrine_workspace/AudioMothSync/OKLG-8-Sync2/OKLG-8-E6/OKLG-8-E6_20250615_173000.WAV""]","[[306182.7549, 5466414.233, 658.2178], [306147.3596, 5466445.666, 666.7585], [306182.6993, 5466449.16, 664.3166], [306148.1571, 5466410.403, 660.6896], [306217.4541, 5466446.981, 661.48], [306218.2784, 5466411.837, 654.7701]]",False,True,between_10_15m,2025-06-15 17:43:31.500,1154,/media/UofA/BU_Work/BayneLabWorkSpace/Katrine_workspace/Localization_per_day/OKLG-8-20250615/minspec_clips/1154.wav,True,2025-06-15 10:43:31.500,6.2858396,6.8006167,-3.33286,1.7798245,2.6752822,-1,-1,5
2025-06-15 18:43:34+00:00,306247.71951787424,5466521.05232996,677.3302558645368,0.1200078148474105,0.2066798564046621,8,"[""E3"", ""E2"", ""D3"", ""F2"", ""F4"", ""F3"", ""D4"", ""E4""]","[""/media/UofA/BU_Work/BayneLabWorkSpace/Katrine_workspace/AudioMothSync/OKLG-8-Sync2/OKLG-8-E3/OKLG-8-E3_20250615_183000.WAV"", ""/media/UofA/BU_Work/BayneLabWorkSpace/Katrine_workspace/AudioMothSync/OKLG-8-Sync2/OKLG-8-E2/OKLG-8-E2_20250615_183000.WAV"", ""/media/UofA/BU_Work/BayneLabWorkSpace/Katrine_workspace/AudioMothSync/OKLG-8-Sync2/OKLG-8-D3/OKLG-8-D3_20250615_183000.WAV"", ""/media/UofA/BU_Work/BayneLabWorkSpace/Katrine_workspace/AudioMothSync/OKLG-8-Sync2/OKLG-8-F2/OKLG-8-F2_20250615_183000.WAV"", ""/media/UofA/BU_Work/BayneLabWorkSpace/Katrine_workspace/AudioMothSync/OKLG-8-Sync2/OKLG-8-F4/OKLG-8-F4_20250615_183000.WAV"", ""/media/UofA/BU_Work/BayneLabWorkSpace/Katrine_workspace/AudioMothSync/OKLG-8-Sync2/OKLG-8-F3/OKLG-8-F3_20250615_183000.WAV"", ""/media/UofA/BU_Work/BayneLabWorkSpace/Katrine_workspace/AudioMothSync/OKLG-8-Sync2/OKLG-8-D4/OKLG-8-D4_20250615_183000.WAV"", ""/media/UofA/BU_Work/BayneLabWorkSpace/Katrine_workspace/AudioMothSync/OKLG-8-Sync2/OKLG-8-E4/OKLG-8-E4_20250615_183000.WAV""]","[[306217.233, 5466515.538, 675.7704], [306217.0531, 5466551.09, 683.3621], [306182.3222, 5466520.693, 678.7913], [306252.7451, 5466552.269, 682.6024], [306250.9492, 5466481.06, 668.1608], [306250.0248, 5466517.354, 676.9194], [306181.8788, 5466484.067, 671.3749], [306216.821, 5466481.42, 669.0224]]",True,True,inside_10m,2025-06-15 18:43:34.000,1265,/media/UofA/BU_Work/BayneLabWorkSpace/Katrine_workspace/Localization_per_day/OKLG-8-20250615/minspec_clips/1265.wav,True,2025-06-15 11:43:34.000,-4.6323705,7.418303,-1.6824942,-4.8890424,1.7636652,22,8,11
2025-06-15 11:24:34+00:00,306242.34967026464,5466575.57546035,688.3390142094156,0.5597829106107131,0.202707910289367,9,"[""F2"", ""G1"", ""G3"", ""G2"", ""E1"", ""F3"", ""E2"", ""E3"", ""F1""]","[""/media/UofA/BU_Work/BayneLabWorkSpace/Katrine_workspace/AudioMothSync/OKLG-8-Sync2/OKLG-8-F2/OKLG-8-F2_20250615_110000.WAV"", ""/media/UofA/BU_Work/BayneLabWorkSpace/Katrine_workspace/AudioMothSync/OKLG-8-Sync2/OKLG-8-G1/OKLG-8-G1_20250615_110000.WAV"", ""/media/UofA/BU_Work/BayneLabWorkSpace/Katrine_workspace/AudioMothSync/OKLG-8-Sync2/OKLG-8-G3/OKLG-8-G3_20250615_110000.WAV"", ""/media/UofA/BU_Work/BayneLabWorkSpace/Katrine_workspace/AudioMothSync/OKLG-8-Sync2/OKLG-8-G2/OKLG-8-G2_20250615_110000.WAV"", ""/media/UofA/BU_Work/BayneLabWorkSpace/Katrine_workspace/AudioMothSync/OKLG-8-Sync2/OKLG-8-E1/OKLG-8-E1_20250615_110000.WAV"", ""/media/UofA/BU_Work/BayneLabWorkSpace/Katrine_workspace/AudioMothSync/OKLG-8-Sync2/OKLG-8-F3/OKLG-8-F3_20250615_110000.WAV"", ""/media/UofA/BU_Work/BayneLabWorkSpace/Katrine_workspace/AudioMothSync/OKLG-8-Sync2/OKLG-8-E2/OKLG-8-E2_20250615_110000.WAV"", ""/media/UofA/BU_Work/BayneLabWorkSpace/Katrine_workspace/AudioMothSync/OKLG-8-Sync2/OKLG-8-E3/OKLG-8-E3_20250615_110000.WAV"", ""/media/UofA/BU_Work/BayneLabWorkSpace/Katrine_workspace/AudioMothSync/OKLG-8-Sync2/OKLG-8-F1/OKLG-8-F1_20250615_110000.WAV""]","[[306252.7451, 5466552.269, 682.6024], [306287.4446, 5466588.531, 687.2285], [306286.6237, 5466518.56, 675.3752], [306286.9994, 5466553.45, 679.9404], [306217.3318, 5466587.32, 691.8683], [306250.0248, 5466517.354, 676.9194], [306217.0531, 5466551.09, 683.3621], [306217.233, 5466515.538, 675.7704], [306254.0111, 5466588.298, 690.7812]]",True,True,inside_10m,2025-06-15 11:24:34.000,2,/media/UofA/BU_Work/BayneLabWorkSpace/Katrine_workspace/Localization_per_day/OKLG-8-20250615/minspec_clips/2.wav,True,2025-06-15 04:24:34.000,-3.4094336,-20.235445,5.495364,1.6890545,-6.5628066,0,0,8
2025-06-15 18:50:52+00:00,306170.287938495,5466418.180078594,659.7539637195754,0.0238299734889224,0.2804374694824219,4,"[""E6"", ""D5"", ""E5"", ""D6""]","[""/media/UofA/BU_Work/BayneLabWorkSpace/Katrine_workspace/AudioMothSync/OKLG-8-Sync2/OKLG-8-E6/OKLG-8-E6_20250615_183000.WAV"", ""/media/UofA/BU_Work/BayneLabWorkSpace/Katrine_workspace/AudioMothSync/OKLG-8-Sync2/OKLG-8-D5/OKLG-8-D5_20250615_183000.WAV"", ""/media/UofA/BU_Work/BayneLabWorkSpace/Katrine_workspace/AudioMothSync/OKLG-8-Sync2/OKLG-8-E5/OKLG-8-E5_20250615_183000.WAV"", ""/media/UofA/BU_Work/BayneLabWorkSpace/Katrine_workspace/AudioMothSync/OKLG-8-Sync2/OKLG-8-D6/OKLG-8-D6_20250615_183000.WAV""]","[[306218.2784, 5466411.837, 654.7701], [306182.6993, 5466449.16, 664.3166], [306217.4541, 5466446.981, 661.48], [306182.7549, 5466414.233, 658.2178]]",False,True,between_10_15m,2025-06-15 18:50:52.000,1295,/media/UofA/BU_Work/BayneLabWorkSpace/Katrine_workspace/Localization_per_day/OKLG-8-20250615/minspec_clips/1295.wav,True,2025-06-15 11:50:52.000,-8.277254,8.348537,-2.1170733,-8.549268,0.33499134,24,8,11
2025-06-15 16:17:19.500000+00:00,306260.90278805204,5466522.159101429,677.4858890758691,0.0148334507010759,0.2644857030827552,4,"[""F2"", ""E2"", ""F3"", ""G3""]","[""/media/UofA/BU_Work/BayneLabWorkSpace/Katrine_workspace/AudioMothSync/OKLG-8-Sync2/OKLG-8-F2/OKLG-8-F2_20250615_160000.WAV"", ""/media/UofA/BU_Work/BayneLabWorkSpace/Katrine_workspace/AudioMothSync/OKLG-8-Sync2/OKLG-8-E2/OKLG-8-E2_20250615_160000.WAV"", ""/media/UofA/BU_Work/BayneLabWorkSpace/Katrine_workspace/AudioMothSync/OKLG-8-Sync2/OKLG-8-F3/OKLG-8-F3_20250615_160000.WAV"", ""/media/UofA/BU_Work/BayneLabWorkSpace/Katrine_workspace/AudioMothSync/OKLG-8-Sync2/OKLG-8-G3/OKLG-8-G3_20250615_160000.WAV""]","[[306252.7451, 5466552.269, 682.6024], [306217.0531, 5466551.09, 683.3621], [306250.0248, 5466517.354, 676.9194], [306286.6237, 5466518.56, 675.3752]]",True,True,inside_10m,2025-06-15 16:17:19.500,1027,/media/UofA/BU_Work/BayneLabWorkSpace/Katrine_workspace/Localization_per_day/OKLG-8-20250615/minspec_clips/1027.wav,True,2025-06-15 09:17:19.500,0.76562136,5.888058,-2.1943083,0.6628293,-2.1076171,15,9,6
2025-06-15 18:45:07.500000+00:00,306172.049169573,5466417.970559482,663.3025936920253,0.0870969470985889,0.229103023558855,5,"[""C5"", ""C4"", ""D5"", ""D6"", ""C6""]","[""/media/UofA/BU_Work/BayneLabWorkSpace/Katrine_workspace/AudioMothSync/OKLG-8-Sync2/OKLG-8-C5/OKLG-8-C5_20250615_183000.WAV"", ""/media/UofA/BU_Work/BayneLabWorkSpace/Katrine_workspace/AudioMothSync/OKLG-8-Sync2/OKLG-8-C4/OKLG-8-C4_20250615_183000.WAV"", ""/media/UofA/BU_Work/BayneLabWorkSpace/Katrine_workspace/AudioMothSync/OKLG-8-Sync2/OKLG-8-D5/OKLG-8-D5_20250615_183000.WAV"", ""/media/UofA/BU_Work/BayneLabWorkSpace/Katrine_workspace/AudioMothSync/OKLG-8-Sync2/OKLG-8-D6/OKLG-8-D6_20250615_183000.WAV"", ""/media/UofA/BU_Work/BayneLabWorkSpace/Katrine_workspace/AudioMothSync/OKLG-8-Sync2/OKLG-8-C6/OKLG-8-C6_20250615_183000.WAV""]","[[306147.3596, 5466445.666, 666.7585], [306146.9112, 5466480.896, 672.6855], [306182.6993, 5466449.16, 664.3166], [306182.7549, 5466414.233, 658.2178], [306148.1571, 5466410.403, 660.6896]]",True,True,inside_10m,2025-06-15 18:45:07.500,1273,/media/UofA/BU_Work/BayneLabWorkSpace/Katrine_workspace/Localization_per_day/OKLG-8-20250615/minspec_clips/1273.wav,True,2025-06-15 11:45:07.500,-6.0861754,4.9056287,-3.8348794,-4.937496,-0.59538805,19,8,11
2025-06-15 18:46:28+00:00,306170.11560376675,5466392.31575801,656.8389649435056,0.064446298895108,0.272678642719984,5,"[""C6"", ""D7"", ""C7"", ""D6"", ""B5""]","[""/media/UofA/BU_Work/BayneLabWorkSpace/Katrine_workspace/AudioMothSync/OKLG-8-Sync2/OKLG-8-C6/OKLG-8-C6_20250615_183000.WAV"", ""/media/UofA/BU_Work/BayneLabWorkSpace/Katrine_workspace/AudioMothSync/OKLG-8-Sync2/OKLG-8-D7/OKLG-8-D7_20250615_183000.WAV"", ""/media/UofA/BU_Work/BayneLabWorkSpace/Katrine_workspace/AudioMothSync/OKLG-8-Sync2/OKLG-8-C7/OKLG-8-C7_20250615_183000.WAV"", ""/media/UofA/BU_Work/BayneLabWorkSpace/Katrine_workspace/AudioMothSync/OKLG-8-Sync2/OKLG-8-D6/OKLG-8-D6_20250615_183000.WAV"", ""/media/UofA/BU_Work/BayneLabWorkSpace/Katrine_workspace/AudioMothSync/OKLG-8-Sync2/OKLG-8-B5/OKLG-8-B5_20250615_183000.WAV""]","[[306148.1571, 5466410.403, 660.6896], [306182.4104, 5466378.292, 650.5595], [306149.2931, 5466377.298, 652.462], [306182.7549, 5466414.233, 658.2178], [306111.1537, 5466446.859, 669.597]]",True,True,inside_10m,2025-06-15 18:46:28.000,1283,/media/UofA/BU_Work/BayneLabWorkSpace/Katrine_workspace/Localization_per_day/OKLG-8-20250615/minspec_clips/1283.wav,True,2025-06-15 11:46:28.000,-6.5926013,-0.1019312,-2.6716573,-2.6041958,-4.7901716,11,7,7
2025-06-15 18:46:28+00:00,306170.11560376675,5466392.31575801,656.8389649435056,0.064446298895108,0.272678642719984,5,"[""C6"", ""D7"", ""C7"", ""D6"", ""B5""]","[""/media/UofA/BU_Work/BayneLabWorkSpace/Katrine_workspace/AudioMothSync/OKLG-8-Sync2/OKLG-8-C6/OKLG-8-C6_20250615_183000.WAV"", ""/media/UofA/BU_Work/BayneLabWorkSpace/Katrine_workspace/AudioMothSync/OKLG-8-Sync2/OKLG-8-D7/OKLG-8-D7_20250615_183000.WAV"", ""/media/UofA/BU_Work/BayneLabWorkSpace/Katrine_workspace/AudioMothSync/OKLG-8-Sync2/OKLG-8-C7/OKLG-8-C7_20250615_183000.WAV"", ""/media/UofA/BU_Work/BayneLabWorkSpace/Katrine_workspace/AudioMothSync/OKLG-8-Sync2/OKLG-8-D6/OKLG-8-D6_20250615_183000.WAV"", ""/media/UofA/BU_Work/BayneLabWorkSpace/Katrine_workspace/AudioMothSync/OKLG-8-Sync2/OKLG-8-B5/OKLG-8-B5_20250615_183000.WAV""]","[[306148.1571, 5466410.403, 660.6896], [306182.4104, 5466378.292, 650.5595], [306149.2931, 5466377.298, 652.462], [306182.7549, 5466414.233, 658.2178], [306111.1537, 5466446.859, 669.597]]",True,True,inside_10m,2025-06-15 18:46:28.000,1283,/media/UofA/BU_Work/BayneLabWorkSpace/Katrine_workspace/Localization_per_day/OKLG-8-20250615/minspec_clips/1283.wav,True,2025-06-15 11:46:28.000,-6.592596,-0.101984836,-2.9911664,-2.429021,-4.788232,11,7,7
2025-06-15 18:04:04+00:00,306235.7174384695,5466578.381255476,687.0548809715427,0.0717135243925758,0.290189242362976,5,"[""F2"", ""F1"", ""E2"", ""F3"", ""E1""]","[""/media/UofA/BU_Work/BayneLabWorkSpace/Katrine_workspace/AudioMothSync/OKLG-8-Sync2/OKLG-8-F2/OKLG-8-F2_20250615_180000.WAV"", ""/media/UofA/BU_Work/BayneLabWorkSpace/Katrine_workspace/AudioMothSync/OKLG-8-Sync2/OKLG-8-F1/OKLG-8-F1_20250615_180000.WAV"", ""/media/UofA/BU_Work/BayneLabWorkSpace/Katrine_workspace/AudioMothSync/OKLG-8-Sync2/OKLG-8-E2/OKLG-8-E2_20250615_180000.WAV"", ""/media/UofA/BU_Work/BayneLabWorkSpace/Katrine_workspace/AudioMothSync/OKLG-8-Sync2/OKLG-8-F3/OKLG-8-F3_20250615_180000.WAV"", ""/media/UofA/BU_Work/BayneLabWorkSpace/Katrine_workspace/AudioMothSync/OKLG-8-Sync2/OKLG-8-E1/OKLG-8-E1_20250615_180000.WAV""]","[[306252.7451, 5466552.269, 682.6024], [306254.0111, 5466588.298, 690.7812], [306217.0531, 5466551.09, 683.3621], [306250.0248, 5466517.354, 676.9194], [306217.3318, 5466587.32, 691.8683]]",True,True,inside_10m,2025-06-15 18:04:04.000,1200,/media/UofA/BU_Work/BayneLabWorkSpace/Katrine_workspace/Localization_per_day/OKLG-8-20250615/minspec_clips/1200.wav,True,2025-06-15 11:04:04.000,-6.2080107,-14.416481,7.7410893,-2.395098,-3.3806543,10,1,2
2025-06-15 18:04:04+00:00,306235.7174384695,5466578.381255476,687.0548809715427,0.0717135243925758,0.290189242362976,5,"[""F2"", ""F1"", ""E2"", ""F3"", ""E1""]","[""/media/UofA/BU_Work/BayneLabWorkSpace/Katrine_workspace/AudioMothSync/OKLG-8-Sync2/OKLG-8-F2/OKLG-8-F2_20250615_180000.WAV"", ""/media/UofA/BU_Work/BayneLabWorkSpace/Katrine_workspace/AudioMothSync/OKLG-8-Sync2/OKLG-8-F1/OKLG-8-F1_20250615_180000.WAV"", ""/media/UofA/BU_Work/BayneLabWorkSpace/Katrine_workspace/AudioMothSync/OKLG-8-Sync2/OKLG-8-E2/OKLG-8-E2_20250615_180000.WAV"", ""/media/UofA/BU_Work/BayneLabWorkSpace/Katrine_workspace/AudioMothSync/OKLG-8-Sync2/OKLG-8-F3/OKLG-8-F3_20250615_180000.WAV"", ""/media/UofA/BU_Work/BayneLabWorkSpace/Katrine_workspace/AudioMothSync/OKLG-8-Sync2/OKLG-8-E1/OKLG-8-E1_20250615_180000.WAV""]","[[306252.7451, 5466552.269, 682.6024], [306254.0111, 5466588.298, 690.7812], [306217.0531, 5466551.09, 683.3621], [306250.0248, 5466517.354, 676.9194], [306217.3318, 5466587.32, 691.8683]]",True,True,inside_10m,2025-06-15 18:04:04.000,1200,/media/UofA/BU_Work/BayneLabWorkSpace/Katrine_workspace/Localization_per_day/OKLG-8-20250615/minspec_clips/1200.wav,True,2025-06-15 11:04:04.000,-6.2080107,-14.416481,7.7410893,-2.395098,-3.3806543,10,1,2
2025-06-15 15:23:13.500000+00:00,306248.0856816022,5466521.207658839,676.6762266497118,0.3249437940393581,0.2306142619677952,7,"[""E2"", ""E1"", ""E3"", ""D3"", ""F3"", ""F2"", ""F1""]","[""/media/UofA/BU_Work/BayneLabWorkSpace/Katrine_workspace/AudioMothSync/OKLG-8-Sync2/OKLG-8-E2/OKLG-8-E2_20250615_150000.WAV"", ""/media/UofA/BU_Work/BayneLabWorkSpace/Katrine_workspace/AudioMothSync/OKLG-8-Sync2/OKLG-8-E1/OKLG-8-E1_20250615_150000.WAV"", ""/media/UofA/BU_Work/BayneLabWorkSpace/Katrine_workspace/AudioMothSync/OKLG-8-Sync2/OKLG-8-E3/OKLG-8-E3_20250615_150000.WAV"", ""/media/UofA/BU_Work/BayneLabWorkSpace/Katrine_workspace/AudioMothSync/OKLG-8-Sync2/OKLG-8-D3/OKLG-8-D3_20250615_150000.WAV"", ""/media/UofA/BU_Work/BayneLabWorkSpace/Katrine_workspace/AudioMothSync/OKLG-8-Sync2/OKLG-8-F3/OKLG-8-F3_20250615_150000.WAV"", ""/media/UofA/BU_Work/BayneLabWorkSpace/Katrine_workspace/AudioMothSync/OKLG-8-Sync2/OKLG-8-F2/OKLG-8-F2_20250615_150000.WAV"", ""/media/UofA/BU_Work/BayneLabWorkSpace/Katrine_workspace/AudioMothSync/OKLG-8-Sync2/OKLG-8-F1/OKLG-8-F1_20250615_150000.WAV""]","[[306217.0531, 5466551.09, 683.3621], [306217.3318, 5466587.32, 691.8683], [306217.233, 5466515.538, 675.7704], [306182.3222, 5466520.693, 678.7913], [306250.0248, 5466517.354, 676.9194], [306252.7451, 5466552.269, 682.6024], [306254.0111, 5466588.298, 690.7812]]",True,True,inside_10m,2025-06-15 15:23:13.500,883,/media/UofA/BU_Work/BayneLabWorkSpace/Katrine_workspace/Localization_per_day/OKLG-8-20250615/minspec_clips/883.wav,True,2025-06-15 08:23:13.500,-0.8491082,19.80371,-9.756276,-0.2991223,-3.55033,2,2,3
2025-06-15 11:32:25.500000+00:00,306262.1345136967,5466598.514032191,691.9450689731824,0.3848224009406737,0.2053836057228701,7,"[""F2"", ""E1"", ""F1"", ""G3"", ""G1"", ""F3"", ""G2""]","[""/media/UofA/BU_Work/BayneLabWorkSpace/Katrine_workspace/AudioMothSync/OKLG-8-Sync2/OKLG-8-F2/OKLG-8-F2_20250615_110000.WAV"", ""/media/UofA/BU_Work/BayneLabWorkSpace/Katrine_workspace/AudioMothSync/OKLG-8-Sync2/OKLG-8-E1/OKLG-8-E1_20250615_110000.WAV"", ""/media/UofA/BU_Work/BayneLabWorkSpace/Katrine_workspace/AudioMothSync/OKLG-8-Sync2/OKLG-8-F1/OKLG-8-F1_20250615_110000.WAV"", ""/media/UofA/BU_Work/BayneLabWorkSpace/Katrine_workspace/AudioMothSync/OKLG-8-Sync2/OKLG-8-G3/OKLG-8-G3_20250615_110000.WAV"", ""/media/UofA/BU_Work/BayneLabWorkSpace/Katrine_workspace/AudioMothSync/OKLG-8-Sync2/OKLG-8-G1/OKLG-8-G1_20250615_110000.WAV"", ""/media/UofA/BU_Work/BayneLabWorkSpace/Katrine_workspace/AudioMothSync/OKLG-8-Sync2/OKLG-8-F3/OKLG-8-F3_20250615_110000.WAV"", ""/media/UofA/BU_Work/BayneLabWorkSpace/Katrine_workspace/AudioMothSync/OKLG-8-Sync2/OKLG-8-G2/OKLG-8-G2_20250615_110000.WAV""]","[[306252.7451, 5466552.269, 682.6024], [306217.3318, 5466587.32, 691.8683], [306254.0111, 5466588.298, 690.7812], [306286.6237, 5466518.56, 675.3752], [306287.4446, 5466588.531, 687.2285], [306250.0248, 5466517.354, 676.9194], [306286.9994, 5466553.45, 679.9404]]",False,True,between_10_15m,2025-06-15 11:32:25.500,14,/media/UofA/BU_Work/BayneLabWorkSpace/Katrine_workspace/Localization_per_day/OKLG-8-20250615/minspec_clips/14.wav,True,2025-06-15 04:32:25.500,7.2452593,-9.0623255,6.1519957,3.9588199,2.2090535,12,4,4
2025-06-15 11:32:25.500000+00:00,306262.1345136967,5466598.514032191,691.9450689731824,0.3848224009406737,0.2053836057228701,7,"[""F2"", ""E1"", ""F1"", ""G3"", ""G1"", ""F3"", ""G2""]","[""/media/UofA/BU_Work/BayneLabWorkSpace/Katrine_workspace/AudioMothSync/OKLG-8-Sync2/OKLG-8-F2/OKLG-8-F2_20250615_110000.WAV"", ""/media/UofA/BU_Work/BayneLabWorkSpace/Katrine_workspace/AudioMothSync/OKLG-8-Sync2/OKLG-8-E1/OKLG-8-E1_20250615_110000.WAV"", ""/media/UofA/BU_Work/BayneLabWorkSpace/Katrine_workspace/AudioMothSync/OKLG-8-Sync2/OKLG-8-F1/OKLG-8-F1_20250615_110000.WAV"", ""/media/UofA/BU_Work/BayneLabWorkSpace/Katrine_workspace/AudioMothSync/OKLG-8-Sync2/OKLG-8-G3/OKLG-8-G3_20250615_110000.WAV"", ""/media/UofA/BU_Work/BayneLabWorkSpace/Katrine_workspace/AudioMothSync/OKLG-8-Sync2/OKLG-8-G1/OKLG-8-G1_20250615_110000.WAV"", ""/media/UofA/BU_Work/BayneLabWorkSpace/Katrine_workspace/AudioMothSync/OKLG-8-Sync2/OKLG-8-F3/OKLG-8-F3_20250615_110000.WAV"", ""/media/UofA/BU_Work/BayneLabWorkSpace/Katrine_workspace/AudioMothSync/OKLG-8-Sync2/OKLG-8-G2/OKLG-8-G2_20250615_110000.WAV""]","[[306252.7451, 5466552.269, 682.6024], [306217.3318, 5466587.32, 691.8683], [306254.0111, 5466588.298, 690.7812], [306286.6237, 5466518.56, 675.3752], [306287.4446, 5466588.531, 687.2285], [306250.0248, 5466517.354, 676.9194], [306286.9994, 5466553.45, 679.9404]]",False,True,between_10_15m,2025-06-15 11:32:25.500,14,/media/UofA/BU_Work/BayneLabWorkSpace/Katrine_workspace/Localization_per_day/OKLG-8-20250615/minspec_clips/14.wav,True,2025-06-15 04:32:25.500,7.2452593,-9.0623255,6.1519957,3.9588199,2.2090535,12,4,4
2025-06-15 15:26:37.500000+00:00,306248.2362348746,5466521.164133475,676.4214974332316,0.3483575605259567,0.1942321578972041,8,"[""E2"", ""F3"", ""F2"", ""E1"", ""D3"", ""F1"", ""E3"", ""D1""]","[""/media/UofA/BU_Work/BayneLabWorkSpace/Katrine_workspace/AudioMothSync/OKLG-8-Sync2/OKLG-8-E2/OKLG-8-E2_20250615_150000.WAV"", ""/media/UofA/BU_Work/BayneLabWorkSpace/Katrine_workspace/AudioMothSync/OKLG-8-Sync2/OKLG-8-F3/OKLG-8-F3_20250615_150000.WAV"", ""/media/UofA/BU_Work/BayneLabWorkSpace/Katrine_workspace/AudioMothSync/OKLG-8-Sync2/OKLG-8-F2/OKLG-8-F2_20250615_150000.WAV"", ""/media/UofA/BU_Work/BayneLabWorkSpace/Katrine_workspace/AudioMothSync/OKLG-8-Sync2/OKLG-8-E1/OKLG-8-E1_20250615_150000.WAV"", ""/media/UofA/BU_Work/BayneLabWorkSpace/Katrine_workspace/AudioMothSync/OKLG-8-Sync2/OKLG-8-D3/OKLG-8-D3_20250615_150000.WAV"", ""/media/UofA/BU_Work/BayneLabWorkSpace/Katrine_workspace/AudioMothSync/OKLG-8-Sync2/OKLG-8-F1/OKLG-8-F1_20250615_150000.WAV"", ""/media/UofA/BU_Work/BayneLabWorkSpace/Katrine_workspace/AudioMothSync/OKLG-8-Sync2/OKLG-8-E3/OKLG-8-E3_20250615_150000.WAV"", ""/media/UofA/BU_Work/BayneLabWorkSpace/Katrine_workspace/AudioMothSync/OKLG-8-Sync2/OKLG-8-D1/OKLG-8-D1_20250615_150000.WAV""]","[[306217.0531, 5466551.09, 683.3621], [306250.0248, 5466517.354, 676.9194], [306252.7451, 5466552.269, 682.6024], [306217.3318, 5466587.32, 691.8683], [306182.3222, 5466520.693, 678.7913], [306254.0111, 5466588.298, 690.7812], [306217.233, 5466515.538, 675.7704], [306180.9972, 5466588.911, 693.9689]]",True,True,inside_10m,2025-06-15 15:26:37.500,895,/media/UofA/BU_Work/BayneLabWorkSpace/Katrine_workspace/Localization_per_day/OKLG-8-20250615/minspec_clips/895.wav,True,2025-06-15 08:26:37.500,9.590502,6.0449133,-4.1213636,1.3705783,5.7745557,17,10,5
2025-06-15 13:57:58+00:00,306247.7894301753,5466521.114025755,676.4093851684921,0.4941040872275106,0.2111913801895247,9,"[""E2"", ""F2"", ""F1"", ""D1"", ""F3"", ""D3"", ""E1"", ""E3"", ""D2""]","[""/media/UofA/BU_Work/BayneLabWorkSpace/Katrine_workspace/AudioMothSync/OKLG-8-Sync2/OKLG-8-E2/OKLG-8-E2_20250615_133000.WAV"", ""/media/UofA/BU_Work/BayneLabWorkSpace/Katrine_workspace/AudioMothSync/OKLG-8-Sync2/OKLG-8-F2/OKLG-8-F2_20250615_133000.WAV"", ""/media/UofA/BU_Work/BayneLabWorkSpace/Katrine_workspace/AudioMothSync/OKLG-8-Sync2/OKLG-8-F1/OKLG-8-F1_20250615_133000.WAV"", ""/media/UofA/BU_Work/BayneLabWorkSpace/Katrine_workspace/AudioMothSync/OKLG-8-Sync2/OKLG-8-D1/OKLG-8-D1_20250615_133000.WAV"", ""/media/UofA/BU_Work/BayneLabWorkSpace/Katrine_workspace/AudioMothSync/OKLG-8-Sync2/OKLG-8-F3/OKLG-8-F3_20250615_133000.WAV"", ""/media/UofA/BU_Work/BayneLabWorkSpace/Katrine_workspace/AudioMothSync/OKLG-8-Sync2/OKLG-8-D3/OKLG-8-D3_20250615_133000.WAV"", ""/media/UofA/BU_Work/BayneLabWorkSpace/Katrine_workspace/AudioMothSync/OKLG-8-Sync2/OKLG-8-E1/OKLG-8-E1_20250615_133000.WAV"", ""/media/UofA/BU_Work/BayneLabWorkSpace/Katrine_workspace/AudioMothSync/OKLG-8-Sync2/OKLG-8-E3/OKLG-8-E3_20250615_133000.WAV"", ""/media/UofA/BU_Work/BayneLabWorkSpace/Katrine_workspace/AudioMothSync/OKLG-8-Sync2/OKLG-8-D2/OKLG-8-D2_20250615_133000.WAV""]","[[306217.0531, 5466551.09, 683.3621], [306252.7451, 5466552.269, 682.6024], [306254.0111, 5466588.298, 690.7812], [306180.9972, 5466588.911, 693.9689], [306250.0248, 5466517.354, 676.9194], [306182.3222, 5466520.693, 678.7913], [306217.3318, 5466587.32, 691.8683], [306217.233, 5466515.538, 675.7704], [306182.8221, 5466554.969, 686.2647]]",True,True,inside_10m,2025-06-15 13:57:58.000,597,/media/UofA/BU_Work/BayneLabWorkSpace/Katrine_workspace/Localization_per_day/OKLG-8-20250615/minspec_clips/597.wav,True,2025-06-15 06:57:58.000,-3.9792464,-20.27144,6.161615,1.1489388,-6.9264293,0,0,8
2025-06-15 13:49:55.500000+00:00,306296.0038142053,5466409.573257992,651.1970557376627,5.713434698889587,0.2711668079718947,4,"[""F7"", ""G6"", ""E6"", ""G7""]","[""/media/UofA/BU_Work/BayneLabWorkSpace/Katrine_workspace/AudioMothSync/OKLG-8-Sync2/OKLG-8-F7/OKLG-8-F7_20250615_133000.WAV"", ""/media/UofA/BU_Work/BayneLabWorkSpace/Katrine_workspace/AudioMothSync/OKLG-8-Sync2/OKLG-8-G6/OKLG-8-G6_20250615_133000.WAV"", ""/media/UofA/BU_Work/BayneLabWorkSpace/Katrine_workspace/AudioMothSync/OKLG-8-Sync2/OKLG-8-E6/OKLG-8-E6_20250615_133000.WAV"", ""/media/UofA/BU_Work/BayneLabWorkSpace/Katrine_workspace/AudioMothSync/OKLG-8-Sync2/OKLG-8-G7/OKLG-8-G7_20250615_133000.WAV""]","[[306252.6819, 5466376.297, 646.3673], [306287.3906, 5466413.123, 652.3554], [306218.2784, 5466411.837, 654.7701], [306287.9498, 5466377.071, 646.1088]]",False,True,inside_10m,2025-06-15 13:49:55.500,567,/media/UofA/BU_Work/BayneLabWorkSpace/Katrine_workspace/Localization_per_day/OKLG-8-20250615/minspec_clips/567.wav,True,2025-06-15 06:49:55.500,-0.14819923,18.35671,-7.983601,-0.28771782,-2.5133295,2,2,3
2025-06-15 18:30:10+00:00,306247.7734970579,5466521.368950995,677.2935759950955,0.1739960217349677,0.2098578608129173,8,"[""E3"", ""D3"", ""D2"", ""E4"", ""F3"", ""F2"", ""F4"", ""E2""]","[""/media/UofA/BU_Work/BayneLabWorkSpace/Katrine_workspace/AudioMothSync/OKLG-8-Sync2/OKLG-8-E3/OKLG-8-E3_20250615_183000.WAV"", ""/media/UofA/BU_Work/BayneLabWorkSpace/Katrine_workspace/AudioMothSync/OKLG-8-Sync2/OKLG-8-D3/OKLG-8-D3_20250615_183000.WAV"", ""/media/UofA/BU_Work/BayneLabWorkSpace/Katrine_workspace/AudioMothSync/OKLG-8-Sync2/OKLG-8-D2/OKLG-8-D2_20250615_183000.WAV"", ""/media/UofA/BU_Work/BayneLabWorkSpace/Katrine_workspace/AudioMothSync/OKLG-8-Sync2/OKLG-8-E4/OKLG-8-E4_20250615_183000.WAV"", ""/media/UofA/BU_Work/BayneLabWorkSpace/Katrine_workspace/AudioMothSync/OKLG-8-Sync2/OKLG-8-F3/OKLG-8-F3_20250615_183000.WAV"", ""/media/UofA/BU_Work/BayneLabWorkSpace/Katrine_workspace/AudioMothSync/OKLG-8-Sync2/OKLG-8-F2/OKLG-8-F2_20250615_183000.WAV"", ""/media/UofA/BU_Work/BayneLabWorkSpace/Katrine_workspace/AudioMothSync/OKLG-8-Sync2/OKLG-8-F4/OKLG-8-F4_20250615_183000.WAV"", ""/media/UofA/BU_Work/BayneLabWorkSpace/Katrine_workspace/AudioMothSync/OKLG-8-Sync2/OKLG-8-E2/OKLG-8-E2_20250615_183000.WAV""]","[[306217.233, 5466515.538, 675.7704], [306182.3222, 5466520.693, 678.7913], [306182.8221, 5466554.969, 686.2647], [306216.821, 5466481.42, 669.0224], [306250.0248, 5466517.354, 676.9194], [306252.7451, 5466552.269, 682.6024], [306250.9492, 5466481.06, 668.1608], [306217.0531, 5466551.09, 683.3621]]",True,True,inside_10m,2025-06-15 18:30:10.000,1227,/media/UofA/BU_Work/BayneLabWorkSpace/Katrine_workspace/Localization_per_day/OKLG-8-20250615/minspec_clips/1227.wav,True,2025-06-15 11:30:10.000,9.804482,6.1584873,-4.842047,1.1266513,5.4931912,17,10,5
2025-06-15 15:24:16+00:00,306247.9819171905,5466520.934307342,676.1005053629171,0.2346265251894193,0.2462056217094262,6,"[""E2"", ""F1"", ""F3"", ""E1"", ""E3"", ""F2""]","[""/media/UofA/BU_Work/BayneLabWorkSpace/Katrine_workspace/AudioMothSync/OKLG-8-Sync2/OKLG-8-E2/OKLG-8-E2_20250615_150000.WAV"", ""/media/UofA/BU_Work/BayneLabWorkSpace/Katrine_workspace/AudioMothSync/OKLG-8-Sync2/OKLG-8-F1/OKLG-8-F1_20250615_150000.WAV"", ""/media/UofA/BU_Work/BayneLabWorkSpace/Katrine_workspace/AudioMothSync/OKLG-8-Sync2/OKLG-8-F3/OKLG-8-F3_20250615_150000.WAV"", ""/media/UofA/BU_Work/BayneLabWorkSpace/Katrine_workspace/AudioMothSync/OKLG-8-Sync2/OKLG-8-E1/OKLG-8-E1_20250615_150000.WAV"", ""/media/UofA/BU_Work/BayneLabWorkSpace/Katrine_workspace/AudioMothSync/OKLG-8-Sync2/OKLG-8-E3/OKLG-8-E3_20250615_150000.WAV"", ""/media/UofA/BU_Work/BayneLabWorkSpace/Katrine_workspace/AudioMothSync/OKLG-8-Sync2/OKLG-8-F2/OKLG-8-F2_20250615_150000.WAV""]","[[306217.0531, 5466551.09, 683.3621], [306254.0111, 5466588.298, 690.7812], [306250.0248, 5466517.354, 676.9194], [306217.3318, 5466587.32, 691.8683], [306217.233, 5466515.538, 675.7704], [306252.7451, 5466552.269, 682.6024]]",True,True,inside_10m,2025-06-15 15:24:16.000,888,/media/UofA/BU_Work/BayneLabWorkSpace/Katrine_workspace/Localization_per_day/OKLG-8-20250615/minspec_clips/888.wav,True,2025-06-15 08:24:16.000,-8.855692,-10.228006,9.898558,-4.6092086,0.12358425,10,1,2
2025-06-15 18:33:58+00:00,306247.88947645394,5466521.4491904285,676.473083475528,0.0121645497466836,0.2442494161427021,5,"[""E3"", ""F2"", ""D3"", ""F3"", ""E2""]","[""/media/UofA/BU_Work/BayneLabWorkSpace/Katrine_workspace/AudioMothSync/OKLG-8-Sync2/OKLG-8-E3/OKLG-8-E3_20250615_183000.WAV"", ""/media/UofA/BU_Work/BayneLabWorkSpace/Katrine_workspace/AudioMothSync/OKLG-8-Sync2/OKLG-8-F2/OKLG-8-F2_20250615_183000.WAV"", ""/media/UofA/BU_Work/BayneLabWorkSpace/Katrine_workspace/AudioMothSync/OKLG-8-Sync2/OKLG-8-D3/OKLG-8-D3_20250615_183000.WAV"", ""/media/UofA/BU_Work/BayneLabWorkSpace/Katrine_workspace/AudioMothSync/OKLG-8-Sync2/OKLG-8-F3/OKLG-8-F3_20250615_183000.WAV"", ""/media/UofA/BU_Work/BayneLabWorkSpace/Katrine_workspace/AudioMothSync/OKLG-8-Sync2/OKLG-8-E2/OKLG-8-E2_20250615_183000.WAV""]","[[306217.233, 5466515.538, 675.7704], [306252.7451, 5466552.269, 682.6024], [306182.3222, 5466520.693, 678.7913], [306250.0248, 5466517.354, 676.9194], [306217.0531, 5466551.09, 683.3621]]",True,True,inside_10m,2025-06-15 18:33:58.000,1231,/media/UofA/BU_Work/BayneLabWorkSpace/Katrine_workspace/Localization_per_day/OKLG-8-20250615/minspec_clips/1231.wav,True,2025-06-15 11:33:58.000,4.991138,13.379904,-7.2199526,4.3408093,-0.18220736,5,5,10
2025-06-15 18:33:58+00:00,306247.88947645394,5466521.4491904285,676.473083475528,0.0121645497466836,0.2442494161427021,5,"[""E3"", ""F2"", ""D3"", ""F3"", ""E2""]","[""/media/UofA/BU_Work/BayneLabWorkSpace/Katrine_workspace/AudioMothSync/OKLG-8-Sync2/OKLG-8-E3/OKLG-8-E3_20250615_183000.WAV"", ""/media/UofA/BU_Work/BayneLabWorkSpace/Katrine_workspace/AudioMothSync/OKLG-8-Sync2/OKLG-8-F2/OKLG-8-F2_20250615_183000.WAV"", ""/media/UofA/BU_Work/BayneLabWorkSpace/Katrine_workspace/AudioMothSync/OKLG-8-Sync2/OKLG-8-D3/OKLG-8-D3_20250615_183000.WAV"", ""/media/UofA/BU_Work/BayneLabWorkSpace/Katrine_workspace/AudioMothSync/OKLG-8-Sync2/OKLG-8-F3/OKLG-8-F3_20250615_183000.WAV"", ""/media/UofA/BU_Work/BayneLabWorkSpace/Katrine_workspace/AudioMothSync/OKLG-8-Sync2/OKLG-8-E2/OKLG-8-E2_20250615_183000.WAV""]","[[306217.233, 5466515.538, 675.7704], [306252.7451, 5466552.269, 682.6024], [306182.3222, 5466520.693, 678.7913], [306250.0248, 5466517.354, 676.9194], [306217.0531, 5466551.09, 683.3621]]",True,True,inside_10m,2025-06-15 18:33:58.000,1231,/media/UofA/BU_Work/BayneLabWorkSpace/Katrine_workspace/Localization_per_day/OKLG-8-20250615/minspec_clips/1231.wav,True,2025-06-15 11:33:58.000,4.991233,13.379878,-7.219962,4.340836,-0.18219325,5,5,10
2025-06-15 12:14:31.500000+00:00,306247.927684204,5466521.075740925,677.0710962004638,0.6262638687952388,0.1761539329309016,8,"[""E3"", ""F3"", ""D3"", ""E4"", ""E2"", ""D4"", ""F2"", ""F4""]","[""/media/UofA/BU_Work/BayneLabWorkSpace/Katrine_workspace/AudioMothSync/OKLG-8-Sync2/OKLG-8-E3/OKLG-8-E3_20250615_120000.WAV"", ""/media/UofA/BU_Work/BayneLabWorkSpace/Katrine_workspace/AudioMothSync/OKLG-8-Sync2/OKLG-8-F3/OKLG-8-F3_20250615_120000.WAV"", ""/media/UofA/BU_Work/BayneLabWorkSpace/Katrine_workspace/AudioMothSync/OKLG-8-Sync2/OKLG-8-D3/OKLG-8-D3_20250615_120000.WAV"", ""/media/UofA/BU_Work/BayneLabWorkSpace/Katrine_workspace/AudioMothSync/OKLG-8-Sync2/OKLG-8-E4/OKLG-8-E4_20250615_120000.WAV"", ""/media/UofA/BU_Work/BayneLabWorkSpace/Katrine_workspace/AudioMothSync/OKLG-8-Sync2/OKLG-8-E2/OKLG-8-E2_20250615_120000.WAV"", ""/media/UofA/BU_Work/BayneLabWorkSpace/Katrine_workspace/AudioMothSync/OKLG-8-Sync2/OKLG-8-D4/OKLG-8-D4_20250615_120000.WAV"", ""/media/UofA/BU_Work/BayneLabWorkSpace/Katrine_workspace/AudioMothSync/OKLG-8-Sync2/OKLG-8-F2/OKLG-8-F2_20250615_120000.WAV"", ""/media/UofA/BU_Work/BayneLabWorkSpace/Katrine_workspace/AudioMothSync/OKLG-8-Sync2/OKLG-8-F4/OKLG-8-F4_20250615_120000.WAV""]","[[306217.233, 5466515.538, 675.7704], [306250.0248, 5466517.354, 676.9194], [306182.3222, 5466520.693, 678.7913], [306216.821, 5466481.42, 669.0224], [306217.0531, 5466551.09, 683.3621], [306181.8788, 5466484.067, 671.3749], [306252.7451, 5466552.269, 682.6024], [306250.9492, 5466481.06, 668.1608]]",True,True,inside_10m,2025-06-15 12:14:31.500,186,/media/UofA/BU_Work/BayneLabWorkSpace/Katrine_workspace/Localization_per_day/OKLG-8-20250615/minspec_clips/186.wav,True,2025-06-15 05:14:31.500,8.834906,7.9204993,-3.7951283,3.1666014,5.1464057,17,10,5
2025-06-15 11:31:01.500000+00:00,306262.3630429046,5466598.279195092,692.3712806599324,0.4658999530539947,0.1503433560331662,9,"[""F2"", ""G3"", ""F3"", ""E1"", ""G1"", ""G2"", ""E2"", ""E3"", ""F1""]","[""/media/UofA/BU_Work/BayneLabWorkSpace/Katrine_workspace/AudioMothSync/OKLG-8-Sync2/OKLG-8-F2/OKLG-8-F2_20250615_110000.WAV"", ""/media/UofA/BU_Work/BayneLabWorkSpace/Katrine_workspace/AudioMothSync/OKLG-8-Sync2/OKLG-8-G3/OKLG-8-G3_20250615_110000.WAV"", ""/media/UofA/BU_Work/BayneLabWorkSpace/Katrine_workspace/AudioMothSync/OKLG-8-Sync2/OKLG-8-F3/OKLG-8-F3_20250615_110000.WAV"", ""/media/UofA/BU_Work/BayneLabWorkSpace/Katrine_workspace/AudioMothSync/OKLG-8-Sync2/OKLG-8-E1/OKLG-8-E1_20250615_110000.WAV"", ""/media/UofA/BU_Work/BayneLabWorkSpace/Katrine_workspace/AudioMothSync/OKLG-8-Sync2/OKLG-8-G1/OKLG-8-G1_20250615_110000.WAV"", ""/media/UofA/BU_Work/BayneLabWorkSpace/Katrine_workspace/AudioMothSync/OKLG-8-Sync2/OKLG-8-G2/OKLG-8-G2_20250615_110000.WAV"", ""/media/UofA/BU_Work/BayneLabWorkSpace/Katrine_workspace/AudioMothSync/OKLG-8-Sync2/OKLG-8-E2/OKLG-8-E2_20250615_110000.WAV"", ""/media/UofA/BU_Work/BayneLabWorkSpace/Katrine_workspace/AudioMothSync/OKLG-8-Sync2/OKLG-8-E3/OKLG-8-E3_20250615_110000.WAV"", ""/media/UofA/BU_Work/BayneLabWorkSpace/Katrine_workspace/AudioMothSync/OKLG-8-Sync2/OKLG-8-F1/OKLG-8-F1_20250615_110000.WAV""]","[[306252.7451, 5466552.269, 682.6024], [306286.6237, 5466518.56, 675.3752], [306250.0248, 5466517.354, 676.9194], [306217.3318, 5466587.32, 691.8683], [306287.4446, 5466588.531, 687.2285], [306286.9994, 5466553.45, 679.9404], [306217.0531, 5466551.09, 683.3621], [306217.233, 5466515.538, 675.7704], [306254.0111, 5466588.298, 690.7812]]",False,True,between_10_15m,2025-06-15 11:31:01.500,9,/media/UofA/BU_Work/BayneLabWorkSpace/Katrine_workspace/Localization_per_day/OKLG-8-20250615/minspec_clips/9.wav,True,2025-06-15 04:31:01.500,5.81117,14.483665,-8.854732,4.481918,-0.54035324,5,5,10
2025-06-15 12:53:43.500000+00:00,306247.47375545284,5466521.105943689,677.9072364216543,0.3816780185476952,0.2671837992966175,5,"[""G3"", ""F3"", ""F4"", ""F2"", ""G4""]","[""/media/UofA/BU_Work/BayneLabWorkSpace/Katrine_workspace/AudioMothSync/OKLG-8-Sync2/OKLG-8-G3/OKLG-8-G3_20250615_123000.WAV"", ""/media/UofA/BU_Work/BayneLabWorkSpace/Katrine_workspace/AudioMothSync/OKLG-8-Sync2/OKLG-8-F3/OKLG-8-F3_20250615_123000.WAV"", ""/media/UofA/BU_Work/BayneLabWorkSpace/Katrine_workspace/AudioMothSync/OKLG-8-Sync2/OKLG-8-F4/OKLG-8-F4_20250615_123000.WAV"", ""/media/UofA/BU_Work/BayneLabWorkSpace/Katrine_workspace/AudioMothSync/OKLG-8-Sync2/OKLG-8-F2/OKLG-8-F2_20250615_123000.WAV"", ""/media/UofA/BU_Work/BayneLabWorkSpace/Katrine_workspace/AudioMothSync/OKLG-8-Sync2/OKLG-8-G4/OKLG-8-G4_20250615_123000.WAV""]","[[306286.6237, 5466518.56, 675.3752], [306250.0248, 5466517.354, 676.9194], [306250.9492, 5466481.06, 668.1608], [306252.7451, 5466552.269, 682.6024], [306285.9765, 5466480.944, 666.9948]]",False,True,inside_10m,2025-06-15 12:53:43.500,322,/media/UofA/BU_Work/BayneLabWorkSpace/Katrine_workspace/Localization_per_day/OKLG-8-20250615/minspec_clips/322.wav,True,2025-06-15 05:53:43.500,8.763668,-8.173985,4.063855,3.3905075,3.4642208,13,4,4
2025-06-15 12:11:46+00:00,306247.85347990296,5466521.051231238,677.8501420439746,0.3364116030754498,0.2724008738994598,5,"[""G3"", ""F4"", ""G4"", ""F2"", ""F3""]","[""/media/UofA/BU_Work/BayneLabWorkSpace/Katrine_workspace/AudioMothSync/OKLG-8-Sync2/OKLG-8-G3/OKLG-8-G3_20250615_120000.WAV"", ""/media/UofA/BU_Work/BayneLabWorkSpace/Katrine_workspace/AudioMothSync/OKLG-8-Sync2/OKLG-8-F4/OKLG-8-F4_20250615_120000.WAV"", ""/media/UofA/BU_Work/BayneLabWorkSpace/Katrine_workspace/AudioMothSync/OKLG-8-Sync2/OKLG-8-G4/OKLG-8-G4_20250615_120000.WAV"", ""/media/UofA/BU_Work/BayneLabWorkSpace/Katrine_workspace/AudioMothSync/OKLG-8-Sync2/OKLG-8-F2/OKLG-8-F2_20250615_120000.WAV"", ""/media/UofA/BU_Work/BayneLabWorkSpace/Katrine_workspace/AudioMothSync/OKLG-8-Sync2/OKLG-8-F3/OKLG-8-F3_20250615_120000.WAV""]","[[306286.6237, 5466518.56, 675.3752], [306250.9492, 5466481.06, 668.1608], [306285.9765, 5466480.944, 666.9948], [306252.7451, 5466552.269, 682.6024], [306250.0248, 5466517.354, 676.9194]]",False,True,inside_10m,2025-06-15 12:11:46.000,176,/media/UofA/BU_Work/BayneLabWorkSpace/Katrine_workspace/Localization_per_day/OKLG-8-20250615/minspec_clips/176.wav,True,2025-06-15 05:11:46.000,8.567419,-11.10202,4.490997,1.4294068,4.1524353,13,4,4
2025-06-15 17:41:43.500000+00:00,306231.4698343314,5466452.125554075,662.4087097096424,0.1559628462661528,0.2007212231733969,7,"[""E6"", ""D6"", ""D7"", ""D5"", ""F7"", ""E5"", ""F5""]","[""/media/UofA/BU_Work/BayneLabWorkSpace/Katrine_workspace/AudioMothSync/OKLG-8-Sync2/OKLG-8-E6/OKLG-8-E6_20250615_173000.WAV"", ""/media/UofA/BU_Work/BayneLabWorkSpace/Katrine_workspace/AudioMothSync/OKLG-8-Sync2/OKLG-8-D6/OKLG-8-D6_20250615_173000.WAV"", ""/media/UofA/BU_Work/BayneLabWorkSpace/Katrine_workspace/AudioMothSync/OKLG-8-Sync2/OKLG-8-D7/OKLG-8-D7_20250615_173000.WAV"", ""/media/UofA/BU_Work/BayneLabWorkSpace/Katrine_workspace/AudioMothSync/OKLG-8-Sync2/OKLG-8-D5/OKLG-8-D5_20250615_173000.WAV"", ""/media/UofA/BU_Work/BayneLabWorkSpace/Katrine_workspace/AudioMothSync/OKLG-8-Sync2/OKLG-8-F7/OKLG-8-F7_20250615_173000.WAV"", ""/media/UofA/BU_Work/BayneLabWorkSpace/Katrine_workspace/AudioMothSync/OKLG-8-Sync2/OKLG-8-E5/OKLG-8-E5_20250615_173000.WAV"", ""/media/UofA/BU_Work/BayneLabWorkSpace/Katrine_workspace/AudioMothSync/OKLG-8-Sync2/OKLG-8-F5/OKLG-8-F5_20250615_173000.WAV""]","[[306218.2784, 5466411.837, 654.7701], [306182.7549, 5466414.233, 658.2178], [306182.4104, 5466378.292, 650.5595], [306182.6993, 5466449.16, 664.3166], [306252.6819, 5466376.297, 646.3673], [306217.4541, 5466446.981, 661.48], [306252.7138, 5466447.403, 661.4525]]",False,True,inside_10m,2025-06-15 17:41:43.500,1149,/media/UofA/BU_Work/BayneLabWorkSpace/Katrine_workspace/Localization_per_day/OKLG-8-20250615/minspec_clips/1149.wav,True,2025-06-15 10:41:43.500,9.443173,4.3091154,-4.1292725,-0.861276,5.954963,17,10,5
2025-06-15 12:31:25.500000+00:00,306098.6510915287,5466454.619696911,669.9711996464274,0.5150346330623577,0.2511902526021004,6,"[""A4"", ""B4"", ""A5"", ""B5"", ""A3"", ""B3""]","[""/media/UofA/BU_Work/BayneLabWorkSpace/Katrine_workspace/AudioMothSync/OKLG-8-Sync2/OKLG-8-A4/OKLG-8-A4_20250615_120000.WAV"", ""/media/UofA/BU_Work/BayneLabWorkSpace/Katrine_workspace/AudioMothSync/OKLG-8-Sync2/OKLG-8-B4/OKLG-8-B4_20250615_120000.WAV"", ""/media/UofA/BU_Work/BayneLabWorkSpace/Katrine_workspace/AudioMothSync/OKLG-8-Sync2/OKLG-8-A5/OKLG-8-A5_20250615_120000.WAV"", ""/media/UofA/BU_Work/BayneLabWorkSpace/Katrine_workspace/AudioMothSync/OKLG-8-Sync2/OKLG-8-B5/OKLG-8-B5_20250615_120000.WAV"", ""/media/UofA/BU_Work/BayneLabWorkSpace/Katrine_workspace/AudioMothSync/OKLG-8-Sync2/OKLG-8-A3/OKLG-8-A3_20250615_120000.WAV"", ""/media/UofA/BU_Work/BayneLabWorkSpace/Katrine_workspace/AudioMothSync/OKLG-8-Sync2/OKLG-8-B3/OKLG-8-B3_20250615_120000.WAV""]","[[306078.1234, 5466479.932, 674.0501], [306111.0449, 5466482.88, 674.4223], [306078.0093, 5466445.764, 669.6194], [306111.1537, 5466446.859, 669.597], [306077.2517, 5466514.84, 679.3638], [306110.3586, 5466518.038, 679.7918]]",True,True,between_10_15m,2025-06-15 12:31:25.500,222,/media/UofA/BU_Work/BayneLabWorkSpace/Katrine_workspace/Localization_per_day/OKLG-8-20250615/minspec_clips/222.wav,True,2025-06-15 05:31:25.500,-7.782378,-13.412412,8.472189,-2.0294602,-1.4843236,10,1,2
2025-06-15 17:49:01.500000+00:00,306231.56556958583,5466452.0591352,661.9118112913259,0.0686147824382292,0.2588052362203598,5,"[""D4"", ""D5"", ""E4"", ""E3"", ""E5""]","[""/media/UofA/BU_Work/BayneLabWorkSpace/Katrine_workspace/AudioMothSync/OKLG-8-Sync2/OKLG-8-D4/OKLG-8-D4_20250615_173000.WAV"", ""/media/UofA/BU_Work/BayneLabWorkSpace/Katrine_workspace/AudioMothSync/OKLG-8-Sync2/OKLG-8-D5/OKLG-8-D5_20250615_173000.WAV"", ""/media/UofA/BU_Work/BayneLabWorkSpace/Katrine_workspace/AudioMothSync/OKLG-8-Sync2/OKLG-8-E4/OKLG-8-E4_20250615_173000.WAV"", ""/media/UofA/BU_Work/BayneLabWorkSpace/Katrine_workspace/AudioMothSync/OKLG-8-Sync2/OKLG-8-E3/OKLG-8-E3_20250615_173000.WAV"", ""/media/UofA/BU_Work/BayneLabWorkSpace/Katrine_workspace/AudioMothSync/OKLG-8-Sync2/OKLG-8-E5/OKLG-8-E5_20250615_173000.WAV""]","[[306181.8788, 5466484.067, 671.3749], [306182.6993, 5466449.16, 664.3166], [306216.821, 5466481.42, 669.0224], [306217.233, 5466515.538, 675.7704], [306217.4541, 5466446.981, 661.48]]",False,True,between_10_15m,2025-06-15 17:49:01.500,1173,/media/UofA/BU_Work/BayneLabWorkSpace/Katrine_workspace/Localization_per_day/OKLG-8-20250615/minspec_clips/1173.wav,True,2025-06-15 10:49:01.500,-0.44160524,21.532478,-8.942866,-1.5875,-3.860945,2,2,3
2025-06-15 17:50:43.500000+00:00,306231.5957477882,5466452.193353244,661.8453642044616,0.0883033431360706,0.215977738478354,7,"[""E4"", ""F5"", ""F4"", ""E5"", ""D5"", ""F3"", ""E3""]","[""/media/UofA/BU_Work/BayneLabWorkSpace/Katrine_workspace/AudioMothSync/OKLG-8-Sync2/OKLG-8-E4/OKLG-8-E4_20250615_173000.WAV"", ""/media/UofA/BU_Work/BayneLabWorkSpace/Katrine_workspace/AudioMothSync/OKLG-8-Sync2/OKLG-8-F5/OKLG-8-F5_20250615_173000.WAV"", ""/media/UofA/BU_Work/BayneLabWorkSpace/Katrine_workspace/AudioMothSync/OKLG-8-Sync2/OKLG-8-F4/OKLG-8-F4_20250615_173000.WAV"", ""/media/UofA/BU_Work/BayneLabWorkSpace/Katrine_workspace/AudioMothSync/OKLG-8-Sync2/OKLG-8-E5/OKLG-8-E5_20250615_173000.WAV"", ""/media/UofA/BU_Work/BayneLabWorkSpace/Katrine_workspace/AudioMothSync/OKLG-8-Sync2/OKLG-8-D5/OKLG-8-D5_20250615_173000.WAV"", ""/media/UofA/BU_Work/BayneLabWorkSpace/Katrine_workspace/AudioMothSync/OKLG-8-Sync2/OKLG-8-F3/OKLG-8-F3_20250615_173000.WAV"", ""/media/UofA/BU_Work/BayneLabWorkSpace/Katrine_workspace/AudioMothSync/OKLG-8-Sync2/OKLG-8-E3/OKLG-8-E3_20250615_173000.WAV""]","[[306216.821, 5466481.42, 669.0224], [306252.7138, 5466447.403, 661.4525], [306250.9492, 5466481.06, 668.1608], [306217.4541, 5466446.981, 661.48], [306182.6993, 5466449.16, 664.3166], [306250.0248, 5466517.354, 676.9194], [306217.233, 5466515.538, 675.7704]]",True,True,inside_10m,2025-06-15 17:50:43.500,1183,/media/UofA/BU_Work/BayneLabWorkSpace/Katrine_workspace/Localization_per_day/OKLG-8-20250615/minspec_clips/1183.wav,True,2025-06-15 10:50:43.500,-0.1709961,20.972486,-9.972085,-1.6311421,-3.7857707,2,2,3
2025-06-15 17:05:52+00:00,306258.9052763045,5466468.720863899,665.9937833748423,0.1563019671642784,0.2582187615334987,5,"[""F3"", ""F4"", ""E4"", ""E2"", ""G4""]","[""/media/UofA/BU_Work/BayneLabWorkSpace/Katrine_workspace/AudioMothSync/OKLG-8-Sync2/OKLG-8-F3/OKLG-8-F3_20250615_170000.WAV"", ""/media/UofA/BU_Work/BayneLabWorkSpace/Katrine_workspace/AudioMothSync/OKLG-8-Sync2/OKLG-8-F4/OKLG-8-F4_20250615_170000.WAV"", ""/media/UofA/BU_Work/BayneLabWorkSpace/Katrine_workspace/AudioMothSync/OKLG-8-Sync2/OKLG-8-E4/OKLG-8-E4_20250615_170000.WAV"", ""/media/UofA/BU_Work/BayneLabWorkSpace/Katrine_workspace/AudioMothSync/OKLG-8-Sync2/OKLG-8-E2/OKLG-8-E2_20250615_170000.WAV"", ""/media/UofA/BU_Work/BayneLabWorkSpace/Katrine_workspace/AudioMothSync/OKLG-8-Sync2/OKLG-8-G4/OKLG-8-G4_20250615_170000.WAV""]","[[306250.0248, 5466517.354, 676.9194], [306250.9492, 5466481.06, 668.1608], [306216.821, 5466481.42, 669.0224], [306217.0531, 5466551.09, 683.3621], [306285.9765, 5466480.944, 666.9948]]",False,True,between_10_15m,2025-06-15 17:05:52.000,1100,/media/UofA/BU_Work/BayneLabWorkSpace/Katrine_workspace/Localization_per_day/OKLG-8-20250615/minspec_clips/1100.wav,True,2025-06-15 10:05:52.000,-2.3355777,21.07189,-9.164099,0.15279742,-5.1765203,2,2,3
2025-06-15 17:47:31.500000+00:00,306231.4523943113,5466452.181256309,661.7903157016908,0.1134801427269468,0.1906153098680079,8,"[""E5"", ""D5"", ""E6"", ""E4"", ""F4"", ""F5"", ""D4"", ""D6""]","[""/media/UofA/BU_Work/BayneLabWorkSpace/Katrine_workspace/AudioMothSync/OKLG-8-Sync2/OKLG-8-E5/OKLG-8-E5_20250615_173000.WAV"", ""/media/UofA/BU_Work/BayneLabWorkSpace/Katrine_workspace/AudioMothSync/OKLG-8-Sync2/OKLG-8-D5/OKLG-8-D5_20250615_173000.WAV"", ""/media/UofA/BU_Work/BayneLabWorkSpace/Katrine_workspace/AudioMothSync/OKLG-8-Sync2/OKLG-8-E6/OKLG-8-E6_20250615_173000.WAV"", ""/media/UofA/BU_Work/BayneLabWorkSpace/Katrine_workspace/AudioMothSync/OKLG-8-Sync2/OKLG-8-E4/OKLG-8-E4_20250615_173000.WAV"", ""/media/UofA/BU_Work/BayneLabWorkSpace/Katrine_workspace/AudioMothSync/OKLG-8-Sync2/OKLG-8-F4/OKLG-8-F4_20250615_173000.WAV"", ""/media/UofA/BU_Work/BayneLabWorkSpace/Katrine_workspace/AudioMothSync/OKLG-8-Sync2/OKLG-8-F5/OKLG-8-F5_20250615_173000.WAV"", ""/media/UofA/BU_Work/BayneLabWorkSpace/Katrine_workspace/AudioMothSync/OKLG-8-Sync2/OKLG-8-D4/OKLG-8-D4_20250615_173000.WAV"", ""/media/UofA/BU_Work/BayneLabWorkSpace/Katrine_workspace/AudioMothSync/OKLG-8-Sync2/OKLG-8-D6/OKLG-8-D6_20250615_173000.WAV""]","[[306217.4541, 5466446.981, 661.48], [306182.6993, 5466449.16, 664.3166], [306218.2784, 5466411.837, 654.7701], [306216.821, 5466481.42, 669.0224], [306250.9492, 5466481.06, 668.1608], [306252.7138, 5466447.403, 661.4525], [306181.8788, 5466484.067, 671.3749], [306182.7549, 5466414.233, 658.2178]]",True,True,between_10_15m,2025-06-15 17:47:31.500,1165,/media/UofA/BU_Work/BayneLabWorkSpace/Katrine_workspace/Localization_per_day/OKLG-8-20250615/minspec_clips/1165.wav,True,2025-06-15 10:47:31.500,7.943604,6.2246523,-2.759403,0.6503774,4.405293,17,10,5
2025-06-15 17:35:07.500000+00:00,306247.72600192484,5466521.413360827,677.4557705584577,0.1938531051352288,0.1597728269795576,9,"[""E3"", ""D3"", ""D4"", ""F2"", ""E2"", ""D2"", ""F4"", ""E4"", ""F3""]","[""/media/UofA/BU_Work/BayneLabWorkSpace/Katrine_workspace/AudioMothSync/OKLG-8-Sync2/OKLG-8-E3/OKLG-8-E3_20250615_170000.WAV"", ""/media/UofA/BU_Work/BayneLabWorkSpace/Katrine_workspace/AudioMothSync/OKLG-8-Sync2/OKLG-8-D3/OKLG-8-D3_20250615_170000.WAV"", ""/media/UofA/BU_Work/BayneLabWorkSpace/Katrine_workspace/AudioMothSync/OKLG-8-Sync2/OKLG-8-D4/OKLG-8-D4_20250615_170000.WAV"", ""/media/UofA/BU_Work/BayneLabWorkSpace/Katrine_workspace/AudioMothSync/OKLG-8-Sync2/OKLG-8-F2/OKLG-8-F2_20250615_170000.WAV"", ""/media/UofA/BU_Work/BayneLabWorkSpace/Katrine_workspace/AudioMothSync/OKLG-8-Sync2/OKLG-8-E2/OKLG-8-E2_20250615_170000.WAV"", ""/media/UofA/BU_Work/BayneLabWorkSpace/Katrine_workspace/AudioMothSync/OKLG-8-Sync2/OKLG-8-D2/OKLG-8-D2_20250615_170000.WAV"", ""/media/UofA/BU_Work/BayneLabWorkSpace/Katrine_workspace/AudioMothSync/OKLG-8-Sync2/OKLG-8-F4/OKLG-8-F4_20250615_170000.WAV"", ""/media/UofA/BU_Work/BayneLabWorkSpace/Katrine_workspace/AudioMothSync/OKLG-8-Sync2/OKLG-8-E4/OKLG-8-E4_20250615_170000.WAV"", ""/media/UofA/BU_Work/BayneLabWorkSpace/Katrine_workspace/AudioMothSync/OKLG-8-Sync2/OKLG-8-F3/OKLG-8-F3_20250615_170000.WAV""]","[[306217.233, 5466515.538, 675.7704], [306182.3222, 5466520.693, 678.7913], [306181.8788, 5466484.067, 671.3749], [306252.7451, 5466552.269, 682.6024], [306217.0531, 5466551.09, 683.3621], [306182.8221, 5466554.969, 686.2647], [306250.9492, 5466481.06, 668.1608], [306216.821, 5466481.42, 669.0224], [306250.0248, 5466517.354, 676.9194]]",True,True,inside_10m,2025-06-15 17:35:07.500,1116,/media/UofA/BU_Work/BayneLabWorkSpace/Katrine_workspace/Localization_per_day/OKLG-8-20250615/minspec_clips/1116.wav,True,2025-06-15 10:35:07.500,-3.9328117,7.30885,-2.1892877,-4.768961,2.452338,22,8,11
